signal_id,ehtimollik
SG_000001,0.17440789291892841
SG_000007,0.2177293149221804
SG_000009,0.12458205656189024
SG_000010,0.12729554697607148
SG_000011,0.09548366918395727
SG_000018,0.19823789609847353
SG_000024,0.20517985299139982
SG_000026,0.15311587796383816
SG_000032,0.17846513916022821
SG_000033,0.2589426034949165
SG_000034,0.13926002092215778
SG_000036,0.14274015735875237
SG_000039,0.15835230101015185
SG_000048,0.14216195817549265
SG_000049,0.18864150275052585
SG_000050,0.202048900200274
SG_000053,0.11773094872150763
SG_000054,0.2068250735366083
SG_000055,0.16057762908663317
SG_000058,0.17304010886104076
SG_000059,0.18932010259266924
SG_000061,0.198022589173868
SG_000062,0.15730754963178406
SG_000072,0.1511596637701861
SG_000073,0.16154682450489835
SG_000075,0.21773243739669465
SG_000080,0.23486995015191786
SG_000081,0.1859320788816761
SG_000083,0.12340093883763578
SG_000086,0.20015275862100548
SG_000087,0.2701240255857828
SG_000092,0.1725969077513698
SG_000099,0.18968784808972122
SG_000100,0.14338687621755436
SG_000105,0.13311590951032104
SG_000106,0.25086570354797055
SG_000107,0.09548366918395727
SG_000118,0.1748232954431634
SG_000120,0.16986736436080963
SG_000125,0.14489862836209047
SG_000129,0.1523567990877351
SG_000137,0.19090735203457782
SG_000146,0.17384104145658621
SG_000147,0.21403059005398237
SG_000149,0.1678505553508471
SG_000153,0.17534323385371925
SG_000161,0.14169616130878235
SG_000163,0.1354460300837391
SG_000165,0.1958324840465135
SG_000173,0.13484839690773287
SG_000178,0.1746667839923673
SG_000179,0.1410257670574569
SG_000187,0.24026172364031376
SG_000192,0.11531843132807301
SG_000193,0.2688753860634031
SG_000195,0.205950727922812
SG_000196,0.21346580729006875
SG_000201,0.1210269357052092
SG_000203,0.18799686140842778
SG_000205,0.29762284419911456
SG_000207,0.1665495125842581
SG_000211,0.23170184202442917
SG_000214,0.14391289256227563
SG_000217,0.11456770212672836
SG_000218,0.28025880409382264
SG_000219,0.1972042365367772
SG_000227,0.16848733598571874
SG_000229,0.12789165957650464
SG_000232,0.1840401149824131
SG_000240,0.16748436620524793
SG_000242,0.1908901580171518
SG_000244,0.1796263887619131
SG_000246,0.14663045795567536
SG_000250,0.20574841771115707
SG_000253,0.17618190852868512
SG_000262,0.18383157663613284
SG_000269,0.25980654941598197
SG_000270,0.15005368374903896
SG_000271,0.20159079086778134
SG_000284,0.18171794594412213
SG_000286,0.20386833192095893
SG_000287,0.1454429345199406
SG_000290,0.2821850658586925
SG_000291,0.1471374210636384
SG_000301,0.1874537875270135
SG_000302,0.17030995633966084
SG_000304,0.1483887439109756
SG_000306,0.2270505221711541
SG_000309,0.12452151255352625
SG_000314,0.19970823550703498
SG_000319,0.15775156593732145
SG_000320,0.1408173261817583
SG_000321,0.16445211212591834
SG_000325,0.23173354845459082
SG_000328,0.1826473043463775
SG_000329,0.1483988575305412
SG_000333,0.23472357271410266
SG_000334,0.18285158587250547
SG_000335,0.17116426747751404
SG_000339,0.10304312741618538
SG_000341,0.11445541733682316
SG_000345,0.2550139897162271
SG_000347,0.13463999295220133
SG_000349,0.12452151255352625
SG_000350,0.13119254617374548
SG_000351,0.12374234811353892
SG_000357,0.14222886432113113
SG_000360,0.14842875007368103
SG_000366,0.24042504046221364
SG_000368,0.1745948159310467
SG_000370,0.16153741671413072
SG_000378,0.1547267879402044
SG_000386,0.1488167665495641
SG_000394,0.14197016700797496
SG_000395,0.15010002804923356
SG_000397,0.2660678551601874
SG_000398,0.1525893982004753
SG_000401,0.17378675006750616
SG_000402,0.1682778643452415
SG_000414,0.190287965307052
SG_000415,0.24402175778958216
SG_000419,0.21677040378223683
SG_000420,0.19924253252655988
SG_000422,0.2052050368628607
SG_000425,0.15181715668863896
SG_000430,0.1440215132792657
SG_000431,0.13583175979632375
SG_000435,0.09548366918395727
SG_000436,0.13119254617374548
SG_000440,0.13719816648509603
SG_000444,0.15368464974081616
SG_000450,0.16245668810255187
SG_000452,0.15636529732869345
SG_000454,0.1382015954251294
SG_000460,0.18792610763317008
SG_000462,0.14197016700797496
SG_000471,0.14257887174420908
SG_000474,0.1846409364665071
SG_000475,0.200463039367236
SG_000476,0.14227747602652696
SG_000480,0.2057145362234304
SG_000482,0.22718980072125972
SG_000484,0.21955289430896158
SG_000487,0.20949719050209334
SG_000488,0.18279130891647447
SG_000494,0.21738554714807584
SG_000496,0.18849637856512072
SG_000497,0.13228612181715796
SG_000498,0.14792706314506446
SG_000501,0.14368161017560546
SG_000506,0.1307878664780204
SG_000511,0.1410257670574569
SG_000513,0.11486130159956624
SG_000524,0.1508650223582941
SG_000526,0.21935363688303938
SG_000527,0.1311935100829348
SG_000530,0.19018979141180753
SG_000535,0.15115006529600264
SG_000536,0.1745948159310467
SG_000551,0.23268641295823034
SG_000561,0.24033656728944341
SG_000563,0.27480234817563726
SG_000567,0.14665091351595663
SG_000572,0.16857155810266855
SG_000580,0.13895903313080285
SG_000583,0.22249120602416192
SG_000585,0.22242711141153715
SG_000588,0.1329639513588909
SG_000591,0.21761882354310982
SG_000593,0.16237633113032623
SG_000594,0.14056997053920245
SG_000598,0.12225241564095869
SG_000603,0.12458205656189024
SG_000610,0.1508650223582941
SG_000614,0.1556461053452842
SG_000615,0.16829511010561565
SG_000616,0.12461890958761215
SG_000617,0.12806062238950572
SG_000619,0.09548366918395727
SG_000621,0.17150817933328708
SG_000629,0.20351039897059575
SG_000633,0.17157004698661862
SG_000634,0.1749801627681834
SG_000638,0.1744233279567301
SG_000640,0.23422381779997542
SG_000643,0.20727168024260925
SG_000646,0.2527375704073895
SG_000648,0.13619292334020336
SG_000657,0.1301038133227334
SG_000662,0.22685353185014537
SG_000665,0.1412156873683938
SG_000666,0.16237170807620874
SG_000672,0.12420143051781073
SG_000674,0.18039972950169722
SG_000677,0.1355229835154619
SG_000678,0.20167352706035305
SG_000679,0.16885402539059255
SG_000691,0.22707742119836707
SG_000692,0.15525368803541845
SG_000693,0.14576715849212274
SG_000695,0.18184604840425805
SG_000696,0.15467313675883296
SG_000698,0.09548366918395727
SG_000706,0.1354460300837391
SG_000709,0.1623334759198112
SG_000713,0.16048124164828761
SG_000716,0.1572643613909399
SG_000717,0.10301670649820101
SG_000719,0.16969505236134014
SG_000722,0.25426330489628823
SG_000727,0.1623453696920264
SG_000734,0.185853418128794
SG_000737,0.13851213128865966
SG_000739,0.16419420218724176
SG_000742,0.19336149330017308
SG_000743,0.14410744720126398
SG_000750,0.13689988677104745
SG_000751,0.2024217271444101
SG_000759,0.22534315254454754
SG_000762,0.14768211357822436
SG_000764,0.21186849261087326
SG_000768,0.11336790643900173
SG_000769,0.18082730054475363
SG_000770,0.15047385543538544
SG_000788,0.2575472026236741
SG_000790,0.16813500741336904
SG_000797,0.16211568733929763
SG_000798,0.11808206829682773
SG_000799,0.21348487871284047
SG_000802,0.1509786613157198
SG_000803,0.3109244411291351
SG_000809,0.2556304733469649
SG_000811,0.11792435250822683
SG_000812,0.23281771211626395
SG_000816,0.2431195373486073
SG_000817,0.1597504318334806
SG_000820,0.14815779882185615
SG_000821,0.13269821233269777
SG_000826,0.19483484673123613
SG_000840,0.19381808615597756
SG_000849,0.2709204164885641
SG_000851,0.1668124345774301
SG_000856,0.14383881555576228
SG_000857,0.15466283144452786
SG_000864,0.12396530264952202
SG_000865,0.12806062238950572
SG_000875,0.18432953402655766
SG_000883,0.15771057514464715
SG_000888,0.17006668602217206
SG_000889,0.19817595084427778
SG_000890,0.16162925044127222
SG_000891,0.11717426206694094
SG_000903,0.18123838192237507
SG_000907,0.1469013498238051
SG_000909,0.12396530264952202
SG_000910,0.1886991237930692
SG_000911,0.16700695366992915
SG_000912,0.26117917326972684
SG_000913,0.2568353963085302
SG_000917,0.20061202860667177
SG_000920,0.19678941931248387
SG_000928,0.10301670649820101
SG_000934,0.13642115323240128
SG_000935,0.2530479551796292
SG_000938,0.17277923277052118
SG_000940,0.1476590862153606
SG_000943,0.1448926915087771
SG_000945,0.18457196797262018
SG_000946,0.1644757916846454
SG_000948,0.18694981751357248
SG_000950,0.2090122110194146
SG_000954,0.14775588213400048
SG_000959,0.205384523040639
SG_000963,0.1796263887619131
SG_000965,0.21890609144276665
SG_000968,0.1725969077513698
SG_000970,0.24943890490697912
SG_000973,0.12332120456685956
SG_000975,0.12227180967015926
SG_000977,0.1232285587183104
SG_000980,0.2693388076093022
SG_000981,0.19513911026518266
SG_000985,0.17566634076738177
SG_000987,0.21355884987621987
SG_000988,0.14178263869859375
SG_000990,0.15566648068216546
SG_000991,0.19687468805875974
SG_001002,0.2423831830979648
SG_001004,0.21030945220276226
SG_001009,0.12291758904479826
SG_001010,0.17196691386226778
SG_001014,0.1725969077513698
SG_001023,0.17957528393242056
SG_001027,0.11785133448043933
SG_001028,0.186083311270541
SG_001030,0.22179210798039464
SG_001031,0.2151205535011089
SG_001032,0.13119254617374548
SG_001042,0.17300924061426567
SG_001048,0.1574149979158526
SG_001049,0.14621235960715548
SG_001052,0.15335536990488344
SG_001058,0.14357894756159736
SG_001060,0.13462953272990624
SG_001066,0.16626066421026722
SG_001067,0.16545631564920152
SG_001070,0.15072799746530835
SG_001071,0.14374391816669604
SG_001075,0.11336790643900173
SG_001076,0.1545516489490901
SG_001078,0.1796263887619131
SG_001081,0.18938376571711876
SG_001085,0.1483988575305412
SG_001086,0.1570697389943883
SG_001100,0.13675708331882075
SG_001101,0.10301670649820101
SG_001102,0.187970750348137
SG_001106,0.1442587904139111
SG_001107,0.15752019665078978
SG_001108,0.14067459865691087
SG_001109,0.1278232231464686
SG_001111,0.23339629789584032
SG_001117,0.21415876916321502
SG_001121,0.1339175094406982
SG_001123,0.15053556462933945
SG_001125,0.1985381310707161
SG_001126,0.24470841937344603
SG_001128,0.1435787293312004
SG_001133,0.14274015735875237
SG_001135,0.17824547004294186
SG_001143,0.267621446271141
SG_001153,0.11908881104122318
SG_001155,0.27455754941487875
SG_001157,0.21814566086366458
SG_001159,0.15861639558528204
SG_001161,0.1896836398692181
SG_001163,0.09548366918395727
SG_001167,0.26205394170064833
SG_001180,0.23720475934697643
SG_001181,0.3006426967411394
SG_001182,0.1362794642968891
SG_001184,0.20442258049222647
SG_001188,0.16998522468015298
SG_001190,0.21220252448006086
SG_001192,0.23207608194790913
SG_001196,0.20870312981140599
SG_001201,0.1858550585386578
SG_001202,0.09548366918395727
SG_001203,0.18232470856249477
SG_001205,0.1277213472040854
SG_001208,0.2146045284799983
SG_001210,0.15566648068216546
SG_001211,0.1561922224072112
SG_001213,0.19627841205492055
SG_001215,0.26319598948317824
SG_001217,0.21279540602266053
SG_001225,0.17946231418328273
SG_001226,0.16483529576395214
SG_001229,0.1723302918507007
SG_001230,0.15470076860551066
SG_001236,0.19783342275533133
SG_001237,0.1285059786297147
SG_001243,0.1719817593010407
SG_001245,0.13462953272990624
SG_001248,0.1556461053452842
SG_001252,0.14274015735875237
SG_001255,0.23232849170812064
SG_001257,0.16981608914709587
SG_001262,0.16372751656220663
SG_001264,0.20953452205430328
SG_001267,0.13908135688800133
SG_001279,0.10595377368268631
SG_001285,0.17150817933328708
SG_001287,0.1574282127367779
SG_001293,0.17161676541274973
SG_001296,0.19142736823667417
SG_001298,0.14603713924361117
SG_001303,0.1344517755604867
SG_001305,0.14360741230248145
SG_001306,0.1801641071208979
SG_001309,0.2125790477741
SG_001312,0.12690145647072978
SG_001313,0.1505889863655931
SG_001314,0.22464535208956304
SG_001316,0.13601878358094943
SG_001318,0.1408249739199912
SG_001319,0.16451480839837762
SG_001321,0.21888926610384127
SG_001322,0.1798944421387037
SG_001327,0.12707083481310924
SG_001331,0.1990306798703892
SG_001335,0.19157716079479603
SG_001336,0.23720362265273415
SG_001349,0.22677960148134282
SG_001350,0.1795729099064334
SG_001352,0.2468411853935364
SG_001354,0.1718482739274322
SG_001361,0.14169021480525992
SG_001362,0.2155038916210856
SG_001364,0.1827375545647879
SG_001374,0.18465667013832268
SG_001389,0.13402234617056247
SG_001390,0.10940262801518917
SG_001395,0.21785257129772323
SG_001397,0.1556461053452842
SG_001401,0.17205474671628732
SG_001402,0.17107087951447503
SG_001405,0.1469013498238051
SG_001412,0.17630565058476824
SG_001415,0.17931186883457417
SG_001419,0.12552604515071905
SG_001421,0.1450553631267517
SG_001423,0.15721883891738664
SG_001432,0.1822636832692552
SG_001433,0.14271139497804347
SG_001441,0.24874930332134418
SG_001446,0.12420143051781073
SG_001447,0.14782814050418414
SG_001448,0.10304312741618538
SG_001453,0.13771464838785621
SG_001458,0.14723809096243343
SG_001465,0.15125392205970928
SG_001469,0.14641248055393935
SG_001470,0.12420143051781073
SG_001472,0.25686971028348016
SG_001476,0.20217373020703192
SG_001478,0.24150252071271672
SG_001480,0.2411067921135748
SG_001484,0.14274015735875237
SG_001487,0.17253036113094455
SG_001493,0.13908135688800133
SG_001494,0.25974226007037354
SG_001500,0.21405993982670057
SG_001505,0.20562658324454644
SG_001506,0.14830056388302207
SG_001510,0.13756768720535797
SG_001514,0.18506497086233775
SG_001520,0.14323137685607404
SG_001525,0.21358463261492733
SG_001527,0.155527837756623
SG_001528,0.14830056388302207
SG_001529,0.16677775842790965
SG_001531,0.21628213707827637
SG_001541,0.25926782974540813
SG_001542,0.1483988575305412
SG_001543,0.2669380062760369
SG_001545,0.14765656559021698
SG_001549,0.17742570157742554
SG_001557,0.1556461053452842
SG_001558,0.21697347922727203
SG_001561,0.22529871932167098
SG_001562,0.10301670649820101
SG_001563,0.15799627518807274
SG_001567,0.12677315452263876
SG_001568,0.17442829611358487
SG_001569,0.1508650223582941
SG_001570,0.20202706018927938
SG_001571,0.18072250980170118
SG_001572,0.2510951229253049
SG_001573,0.1815826051340766
SG_001576,0.17098071974811274
SG_001584,0.19021807206238928
SG_001590,0.26845721263295097
SG_001591,0.12458205656189024
SG_001592,0.11697299193147322
SG_001595,0.170103354996637
SG_001601,0.20672387258760486
SG_001604,0.1917148837261709
SG_001609,0.2266460471304423
SG_001610,0.24592070614816142
SG_001612,0.14431690204856673
SG_001613,0.15466283144452786
SG_001615,0.1508650223582941
SG_001623,0.17150817933328708
SG_001624,0.16699914216168382
SG_001631,0.16904494028469966
SG_001634,0.23365739147794773
SG_001636,0.24611919847984132
SG_001638,0.2560569787633605
SG_001647,0.15102848230048052
SG_001650,0.1742999582565647
SG_001653,0.22520157696243556
SG_001654,0.21228076330118445
SG_001658,0.21722696282408463
SG_001663,0.16318188511791382
SG_001667,0.12420143051781073
SG_001668,0.13634603938106094
SG_001670,0.09548366918395727
SG_001683,0.11785133448043933
SG_001686,0.21722696282408463
SG_001688,0.18815630685594392
SG_001689,0.11066630196808719
SG_001698,0.16244603443804043
SG_001704,0.18025914451882766
SG_001711,0.19690526143021442
SG_001719,0.1754643857717816
SG_001720,0.12204982342465942
SG_001723,0.22053999109964337
SG_001726,0.16465599169160428
SG_001728,0.1277213472040854
SG_001731,0.12690145647072978
SG_001733,0.1906174051802669
SG_001734,0.12256880032414519
SG_001735,0.2087587595275116
SG_001737,0.21722696282408463
SG_001738,0.19803575446680136
SG_001739,0.17748587035848892
SG_001740,0.25921850347497544
SG_001744,0.21213900029669833
SG_001745,0.17438121178276111
SG_001750,0.1354460300837391
SG_001751,0.16980027694567293
SG_001761,0.19875529767732855
SG_001767,0.1808733309893122
SG_001768,0.21563640706125606
SG_001769,0.1907319244646261
SG_001776,0.24214600398858396
SG_001786,0.12742420451601724
SG_001788,0.17676709302387913
SG_001789,0.15540483852436993
SG_001790,0.12458205656189024
SG_001791,0.2070025469678347
SG_001792,0.19783342275533133
SG_001793,0.13003008301473648
SG_001796,0.14420344201016264
SG_001797,0.12187911926891892
SG_001803,0.18247367981822357
SG_001804,0.12900056887228384
SG_001806,0.19858437735958198
SG_001811,0.14892735085315628
SG_001815,0.21642390326232855
SG_001819,0.14320155846384203
SG_001824,0.1692897869505703
SG_001825,0.21867400152997243
SG_001827,0.27192770758894796
SG_001830,0.15990879149607973
SG_001831,0.13129211711755392
SG_001833,0.1694294740491791
SG_001836,0.14008461214700574
SG_001844,0.2071866671391372
SG_001846,0.13119254617374548
SG_001847,0.15687352251384223
SG_001848,0.20189549847301566
SG_001849,0.18382923405837914
SG_001851,0.14743097066760008
SG_001858,0.17367512661506515
SG_001860,0.13645601902723245
SG_001862,0.23789095546174538
SG_001864,0.09548366918395727
SG_001865,0.18436872022393935
SG_001867,0.17319359356767275
SG_001872,0.11359157059428704
SG_001876,0.15693769136172867
SG_001877,0.2594486584255644
SG_001883,0.24989243830886848
SG_001884,0.15919447069437473
SG_001885,0.12789165957650464
SG_001886,0.26102073875411513
SG_001888,0.1406645038136322
SG_001890,0.12452151255352625
SG_001892,0.19226488438711553
SG_001893,0.20823570323110258
SG_001894,0.13484623721336103
SG_001895,0.2658300892722201
SG_001897,0.17345368509886927
SG_001901,0.1806113863719746
SG_001903,0.17177225611938945
SG_001904,0.11561864296922686
SG_001906,0.17348050188778122
SG_001909,0.16843861961898926
SG_001912,0.13438386366378965
SG_001914,0.13312495107769587
SG_001915,0.13756768720535797
SG_001919,0.22985898027121449
SG_001924,0.13119254617374548
SG_001925,0.1423610929347341
SG_001928,0.24193287341482086
SG_001930,0.1703619013909757
SG_001932,0.15728002695572302
SG_001933,0.14403258176880887
SG_001934,0.17880453948549035
SG_001936,0.10958197011572751
SG_001947,0.15070358505406703
SG_001953,0.18436807595330798
SG_001954,0.12054237497230831
SG_001955,0.1907417408131952
SG_001963,0.20473505821170418
SG_001971,0.16128714370329525
SG_001975,0.17447178883033998
SG_001976,0.14169616130878235
SG_001977,0.2395079482886182
SG_001980,0.1796696156499479
SG_001981,0.12420143051781073
SG_001982,0.17089353336505952
SG_001990,0.13974098256512543
SG_001999,0.12420143051781073
SG_002000,0.19504575164474286
SG_002002,0.2203985595563189
SG_002004,0.15556164541205167
SG_002008,0.2738747269372117
SG_002009,0.17273901801003266
SG_002016,0.16663334841007474
SG_002021,0.17627645999388517
SG_002024,0.1479748202488161
SG_002027,0.17102135421072817
SG_002037,0.2137813034399201
SG_002038,0.1594002924034051
SG_002039,0.20780366414941284
SG_002044,0.1567810724309991
SG_002045,0.13851213128865966
SG_002048,0.12126124478470188
SG_002050,0.2308313778244246
SG_002052,0.17194484988154204
SG_002063,0.1980316005566833
SG_002067,0.25161795184699126
SG_002068,0.15794433631099575
SG_002069,0.15475937176977372
SG_002074,0.12535843022377413
SG_002075,0.16396648267255365
SG_002078,0.14037699036910944
SG_002081,0.18864807564987437
SG_002090,0.24493219045984904
SG_002097,0.23605340348785192
SG_002103,0.21699407805720677
SG_002105,0.19631024799600444
SG_002110,0.14403258176880887
SG_002122,0.1440215132792657
SG_002123,0.1362794642968891
SG_002125,0.2775329569075124
SG_002129,0.24691113942666484
SG_002131,0.21048091509472236
SG_002137,0.1370700129446965
SG_002142,0.17150817933328708
SG_002150,0.14061555663431963
SG_002151,0.22817724071155165
SG_002152,0.18976142601766097
SG_002166,0.12291758904479826
SG_002171,0.24568343595789657
SG_002172,0.19541076691530013
SG_002176,0.1362794642968891
SG_002177,0.2971316629060641
SG_002181,0.2276515815087829
SG_002184,0.1277213472040854
SG_002185,0.3172487806057257
SG_002186,0.14973230296730017
SG_002191,0.14348163806369602
SG_002192,0.2558173813275598
SG_002194,0.1371504271515056
SG_002200,0.10301670649820101
SG_002209,0.21802908224751075
SG_002213,0.12807533252257033
SG_002220,0.10958197011572751
SG_002223,0.12552604515071905
SG_002227,0.15728002695572302
SG_002228,0.14447487775059084
SG_002233,0.18973908408599297
SG_002241,0.19835560630758042
SG_002248,0.2701136544973886
SG_002251,0.1355150169595855
SG_002252,0.18853831232408072
SG_002254,0.19300726434954596
SG_002255,0.25713020858373686
SG_002260,0.18598186226455632
SG_002262,0.13984777630902034
SG_002263,0.1596250499650059
SG_002266,0.16599227970647076
SG_002270,0.14724995672500357
SG_002277,0.17982940481120807
SG_002278,0.13643171972348755
SG_002280,0.1521154221646959
SG_002281,0.17458631494978688
SG_002283,0.1440215132792657
SG_002284,0.1932702847805362
SG_002286,0.15026400060430556
SG_002288,0.1404846150861982
SG_002291,0.22658403140394504
SG_002292,0.15527756477328333
SG_002294,0.16085734700598614
SG_002296,0.22100713428633803
SG_002298,0.14537444862993845
SG_002301,0.12661448042701223
SG_002304,0.21709745465052543
SG_002311,0.23928835027546091
SG_002319,0.2876448862452889
SG_002320,0.15470076860551066
SG_002322,0.15311587796383816
SG_002324,0.17321467571883775
SG_002328,0.23052090975597464
SG_002332,0.1583138309899606
SG_002341,0.2670871034340579
SG_002346,0.12292629202378921
SG_002347,0.2596981559997758
SG_002352,0.18635795566091562
SG_002357,0.18567525710198154
SG_002361,0.20166089718292357
SG_002370,0.12455292565619389
SG_002371,0.1685299894084437
SG_002372,0.1452453718274465
SG_002373,0.16980519749820192
SG_002374,0.13271964082810733
SG_002375,0.1419677262633428
SG_002381,0.1266058973936751
SG_002385,0.12661448042701223
SG_002387,0.15329200355927003
SG_002390,0.21792766019786272
SG_002391,0.1299812887129177
SG_002392,0.11531843132807301
SG_002394,0.21190189763127298
SG_002396,0.14242312403249777
SG_002401,0.12109552560258946
SG_002402,0.15010002804923356
SG_002404,0.2278149080935666
SG_002407,0.18446072078268594
SG_002410,0.11772314921669248
SG_002419,0.2558874462982068
SG_002421,0.1775251468053864
SG_002422,0.15459434267244318
SG_002423,0.26781742904940053
SG_002429,0.1561994280137221
SG_002430,0.175071597473379
SG_002434,0.2512954576624114
SG_002437,0.15073840901234736
SG_002442,0.12789165957650464
SG_002444,0.10581339705026374
SG_002447,0.1264984706734255
SG_002448,0.1464950947820706
SG_002450,0.2088302152786071
SG_002453,0.1119019533842008
SG_002454,0.15311587796383816
SG_002455,0.2205407298185666
SG_002456,0.2348876420439953
SG_002458,0.17875893638749363
SG_002459,0.1407609619932368
SG_002460,0.25884877032069614
SG_002462,0.17593473056984293
SG_002464,0.14576715849212274
SG_002466,0.21828796879447124
SG_002475,0.19631024799600444
SG_002477,0.1823348220002496
SG_002479,0.14920749713122958
SG_002482,0.1731769699073729
SG_002483,0.19803037635216836
SG_002486,0.2310498589193654
SG_002490,0.20478150332437134
SG_002493,0.13555939484917293
SG_002495,0.18637580607759258
SG_002498,0.13558877299966357
SG_002500,0.24293366478304487
SG_002502,0.1246828956319398
SG_002507,0.1263635643691425
SG_002509,0.16234483227801083
SG_002517,0.2855268806427379
SG_002520,0.1354460300837391
SG_002522,0.1483988575305412
SG_002526,0.10301670649820101
SG_002529,0.12729554697607148
SG_002532,0.12458205656189024
SG_002539,0.14449657371581995
SG_002541,0.12189453387829725
SG_002544,0.13735170321881227
SG_002545,0.14573270418364812
SG_002546,0.16748436620524793
SG_002548,0.1635322078832104
SG_002555,0.2009915406371154
SG_002559,0.136321648267744
SG_002568,0.12134408586654469
SG_002572,0.2766494904385069
SG_002573,0.1299281483201627
SG_002577,0.2032496345961987
SG_002580,0.17335761912836795
SG_002583,0.16699119689722747
SG_002586,0.14403258176880887
SG_002587,0.2251454377912312
SG_002588,0.14453860036045074
SG_002594,0.1350674647081203
SG_002596,0.09548366918395727
SG_002597,0.11768422659301396
SG_002599,0.17367512661506515
SG_002600,0.1380887775772336
SG_002601,0.09548366918395727
SG_002605,0.15579820380308534
SG_002613,0.17802971126150394
SG_002615,0.20828491746245295
SG_002618,0.15078584189397096
SG_002622,0.15311278947126122
SG_002627,0.16040137635123677
SG_002628,0.2139514053948412
SG_002630,0.09548366918395727
SG_002633,0.1893169528276736
SG_002638,0.11781297033214136
SG_002649,0.19039486214218027
SG_002650,0.14804210526637188
SG_002652,0.13119254617374548
SG_002653,0.15719741766779324
SG_002654,0.13583175979632375
SG_002657,0.13119254617374548
SG_002664,0.13474300412688775
SG_002665,0.09548366918395727
SG_002666,0.18250339537187557
SG_002667,0.1786969128620296
SG_002672,0.18936284873729056
SG_002673,0.1902114699155103
SG_002674,0.19332895155632485
SG_002675,0.15097855587783646
SG_002680,0.21055740196331182
SG_002684,0.2851853083889102
SG_002688,0.16217542115816475
SG_002689,0.13675708331882075
SG_002691,0.12458205656189024
SG_002693,0.19633704616711456
SG_002699,0.17509531233382672
SG_002701,0.21962924215314128
SG_002705,0.1634715302035
SG_002720,0.11565636296802662
SG_002731,0.18983080682449768
SG_002733,0.1350674647081203
SG_002735,0.2385259673421746
SG_002736,0.2588436902177098
SG_002738,0.14308057224628104
SG_002742,0.19935148238254505
SG_002746,0.15730603830742051
SG_002748,0.12325207124239584
SG_002752,0.12340093883763578
SG_002755,0.1490570221469542
SG_002757,0.204667879052305
SG_002759,0.1644553671134263
SG_002767,0.14217689149336907
SG_002770,0.1681476468655809
SG_002773,0.19681991517997488
SG_002777,0.2091317669643804
SG_002782,0.14099023959252677
SG_002783,0.11561864296922686
SG_002785,0.14225738484803238
SG_002788,0.19317895965602755
SG_002789,0.1819123400132154
SG_002793,0.16852330910850224
SG_002796,0.13119254617374548
SG_002798,0.2564986801747254
SG_002809,0.25161795184699126
SG_002814,0.16526411378732875
SG_002820,0.18095620513308466
SG_002825,0.17091752839527058
SG_002827,0.13119254617374548
SG_002829,0.2247623404915011
SG_002832,0.27869235980366025
SG_002834,0.1354460300837391
SG_002840,0.1714857614554308
SG_002842,0.15022328087485723
SG_002843,0.15636529732869345
SG_002849,0.2820938833873161
SG_002850,0.14895688806809423
SG_002853,0.15089751335096513
SG_002875,0.200762017754082
SG_002882,0.2567087838055673
SG_002887,0.2670871034340579
SG_002891,0.21660794450994847
SG_002896,0.14236714865338848
SG_002904,0.16378354562536082
SG_002906,0.18259462128249587
SG_002907,0.15099280025584355
SG_002910,0.24746854358202608
SG_002918,0.20531352860739022
SG_002926,0.1372491037377764
SG_002930,0.14222886432113113
SG_002932,0.1311935100829348
SG_002937,0.20834611004267448
SG_002939,0.18373811841275456
SG_002943,0.11531843132807301
SG_002944,0.14420344201016264
SG_002947,0.13583175979632375
SG_002949,0.1331324468946012
SG_002950,0.13438580224342292
SG_002952,0.14583266685421964
SG_002954,0.25452830319221253
SG_002955,0.14895262441406534
SG_002958,0.2101378059452547
SG_002960,0.14935326364629414
SG_002964,0.15668699937518857
SG_002967,0.18299473601020186
SG_002972,0.22142601065633286
SG_002982,0.2327136212223599
SG_002985,0.19475702536635264
SG_002989,0.18552195096593188
SG_002999,0.14576715849212274
SG_003002,0.19690468221547008
SG_003008,0.1528655466857352
SG_003023,0.17806323542576116
SG_003024,0.13160370760927245
SG_003026,0.167540838705545
SG_003028,0.17250709882193255
SG_003030,0.13103765077064994
SG_003031,0.19029159580440608
SG_003037,0.1378674380353961
SG_003042,0.12510704625286
SG_003043,0.11315730208988578
SG_003044,0.18809118460006147
SG_003045,0.12653061199384916
SG_003048,0.169513554799865
SG_003049,0.11785133448043933
SG_003051,0.1440215132792657
SG_003052,0.1473349800808387
SG_003059,0.22677960148134282
SG_003062,0.1356273195758036
SG_003065,0.1437479083418756
SG_003067,0.10895881412174695
SG_003071,0.1754455114070351
SG_003072,0.18946753743852654
SG_003073,0.24193287341482086
SG_003075,0.18920579427386053
SG_003080,0.12420143051781073
SG_003082,0.14786215276621803
SG_003084,0.18174804250974758
SG_003085,0.14979127589564348
SG_003088,0.20092728361718054
SG_003089,0.16503441263998633
SG_003096,0.14045738927301768
SG_003097,0.1671276524524948
SG_003102,0.14815779882185615
SG_003105,0.13677800011145536
SG_003107,0.12410384361438274
SG_003111,0.17649164457079183
SG_003116,0.19793875656484108
SG_003118,0.13119254617374548
SG_003125,0.14316504694527993
SG_003127,0.16887616935427874
SG_003133,0.22445993185681887
SG_003135,0.1805105492873037
SG_003137,0.13632356062782464
SG_003138,0.13583175979632375
SG_003139,0.1904062251701755
SG_003141,0.1778549712479594
SG_003144,0.21581895009659374
SG_003151,0.2592165091132012
SG_003154,0.17200670267904572
SG_003158,0.23512692866321966
SG_003160,0.12707083481310924
SG_003164,0.23152612197806968
SG_003168,0.15010002804923356
SG_003169,0.1277213472040854
SG_003174,0.12510704625286
SG_003179,0.21220252448006086
SG_003184,0.19219705779128568
SG_003186,0.14567703671409235
SG_003193,0.2776261566338926
SG_003196,0.14097118120770685
SG_003198,0.20253422648365205
SG_003201,0.16307565779187738
SG_003204,0.2535578162244601
SG_003205,0.1956797586023608
SG_003206,0.12544079510306413
SG_003211,0.18039972950169722
SG_003214,0.15510301090860446
SG_003215,0.15711048716462522
SG_003216,0.13322460360706506
SG_003217,0.18097965175919584
SG_003219,0.15069130714776244
SG_003226,0.19390563388655452
SG_003227,0.1528655466857352
SG_003230,0.18695552220871403
SG_003231,0.16981608914709587
SG_003232,0.12420143051781073
SG_003234,0.18203260953520645
SG_003239,0.15601989604948063
SG_003241,0.12054237497230831
SG_003243,0.19561956442259149
SG_003250,0.1469013498238051
SG_003253,0.15960485612655342
SG_003256,0.1752857046292741
SG_003259,0.19470900685689502
SG_003266,0.1851422517834404
SG_003272,0.17762556964426965
SG_003273,0.12189453387829725
SG_003281,0.12420143051781073
SG_003284,0.15740777851848345
SG_003288,0.10301670649820101
SG_003293,0.1354460300837391
SG_003294,0.19676096213925476
SG_003295,0.17748719362987525
SG_003296,0.13462953272990624
SG_003301,0.1814191770489491
SG_003304,0.17503035025272493
SG_003305,0.19489245324305723
SG_003307,0.22191077657191657
SG_003310,0.22602694465115225
SG_003314,0.14798592733153093
SG_003321,0.13491787925304602
SG_003325,0.13601899040169577
SG_003328,0.251880341277832
SG_003331,0.15182149360335107
SG_003332,0.20905393918890244
SG_003333,0.16570178048407114
SG_003340,0.19480555833454022
SG_003341,0.20971285738636397
SG_003342,0.15241511222588022
SG_003349,0.16587235383645133
SG_003355,0.13388689890526584
SG_003357,0.3036638837969842
SG_003361,0.1370669287894506
SG_003370,0.21148310944821105
SG_003371,0.14831481872743624
SG_003373,0.188760851658863
SG_003374,0.26510247869172165
SG_003379,0.1679599247228208
SG_003388,0.12853250895149035
SG_003389,0.19157716079479603
SG_003390,0.15486128892535064
SG_003391,0.2155038916210856
SG_003392,0.15476321083143907
SG_003393,0.24870913061510086
SG_003397,0.1382358942144397
SG_003398,0.12497360432098817
SG_003399,0.13119254617374548
SG_003402,0.22927126553457605
SG_003404,0.13949596235495268
SG_003407,0.10301670649820101
SG_003408,0.14576715849212274
SG_003422,0.1299281483201627
SG_003426,0.23224094790152588
SG_003430,0.15293694834544044
SG_003434,0.1140442980831782
SG_003437,0.17927914792175417
SG_003439,0.13072119726114176
SG_003440,0.1440215132792657
SG_003441,0.11927578581060211
SG_003444,0.1878527310629558
SG_003447,0.1881506705457175
SG_003452,0.1140442980831782
SG_003453,0.28086662062811096
SG_003464,0.2539637545379656
SG_003469,0.12452151255352625
SG_003475,0.16664680748813818
SG_003477,0.19451730021360641
SG_003479,0.13119254617374548
SG_003480,0.20304489503978956
SG_003482,0.264197157619019
SG_003483,0.2603410862890301
SG_003485,0.1341968376097475
SG_003486,0.2540258027987153
SG_003489,0.09548366918395727
SG_003491,0.1246828956319398
SG_003492,0.11221580323295811
SG_003493,0.14576715849212274
SG_003501,0.19054101229238046
SG_003505,0.20074210200867953
SG_003509,0.09548366918395727
SG_003517,0.14583266685421964
SG_003521,0.1819891315606093
SG_003526,0.1307878664780204
SG_003528,0.14414158209863237
SG_003532,0.13643171972348755
SG_003535,0.10301670649820101
SG_003538,0.27264643360456287
SG_003541,0.12707083481310924
SG_003545,0.12187911926891892
SG_003548,0.1508650223582941
SG_003549,0.1699161423217086
SG_003554,0.12983200493650954
SG_003557,0.26898446971521295
SG_003566,0.21031741126756176
SG_003568,0.1299812887129177
SG_003572,0.19541626567634385
SG_003575,0.19044622133674216
SG_003578,0.14317503427993866
SG_003584,0.14428161717388152
SG_003585,0.15040540893497517
SG_003588,0.20951818326758043
SG_003589,0.1556461053452842
SG_003594,0.17277467437012406
SG_003597,0.2057312886373319
SG_003598,0.14955353875644362
SG_003601,0.17657159137981
SG_003603,0.17459570571616775
SG_003610,0.1741305454662732
SG_003611,0.1508650223582941
SG_003613,0.18422192717078872
SG_003618,0.1440215132792657
SG_003619,0.19899940800189295
SG_003620,0.14576715849212274
SG_003625,0.2678069598027174
SG_003627,0.12291758904479826
SG_003628,0.13800442547096592
SG_003629,0.13585225339676188
SG_003637,0.2525488832612849
SG_003648,0.1490511173463597
SG_003650,0.10301670649820101
SG_003666,0.20759823854247283
SG_003668,0.24916041911792758
SG_003670,0.13364324332075045
SG_003671,0.13583175979632375
SG_003689,0.13119254617374548
SG_003691,0.18858739067990285
SG_003699,0.21722696282408463
SG_003702,0.178738700656601
SG_003704,0.14573270418364812
SG_003705,0.2038164887423182
SG_003706,0.17887436135129783
SG_003708,0.09548366918395727
SG_003710,0.1608052861613232
SG_003711,0.14819872377747054
SG_003714,0.1845334177848469
SG_003715,0.2123832848754463
SG_003722,0.18496336882799402
SG_003745,0.18458800361875075
SG_003746,0.14997063835767974
SG_003751,0.10778747633498488
SG_003754,0.14969709161659153
SG_003757,0.13463999295220133
SG_003758,0.24701028654662618
SG_003765,0.13462953272990624
SG_003767,0.1404846150861982
SG_003768,0.12458205656189024
SG_003769,0.13672762184212936
SG_003777,0.17440514265629667
SG_003783,0.13583175979632375
SG_003786,0.14182989804014243
SG_003787,0.16700695366992915
SG_003788,0.2155311782075814
SG_003792,0.1341968376097475
SG_003795,0.15133823277871353
SG_003806,0.2012891721976158
SG_003807,0.18373843747121335
SG_003809,0.20110627322654326
SG_003810,0.13409968733508068
SG_003812,0.24409533236653197
SG_003820,0.2123299045528648
SG_003822,0.17568039170636807
SG_003829,0.1943219790463474
SG_003835,0.1011685776443068
SG_003843,0.20555011617296726
SG_003844,0.15798154187535987
SG_003851,0.13129211711755392
SG_003852,0.15711443863273633
SG_003856,0.13589267674021252
SG_003860,0.19950304811355227
SG_003863,0.13781192986660368
SG_003865,0.15335536990488344
SG_003868,0.16948542757195514
SG_003869,0.13804525066189874
SG_003874,0.1796263887619131
SG_003878,0.24846763197086347
SG_003880,0.13119254617374548
SG_003881,0.20220441190061128
SG_003886,0.14920749713122958
SG_003896,0.1483988575305412
SG_003904,0.1450553631267517
SG_003905,0.21697347922727203
SG_003906,0.1354460300837391
SG_003907,0.14176177985348307
SG_003908,0.18615365619238783
SG_003910,0.19838590649552412
SG_003917,0.126422646901428
SG_003919,0.2034437697129557
SG_003920,0.1677430315848122
SG_003921,0.10301670649820101
SG_003922,0.19847090377723503
SG_003925,0.11878052726272692
SG_003926,0.1818780030939667
SG_003935,0.12371401216669686
SG_003937,0.13981133157087983
SG_003940,0.19404678434332742
SG_003941,0.13855238803059777
SG_003945,0.24802186282907496
SG_003951,0.20251287555661673
SG_003958,0.10301670649820101
SG_003959,0.13583175979632375
SG_003961,0.2205407298185666
SG_003966,0.1479462303945551
SG_003967,0.13334539712109297
SG_003969,0.16776967937886225
SG_003972,0.18852019937436132
SG_003977,0.16604291020109607
SG_003978,0.15097855587783646
SG_003979,0.19545528109373098
SG_003988,0.14099023959252677
SG_003992,0.23477269768009407
SG_003994,0.14448038316647274
SG_003995,0.1978023497813079
SG_004001,0.19081284680917623
SG_004002,0.15205880515021708
SG_004011,0.16017443005843193
SG_004012,0.13166933421165777
SG_004016,0.259466055887613
SG_004019,0.17786146010205736
SG_004034,0.1631772530181467
SG_004036,0.13633496892362962
SG_004041,0.21178618013511413
SG_004042,0.14403258176880887
SG_004045,0.12590306280928037
SG_004048,0.2476141354929814
SG_004049,0.10301670649820101
SG_004050,0.21820389056431275
SG_004054,0.21999126467577063
SG_004060,0.18244653030089808
SG_004063,0.1807542278103969
SG_004064,0.17251161605620605
SG_004065,0.2635949806023985
SG_004066,0.12976874957946155
SG_004071,0.12789165957650464
SG_004074,0.10301670649820101
SG_004078,0.1483988575305412
SG_004079,0.13378765521059163
SG_004080,0.12452151255352625
SG_004081,0.22609572983427131
SG_004083,0.22158710969045947
SG_004087,0.12976874957946155
SG_004089,0.1483988575305412
SG_004091,0.11731491671174839
SG_004093,0.16877514031419524
SG_004094,0.20870312981140599
SG_004100,0.13601878358094943
SG_004107,0.15337662861675494
SG_004109,0.12991278774515896
SG_004110,0.13987639254062526
SG_004111,0.21531014947587523
SG_004123,0.12340093883763578
SG_004126,0.15003031605693068
SG_004127,0.1223402048589597
SG_004129,0.141696565213721
SG_004130,0.1440215132792657
SG_004131,0.14716283400722163
SG_004136,0.14017337152024378
SG_004140,0.15010002804923356
SG_004149,0.11675433638572696
SG_004152,0.16479660050225156
SG_004155,0.22374564218990808
SG_004157,0.12900056887228384
SG_004163,0.1835793112363652
SG_004164,0.14610357126886095
SG_004168,0.1656961979459944
SG_004170,0.17029066090849482
SG_004171,0.14668845926284507
SG_004174,0.12452151255352625
SG_004175,0.15398397730284327
SG_004178,0.14403258176880887
SG_004181,0.2146045284799983
SG_004184,0.25130042681081866
SG_004186,0.14147838114984246
SG_004187,0.20458182026812102
SG_004191,0.14920749713122958
SG_004192,0.24893694817450118
SG_004197,0.1836467102411598
SG_004201,0.18307779022417708
SG_004204,0.1795386976714194
SG_004207,0.20832086681601525
SG_004209,0.2639282709074957
SG_004214,0.24569343189601667
SG_004218,0.13270897001592785
SG_004220,0.14221951244989767
SG_004223,0.1290996641383139
SG_004224,0.16384610327824303
SG_004225,0.1635322078832104
SG_004228,0.17115273406675602
SG_004229,0.1286721281637573
SG_004230,0.15417428578750242
SG_004235,0.12054237497230831
SG_004238,0.179489980157962
SG_004239,0.30129909080347383
SG_004244,0.2059599479661376
SG_004253,0.1596891848016333
SG_004256,0.1548752964756225
SG_004257,0.14420075119358958
SG_004258,0.14227747602652696
SG_004262,0.21722696282408463
SG_004263,0.1341968376097475
SG_004265,0.1440215132792657
SG_004268,0.13348933581130396
SG_004269,0.2139128928640108
SG_004271,0.13022869177689153
SG_004286,0.1619673158942018
SG_004289,0.169513554799865
SG_004290,0.13753813445107005
SG_004291,0.19854886214049305
SG_004297,0.17366177816984485
SG_004300,0.22025624773324695
SG_004302,0.20803590922434015
SG_004305,0.2059788728529701
SG_004306,0.22091712801626334
SG_004312,0.17906015439089476
SG_004313,0.12707083481310924
SG_004315,0.17822395024535673
SG_004320,0.13228612181715796
SG_004321,0.22150668308866162
SG_004322,0.13995148395745644
SG_004325,0.14115255842746968
SG_004326,0.20395571408437696
SG_004339,0.14136986426857778
SG_004342,0.1738997190102564
SG_004347,0.169513554799865
SG_004348,0.15634450552559093
SG_004349,0.2432392924735989
SG_004350,0.2155038916210856
SG_004357,0.11449153650330939
SG_004358,0.19773172228337532
SG_004359,0.1719011761900759
SG_004362,0.17333179600091572
SG_004365,0.14918822145186164
SG_004368,0.24305674555893614
SG_004369,0.17411638900553494
SG_004370,0.16752526781202004
SG_004378,0.12793937047330783
SG_004379,0.19315458646747086
SG_004388,0.18303737206808257
SG_004390,0.12452151255352625
SG_004391,0.13673121323914839
SG_004401,0.13683150842873493
SG_004404,0.3166580372495674
SG_004405,0.1728141368910598
SG_004406,0.144181383145181
SG_004408,0.1255874741690167
SG_004415,0.15550553323346267
SG_004417,0.09548366918395727
SG_004419,0.2097447849095278
SG_004420,0.2505257906973802
SG_004422,0.16748099279131612
SG_004423,0.1411340360414979
SG_004426,0.12204982342465942
SG_004427,0.12843141943905242
SG_004429,0.16469638260238134
SG_004432,0.12789165957650464
SG_004439,0.21918606897949364
SG_004445,0.14301166077874453
SG_004447,0.22319344757009194
SG_004448,0.11725871038887731
SG_004451,0.23329412020990184
SG_004457,0.1579186113840534
SG_004458,0.1218112632939895
SG_004460,0.13900007814757526
SG_004461,0.25513745842423086
SG_004462,0.10958197011572751
SG_004464,0.1557216654456126
SG_004465,0.14303380185004239
SG_004469,0.12789165957650464
SG_004474,0.16534502407162774
SG_004475,0.1610830620818734
SG_004476,0.14576715849212274
SG_004477,0.14245290876913705
SG_004480,0.24682887341508555
SG_004482,0.22728464489243413
SG_004484,0.20029071457184108
SG_004486,0.12942655924146798
SG_004494,0.2533443207272151
SG_004504,0.1404846150861982
SG_004508,0.23194533651108795
SG_004509,0.24568343595789657
SG_004511,0.14668845926284507
SG_004514,0.15758032276345765
SG_004515,0.19265997907743437
SG_004518,0.16828500269868235
SG_004521,0.11300802386247585
SG_004526,0.2085247483972728
SG_004530,0.21429663249696654
SG_004534,0.17737063195526925
SG_004536,0.12420143051781073
SG_004538,0.13728724907808826
SG_004539,0.2179116889442528
SG_004541,0.19715682838701748
SG_004549,0.14979050810455652
SG_004552,0.15649583361796757
SG_004553,0.15070358505406703
SG_004556,0.1715761330154448
SG_004559,0.12689882246465423
SG_004562,0.1369176855437588
SG_004565,0.17838146508748606
SG_004568,0.23488841673283836
SG_004576,0.1263635643691425
SG_004577,0.14979127589564348
SG_004593,0.2159901060166301
SG_004594,0.20992773449514066
SG_004600,0.1943122803100476
SG_004602,0.16410598599582366
SG_004608,0.14457033542243553
SG_004609,0.16889392916160142
SG_004612,0.1440215132792657
SG_004614,0.13583175979632375
SG_004617,0.13462953272990624
SG_004620,0.12841937111082866
SG_004623,0.15849325280138363
SG_004626,0.22547687540366704
SG_004631,0.2124774998479524
SG_004632,0.13936310458190734
SG_004633,0.18300905891565034
SG_004635,0.24845585941695816
SG_004637,0.19783342275533133
SG_004638,0.16107332404185312
SG_004641,0.21479263032459994
SG_004645,0.1797705432390479
SG_004652,0.14420344201016264
SG_004653,0.12900056887228384
SG_004655,0.24150252071271672
SG_004656,0.1583048596083096
SG_004658,0.1526736309579282
SG_004659,0.1508650223582941
SG_004662,0.1728617967454332
SG_004664,0.12552604515071905
SG_004668,0.19519186224958196
SG_004669,0.16420820144216308
SG_004672,0.1769211502969361
SG_004676,0.1653696087528103
SG_004682,0.14261325849725298
SG_004685,0.25161795184699126
SG_004689,0.16766377238745808
SG_004695,0.20982550181944734
SG_004697,0.1453605076600834
SG_004700,0.1739285947804023
SG_004701,0.26576008957643865
SG_004709,0.1430970160610061
SG_004710,0.12187911926891892
SG_004712,0.16623114304726105
SG_004716,0.19334812612865743
SG_004720,0.11616653842186081
SG_004721,0.12410384361438274
SG_004723,0.13735170321881227
SG_004731,0.2396399608494256
SG_004736,0.20016016229407027
SG_004737,0.1370669287894506
SG_004738,0.13091156866595002
SG_004739,0.22116505051035468
SG_004742,0.208737242637834
SG_004751,0.20189906636130314
SG_004753,0.11066630196808719
SG_004755,0.17723959452036725
SG_004757,0.14403258176880887
SG_004760,0.13670031422153553
SG_004761,0.12420143051781073
SG_004762,0.09548366918395727
SG_004763,0.18222166462949824
SG_004764,0.19216278008836715
SG_004766,0.19325533078628646
SG_004769,0.12420143051781073
SG_004772,0.1833660017627406
SG_004773,0.1583710400074044
SG_004782,0.12914903853338616
SG_004784,0.19425917004852092
SG_004786,0.20463859845212387
SG_004787,0.1263635643691425
SG_004789,0.09548366918395727
SG_004797,0.17241970967920767
SG_004798,0.15311587796383816
SG_004799,0.25161795184699126
SG_004801,0.2529555158102509
SG_004804,0.2610570901772307
SG_004813,0.16851254927215503
SG_004816,0.2594486584255644
SG_004817,0.1329639513588909
SG_004818,0.18155941314780114
SG_004821,0.1440215132792657
SG_004827,0.15010002804923356
SG_004828,0.17150817933328708
SG_004829,0.20564897884455366
SG_004830,0.25284025912339353
SG_004831,0.1559470855752518
SG_004836,0.1362794642968891
SG_004840,0.16313475752440268
SG_004842,0.12187911926891892
SG_004844,0.13851213128865966
SG_004846,0.2200941264672254
SG_004853,0.19119299457476463
SG_004855,0.23152612197806968
SG_004856,0.16912066630796835
SG_004866,0.11500790182570095
SG_004867,0.10263789892830039
SG_004868,0.2647282026444623
SG_004873,0.20430733436323628
SG_004877,0.17027750794789556
SG_004881,0.13491787925304602
SG_004882,0.20304489503978956
SG_004887,0.1932702847805362
SG_004898,0.2660678551601874
SG_004900,0.19469237583430393
SG_004906,0.2935296474940889
SG_004907,0.23102390841309986
SG_004912,0.19092195731267544
SG_004913,0.12729554697607148
SG_004919,0.13800442547096592
SG_004922,0.23594771454156008
SG_004923,0.1749363359218933
SG_004925,0.14114206114152442
SG_004927,0.13135830026592876
SG_004929,0.26620120943882003
SG_004930,0.2353340450329547
SG_004939,0.14892735085315628
SG_004942,0.10301670649820101
SG_004944,0.13119254617374548
SG_004945,0.1610830620818734
SG_004959,0.13708279719787586
SG_004960,0.2178125608204303
SG_004964,0.1292827831067955
SG_004968,0.22656560291288
SG_004969,0.20350366329033998
SG_004973,0.202397876421881
SG_004975,0.24609170115551554
SG_004981,0.1717984732492282
SG_004985,0.26557239811437
SG_004988,0.18150225193091638
SG_004990,0.1807851254443398
SG_004993,0.12420143051781073
SG_004997,0.12055764372842576
SG_005000,0.14241708138550555
SG_005002,0.25130562367323506
SG_005004,0.2951448566429671
SG_005011,0.1440215132792657
SG_005013,0.13091156866595002
SG_005018,0.15311587796383816
SG_005019,0.12340093883763578
SG_005020,0.14979127589564348
SG_005022,0.10301670649820101
SG_005027,0.1478515222441015
SG_005029,0.11099332637649909
SG_005030,0.13639160129445987
SG_005031,0.18746665561216855
SG_005033,0.12742420451601724
SG_005037,0.12514507107789746
SG_005041,0.14147838114984246
SG_005048,0.1587389330133195
SG_005049,0.18415134795535387
SG_005052,0.2046428450923879
SG_005057,0.14225738484803238
SG_005058,0.17089353336505952
SG_005062,0.25983557228386395
SG_005080,0.12596529510615956
SG_005085,0.1228427787601952
SG_005086,0.1889929084121178
SG_005089,0.18059053848143092
SG_005090,0.17044969570188861
SG_005091,0.24283498643910142
SG_005094,0.1962461829037581
SG_005097,0.18885443481812544
SG_005098,0.19103384459166928
SG_005100,0.18705084076566603
SG_005101,0.20189549847301566
SG_005102,0.25161373006979
SG_005108,0.22078742939871415
SG_005110,0.25373233471036666
SG_005114,0.27806078864008527
SG_005120,0.24859441513429598
SG_005122,0.21513997416644565
SG_005123,0.20966140211375192
SG_005126,0.23943815380589034
SG_005131,0.1341968376097475
SG_005132,0.09548366918395727
SG_005134,0.13583175979632375
SG_005137,0.12789165957650464
SG_005140,0.1737346440687297
SG_005141,0.17222336369473823
SG_005142,0.15469988444371788
SG_005143,0.09548366918395727
SG_005148,0.1815390198508671
SG_005161,0.2257736195382496
SG_005168,0.19329502987837405
SG_005170,0.13851213128865966
SG_005171,0.17035597129955035
SG_005174,0.1782065099206302
SG_005175,0.14225738484803238
SG_005178,0.18471821692506166
SG_005179,0.09548366918395727
SG_005188,0.18621040476961306
SG_005190,0.2131565390060721
SG_005191,0.12420143051781073
SG_005194,0.2597349916084893
SG_005196,0.13119254617374548
SG_005199,0.17089353336505952
SG_005200,0.12900056887228384
SG_005203,0.184203627997926
SG_005205,0.21951262915283312
SG_005213,0.13907690806196266
SG_005214,0.1499359832338264
SG_005216,0.2674844574016386
SG_005220,0.1815826051340766
SG_005224,0.1508650223582941
SG_005228,0.15097855587783646
SG_005233,0.14447487775059084
SG_005235,0.1608584728091511
SG_005240,0.11561864296922686
SG_005241,0.18212360037112896
SG_005246,0.17262977308548716
SG_005247,0.13558877299966357
SG_005248,0.1440215132792657
SG_005250,0.16363946613555083
SG_005251,0.15052925792571334
SG_005253,0.1440215132792657
SG_005255,0.15832087242501053
SG_005264,0.16915719395316867
SG_005268,0.10304312741618538
SG_005270,0.1810027751359202
SG_005277,0.2556651053432387
SG_005282,0.1440215132792657
SG_005283,0.19695872067349157
SG_005284,0.1515793550896502
SG_005287,0.18233505910997802
SG_005289,0.1549429085994609
SG_005291,0.271353812874025
SG_005292,0.12371538778437546
SG_005296,0.11137537997016961
SG_005302,0.1482482631783679
SG_005305,0.1440068816073347
SG_005311,0.1980316005566833
SG_005312,0.16680575760150862
SG_005313,0.1465530432057166
SG_005316,0.1533557585391204
SG_005320,0.251737621295019
SG_005321,0.20373976539251895
SG_005322,0.2019768134982434
SG_005323,0.2541057338064602
SG_005325,0.17709931942331905
SG_005328,0.1609400769531872
SG_005329,0.17720791221557733
SG_005332,0.2411067921135748
SG_005333,0.19381808615597756
SG_005335,0.1546630377231026
SG_005340,0.18656885619327623
SG_005341,0.24402175778958216
SG_005346,0.2506419565938896
SG_005350,0.2681176722511271
SG_005351,0.153883240731034
SG_005353,0.09548366918395727
SG_005356,0.1483988575305412
SG_005360,0.18059706658674698
SG_005362,0.18310260643328255
SG_005363,0.10301670649820101
SG_005365,0.1593839413860031
SG_005371,0.1440215132792657
SG_005372,0.15079692482316112
SG_005376,0.19797934914511786
SG_005378,0.17588065162159325
SG_005379,0.10301670649820101
SG_005380,0.26170784664988805
SG_005384,0.21481048349625342
SG_005386,0.18511151664271294
SG_005387,0.18968176752453283
SG_005397,0.13474300412688775
SG_005401,0.14242312403249777
SG_005408,0.24458878468797257
SG_005412,0.1440215132792657
SG_005414,0.18325180628891438
SG_005421,0.1829735270087166
SG_005424,0.13462953272990624
SG_005428,0.25354088051190166
SG_005432,0.15820067102958804
SG_005439,0.2455521429727695
SG_005444,0.1329639513588909
SG_005445,0.20688373028586662
SG_005446,0.1368790502746742
SG_005447,0.2677483744484093
SG_005449,0.1560363886183212
SG_005450,0.14668845926284507
SG_005451,0.21707726072780556
SG_005452,0.1341968376097475
SG_005456,0.14965524154807677
SG_005457,0.12783707234133088
SG_005459,0.11655290261048784
SG_005460,0.1465779853322804
SG_005465,0.25154652549505807
SG_005466,0.19771363778050766
SG_005470,0.24542921166744805
SG_005473,0.22783310290769396
SG_005477,0.2232332932289666
SG_005486,0.18012508656490545
SG_005489,0.18063733259634018
SG_005491,0.26656189815761716
SG_005496,0.1246828956319398
SG_005497,0.19224689986286153
SG_005499,0.24778229962761456
SG_005503,0.13535366298631651
SG_005504,0.17136330637421704
SG_005506,0.1406645038136322
SG_005510,0.1440215132792657
SG_005511,0.2674844574016386
SG_005515,0.15170730220594691
SG_005518,0.17085064429686173
SG_005519,0.22786278947650843
SG_005524,0.17189108120676916
SG_005529,0.1792595311340408
SG_005530,0.1754546175373558
SG_005531,0.17953747569361378
SG_005532,0.1608052861613232
SG_005534,0.13623971662411352
SG_005535,0.18339543890304055
SG_005541,0.1871741224049961
SG_005542,0.13161628272543455
SG_005550,0.11875696006765506
SG_005555,0.17642347318292165
SG_005557,0.14864889844863183
SG_005565,0.1586879638497332
SG_005569,0.13119254617374548
SG_005572,0.13937774764828792
SG_005575,0.1275826768519441
SG_005579,0.2533443207272151
SG_005580,0.15993316254926593
SG_005583,0.13195111654438368
SG_005591,0.21200184874567637
SG_005592,0.14830056388302207
SG_005593,0.13119254617374548
SG_005594,0.15010002804923356
SG_005599,0.1419975375954124
SG_005603,0.212556783591281
SG_005606,0.1483988575305412
SG_005611,0.17086181283058915
SG_005615,0.21404964700020038
SG_005622,0.1674973779486328
SG_005625,0.1805105492873037
SG_005630,0.13395632213347283
SG_005634,0.1991765558516061
SG_005635,0.1885650745975353
SG_005636,0.2725623080961412
SG_005638,0.20885491447259452
SG_005640,0.14968543444266239
SG_005643,0.1508650223582941
SG_005644,0.14169616130878235
SG_005645,0.16245115131439392
SG_005650,0.19624024643046195
SG_005654,0.2804902257429904
SG_005655,0.12983200493650954
SG_005656,0.2016016853696175
SG_005661,0.21839876811939848
SG_005664,0.12609636148632739
SG_005666,0.18226607941213566
SG_005671,0.16442906685772696
SG_005681,0.17277923277052118
SG_005683,0.2338315561062915
SG_005687,0.18423583650868794
SG_005688,0.1843193777139243
SG_005691,0.18998178446097588
SG_005692,0.16381825949328477
SG_005693,0.16455712228580244
SG_005694,0.22926870845405664
SG_005696,0.17079076400208687
SG_005703,0.13119254617374548
SG_005704,0.17035752107901403
SG_005706,0.2776261566338926
SG_005707,0.15345124926790393
SG_005713,0.12976874957946155
SG_005715,0.1524920971179233
SG_005719,0.12420143051781073
SG_005722,0.09548366918395727
SG_005724,0.1757532825087541
SG_005725,0.19539251091271098
SG_005726,0.12055764372842576
SG_005730,0.1825649941838243
SG_005735,0.15505229951159336
SG_005736,0.21973629679741402
SG_005740,0.13609755853387037
SG_005748,0.21973281040632847
SG_005750,0.1594731230747299
SG_005753,0.18398796965167807
SG_005758,0.12458205656189024
SG_005759,0.1277213472040854
SG_005764,0.135979810881575
SG_005765,0.12841937111082866
SG_005772,0.1595972194340108
SG_005773,0.1623023775880574
SG_005776,0.1528655466857352
SG_005778,0.19471582551992567
SG_005784,0.16887616935427874
SG_005786,0.16980519749820192
SG_005789,0.1641059323048209
SG_005794,0.155159857279984
SG_005796,0.1368790502746742
SG_005801,0.1580215976116626
SG_005807,0.12340093883763578
SG_005809,0.13119254617374548
SG_005811,0.20470284119169882
SG_005813,0.12865640482660043
SG_005814,0.19819432387555017
SG_005817,0.13851213128865966
SG_005818,0.12729554697607148
SG_005820,0.10301670649820101
SG_005821,0.17461463846544964
SG_005824,0.10301670649820101
SG_005825,0.170103354996637
SG_005827,0.12857646688180793
SG_005828,0.27291111154179165
SG_005830,0.11717426206694094
SG_005838,0.23651109383086805
SG_005840,0.26123986955855544
SG_005842,0.14576715849212274
SG_005846,0.13091156866595002
SG_005847,0.09548366918395727
SG_005848,0.28856037494304104
SG_005857,0.25130562367323506
SG_005861,0.15567317901867472
SG_005862,0.1650697523182502
SG_005871,0.20596571260849228
SG_005872,0.17427337321967107
SG_005873,0.13334539712109297
SG_005874,0.17846961185366425
SG_005875,0.1614031963079793
SG_005877,0.17921230470520505
SG_005880,0.12297839922881038
SG_005884,0.15150556605503815
SG_005892,0.17339376360820316
SG_005894,0.16810739192701046
SG_005898,0.18359765049455545
SG_005899,0.19027794952890736
SG_005905,0.19520980608349506
SG_005909,0.12187911926891892
SG_005910,0.21559344993960144
SG_005920,0.1714912647291776
SG_005921,0.26155826187791464
SG_005922,0.17798675602010908
SG_005925,0.13761213395821922
SG_005928,0.17253263836565638
SG_005932,0.14848974415564525
SG_005934,0.20404543668543962
SG_005935,0.12189453387829725
SG_005937,0.20404543668543962
SG_005939,0.15020651545921923
SG_005943,0.17218617908704673
SG_005951,0.11112129305015214
SG_005955,0.25507627495629454
SG_005959,0.24860991132078786
SG_005966,0.13991059849013526
SG_005967,0.26762488020290487
SG_005969,0.2645807499460442
SG_005976,0.21315652890659798
SG_005977,0.16269049097621155
SG_005979,0.18842002115385967
SG_005980,0.14418979358787654
SG_005985,0.2116148366252371
SG_005986,0.23796034555428405
SG_005991,0.2495571495625622
SG_005999,0.13581418708731727
SG_006000,0.20828491746245295
SG_006004,0.14793889098686075
SG_006009,0.2019768134982434
SG_006012,0.1510702453988132
SG_006013,0.13091156866595002
SG_006022,0.17367512661506515
SG_006023,0.1520284854885163
SG_006026,0.19526444259671305
SG_006028,0.17766706716320146
SG_006029,0.15911866962291668
SG_006033,0.20422857653217832
SG_006035,0.12420143051781073
SG_006036,0.13119254617374548
SG_006038,0.18942201804741643
SG_006039,0.2659848419509819
SG_006041,0.12187911926891892
SG_006047,0.2338261545133632
SG_006049,0.14576715849212274
SG_006050,0.17774661502997827
SG_006054,0.12458205656189024
SG_006063,0.14586902374987973
SG_006067,0.25685416939577416
SG_006069,0.26423242097009714
SG_006073,0.09548366918395727
SG_006074,0.10301670649820101
SG_006075,0.1228427787601952
SG_006076,0.17707604846000716
SG_006077,0.1920858461209865
SG_006079,0.3149437644648317
SG_006081,0.1276720515789365
SG_006086,0.12142487866674669
SG_006092,0.15311587796383816
SG_006095,0.13701007686539438
SG_006097,0.17131962961137567
SG_006099,0.22686841130222396
SG_006101,0.15963656284253266
SG_006112,0.19142736823667417
SG_006122,0.18279130891647447
SG_006127,0.20445798346718888
SG_006131,0.12729633144967797
SG_006133,0.1765203377673057
SG_006136,0.1483988575305412
SG_006137,0.17340614952041872
SG_006140,0.20539067311981737
SG_006143,0.14247795806007987
SG_006148,0.12865640482660043
SG_006150,0.1714857614554308
SG_006151,0.25978437512473757
SG_006154,0.11531843132807301
SG_006161,0.17562572276872143
SG_006163,0.1507321668717347
SG_006169,0.14812860488511687
SG_006170,0.1796263887619131
SG_006179,0.1495230271927221
SG_006181,0.14403258176880887
SG_006184,0.13357016645077507
SG_006187,0.11709595535717508
SG_006189,0.1741305454662732
SG_006197,0.13937774764828792
SG_006202,0.16687918889000805
SG_006206,0.1227980576548429
SG_006212,0.14631430067510318
SG_006213,0.16461692504660336
SG_006218,0.19607626256357064
SG_006222,0.19732102174380498
SG_006224,0.20481780776611988
SG_006225,0.31602988964014084
SG_006226,0.2526726320527839
SG_006229,0.12187911926891892
SG_006237,0.2364842632878713
SG_006238,0.10301670649820101
SG_006240,0.12497360432098817
SG_006241,0.14285294580380561
SG_006242,0.14447487775059084
SG_006244,0.15172768892884955
SG_006245,0.13145127661576883
SG_006247,0.14772839600563617
SG_006250,0.1218112632939895
SG_006251,0.1926405919298387
SG_006252,0.20885967736593047
SG_006254,0.15335955000941848
SG_006256,0.22242711141153715
SG_006260,0.1805105492873037
SG_006262,0.1998422294467067
SG_006263,0.12617982693224053
SG_006264,0.1503113540219634
SG_006266,0.24576292222763602
SG_006269,0.1694068904925894
SG_006275,0.2803544945227461
SG_006277,0.14830056388302207
SG_006283,0.13888718334123573
SG_006284,0.13709135841800976
SG_006287,0.12617982693224053
SG_006288,0.1389526823970563
SG_006300,0.16864973186386353
SG_006301,0.15717204610797514
SG_006304,0.12497360432098817
SG_006306,0.14225738484803238
SG_006313,0.17432682556861903
SG_006315,0.183937736935681
SG_006317,0.1972042365367772
SG_006320,0.19128287568787278
SG_006322,0.2545691079935417
SG_006326,0.14865798850777534
SG_006328,0.17749919494508515
SG_006331,0.1439925093374898
SG_006337,0.18514255846821387
SG_006340,0.14323137685607404
SG_006345,0.1942602577048952
SG_006348,0.12268515697529574
SG_006349,0.1423610929347341
SG_006356,0.15324442765175092
SG_006357,0.12497360432098817
SG_006358,0.15517475630931413
SG_006360,0.1795781906503932
SG_006371,0.18615412699230413
SG_006373,0.18278506680186593
SG_006380,0.17693548594284977
SG_006382,0.12189453387829725
SG_006388,0.09548366918395727
SG_006393,0.15577614067845894
SG_006394,0.12807533252257033
SG_006396,0.11531843132807301
SG_006398,0.1426458448610121
SG_006400,0.16656309837070632
SG_006403,0.16565866587439607
SG_006404,0.1449471759591744
SG_006411,0.14629002840060293
SG_006417,0.21491555472867685
SG_006418,0.20582677076786668
SG_006420,0.25772860524426877
SG_006421,0.12387973978271753
SG_006423,0.13954529389291925
SG_006424,0.15079692482316112
SG_006429,0.2005935953661344
SG_006435,0.13145782108351428
SG_006438,0.1800640150530893
SG_006439,0.179675724410687
SG_006441,0.12415495744661122
SG_006445,0.17176534294031695
SG_006446,0.14324993033058175
SG_006448,0.1778549712479594
SG_006451,0.17114614601466208
SG_006452,0.2185129332577983
SG_006455,0.18869586240841335
SG_006463,0.2048699862593028
SG_006467,0.12458205656189024
SG_006469,0.1805574344149511
SG_006470,0.14241215864744222
SG_006477,0.17150817933328708
SG_006480,0.2452192651991419
SG_006486,0.13119254617374548
SG_006487,0.13462953272990624
SG_006488,0.24167565941224448
SG_006490,0.25503459228176667
SG_006491,0.1440215132792657
SG_006493,0.15974047105070074
SG_006494,0.21725560638933894
SG_006496,0.1464123178684354
SG_006497,0.18336624980243996
SG_006498,0.22422695998868367
SG_006500,0.19677529395238946
SG_006502,0.1556461053452842
SG_006503,0.187241289422329
SG_006505,0.30864202033554505
SG_006506,0.24204782173785908
SG_006507,0.12774031007474965
SG_006512,0.1307429613268993
SG_006516,0.1884079539312957
SG_006520,0.1331088076855204
SG_006522,0.13462953272990624
SG_006528,0.17427979215167724
SG_006534,0.13463999295220133
SG_006535,0.16828310818672654
SG_006536,0.15486128892535064
SG_006537,0.12420143051781073
SG_006539,0.18410435076384446
SG_006541,0.13557507387109996
SG_006543,0.24916041911792758
SG_006545,0.21559344993960144
SG_006548,0.14348163806369602
SG_006550,0.12458205656189024
SG_006551,0.11676880007659844
SG_006557,0.1525893982004753
SG_006560,0.12204982342465942
SG_006564,0.2919573222540144
SG_006566,0.21880865387029597
SG_006567,0.17089353336505952
SG_006577,0.14371571740898853
SG_006579,0.17830869800070961
SG_006581,0.1299281483201627
SG_006588,0.13119254617374548
SG_006592,0.2253098434626921
SG_006597,0.1263297448498867
SG_006601,0.17880453948549035
SG_006607,0.1341968376097475
SG_006608,0.17226454218281423
SG_006610,0.12458205656189024
SG_006615,0.20674506260601763
SG_006616,0.17783875466766183
SG_006620,0.15589317503558772
SG_006622,0.1525893982004753
SG_006623,0.1861356553412503
SG_006624,0.12553422992420998
SG_006626,0.15590524884872364
SG_006627,0.2516828286203406
SG_006633,0.14453341978433823
SG_006637,0.14511201696897574
SG_006638,0.2076403149824602
SG_006639,0.16237633113032623
SG_006644,0.19039377893531326
SG_006645,0.18809559480869512
SG_006651,0.2015618645964024
SG_006659,0.12781451073914804
SG_006664,0.19127018888909483
SG_006668,0.1440215132792657
SG_006673,0.1469013498238051
SG_006687,0.16201561370876438
SG_006688,0.21606596346594642
SG_006690,0.19018979141180753
SG_006693,0.2166368730627342
SG_006698,0.12458205656189024
SG_006700,0.2019775556530792
SG_006706,0.14196808491752846
SG_006710,0.1754455114070351
SG_006713,0.14896424696628896
SG_006716,0.19241614443183971
SG_006728,0.13088480118752138
SG_006734,0.16720754266832882
SG_006736,0.19471009043822515
SG_006744,0.2449264645610138
SG_006745,0.18767857775401856
SG_006749,0.16938088183587188
SG_006758,0.14196375430736272
SG_006760,0.2075186647491202
SG_006765,0.167917607255507
SG_006766,0.24606954555012014
SG_006769,0.21413975565055152
SG_006778,0.15635138453632222
SG_006780,0.13804525066189874
SG_006781,0.1722288625809729
SG_006786,0.17150817933328708
SG_006789,0.14330561958119628
SG_006792,0.24816225673399228
SG_006793,0.12225241564095869
SG_006800,0.1888210384276355
SG_006802,0.20751556420958514
SG_006808,0.13119254617374548
SG_006820,0.1397853014194471
SG_006833,0.1720925875957606
SG_006835,0.17433599408507647
SG_006837,0.15532635497802486
SG_006841,0.14414473048711043
SG_006847,0.17225394223621987
SG_006848,0.1370669287894506
SG_006851,0.14984136466587147
SG_006852,0.148712290911822
SG_006860,0.1440215132792657
SG_006861,0.15771942911026796
SG_006863,0.1375386656770739
SG_006866,0.1497979640550258
SG_006868,0.18097388668676934
SG_006874,0.14701154057291937
SG_006877,0.14576715849212274
SG_006879,0.1809848716111484
SG_006880,0.12552604515071905
SG_006881,0.14583758589649384
SG_006889,0.10301670649820101
SG_006890,0.24821263542223468
SG_006897,0.25465464258219994
SG_006901,0.2538143750557368
SG_006908,0.1438327045442691
SG_006910,0.17089353336505952
SG_006914,0.2008947769724142
SG_006918,0.1483988575305412
SG_006924,0.14274015735875237
SG_006925,0.1833660017627406
SG_006927,0.25243060885933033
SG_006929,0.18012405429925313
SG_006937,0.22939739151578714
SG_006938,0.1338170076536006
SG_006940,0.163076941560582
SG_006942,0.13722588446252906
SG_006945,0.11836776564608513
SG_006949,0.15758930735567933
SG_006950,0.1887440044032574
SG_006951,0.17226454218281423
SG_006953,0.12810253122951057
SG_006954,0.1299281483201627
SG_006956,0.20555011617296726
SG_006957,0.2517351325966512
SG_006962,0.18938894351262425
SG_006963,0.1228427787601952
SG_006964,0.12876577742968218
SG_006966,0.13583175979632375
SG_006970,0.17703342911299924
SG_006971,0.18085377471067068
SG_006972,0.1478619513861425
SG_006974,0.3618132603069856
SG_006977,0.18264957658006384
SG_006978,0.12420143051781073
SG_006981,0.2225882547560222
SG_006982,0.3109244411291351
SG_006983,0.15678016114084212
SG_006984,0.14651758628591116
SG_006987,0.14572325306053824
SG_006994,0.13983368517961803
SG_006997,0.14095469045319906
SG_007002,0.21477311962022305
SG_007005,0.1932168683440739
SG_007009,0.20510719749616374
SG_007011,0.1455401914445686
SG_007017,0.10301670649820101
SG_007018,0.11365680156634232
SG_007019,0.13930632420777112
SG_007029,0.21339495664408142
SG_007030,0.11227672200919259
SG_007033,0.169513554799865
SG_007040,0.17553057153726118
SG_007047,0.2137471205318014
SG_007054,0.12474447336273913
SG_007055,0.26325360235022743
SG_007056,0.17687853359382222
SG_007061,0.14274015735875237
SG_007062,0.1567060849667239
SG_007067,0.14572145074384882
SG_007068,0.18432953402655766
SG_007069,0.20100296641844395
SG_007073,0.12458205656189024
SG_007075,0.17587820810236546
SG_007076,0.13119254617374548
SG_007078,0.19148013281238224
SG_007080,0.18031318591331122
SG_007091,0.1323278276352274
SG_007095,0.2010523212090416
SG_007100,0.18720544087446497
SG_007104,0.1994115846065487
SG_007112,0.14576715849212274
SG_007114,0.1483887439109756
SG_007127,0.12420143051781073
SG_007130,0.1231586719175335
SG_007133,0.14671238360769462
SG_007136,0.18181374386280189
SG_007138,0.2073116966241481
SG_007139,0.1440215132792657
SG_007143,0.15562626577530825
SG_007146,0.17871488311939612
SG_007150,0.15584560642440531
SG_007155,0.14636494452615292
SG_007157,0.14239030480574089
SG_007160,0.2367713492023379
SG_007162,0.13462953272990624
SG_007163,0.1707065590211805
SG_007166,0.16234039499101255
SG_007168,0.14423178018661875
SG_007170,0.19176347448314962
SG_007179,0.1341968376097475
SG_007181,0.12758630221366793
SG_007183,0.22195243801991535
SG_007186,0.12983200493650954
SG_007202,0.17240185540771608
SG_007203,0.23732351580871544
SG_007204,0.16112270296783376
SG_007205,0.16161742252167868
SG_007210,0.23999970838863077
SG_007212,0.2106556016771831
SG_007215,0.11300802386247585
SG_007218,0.18343254785201732
SG_007226,0.12900056887228384
SG_007229,0.14225738484803238
SG_007231,0.19783342275533133
SG_007234,0.16005938460794575
SG_007237,0.25772196355717675
SG_007239,0.1440215132792657
SG_007240,0.19766083462229753
SG_007249,0.16152571053154716
SG_007252,0.13980837017741202
SG_007255,0.12189453387829725
SG_007256,0.17509531233382672
SG_007257,0.1980256159050165
SG_007263,0.17541691849092286
SG_007264,0.1394896211634377
SG_007265,0.16887616935427874
SG_007268,0.17713962333180172
SG_007271,0.17538130839665944
SG_007275,0.1683660295040361
SG_007280,0.19792591279608746
SG_007281,0.20476686677545208
SG_007282,0.16572888854337156
SG_007283,0.1343819603598912
SG_007287,0.15311587796383816
SG_007288,0.14711975654959092
SG_007301,0.24040600790244573
SG_007307,0.17956521569042702
SG_007310,0.14693314648999237
SG_007312,0.1579187877688041
SG_007314,0.1786665074803394
SG_007319,0.142855615668303
SG_007326,0.23194177097316618
SG_007331,0.11400236377788972
SG_007333,0.19129825112880341
SG_007334,0.21976774106989116
SG_007338,0.13953245455843896
SG_007340,0.18681410071878057
SG_007345,0.1403278425609893
SG_007349,0.2071975791513786
SG_007356,0.1452602049265259
SG_007358,0.11982129072615331
SG_007368,0.18910594661252614
SG_007370,0.12420143051781073
SG_007371,0.21769534466641258
SG_007372,0.14727777631356315
SG_007375,0.13771464838785621
SG_007378,0.1796696156499479
SG_007379,0.12497121993149772
SG_007380,0.19123735068203074
SG_007383,0.11650662807444293
SG_007384,0.2137683213043717
SG_007389,0.17767135454290345
SG_007390,0.14976402262498598
SG_007401,0.24149867675466588
SG_007403,0.22867852099846592
SG_007406,0.1459744693490978
SG_007409,0.23879587170463068
SG_007410,0.2013695063698014
SG_007413,0.14748097316079892
SG_007416,0.20422857653217832
SG_007419,0.14874006823222305
SG_007420,0.2721469796107468
SG_007423,0.18517775615334942
SG_007424,0.21070640957277695
SG_007428,0.21888926610384127
SG_007433,0.13558877299966357
SG_007434,0.12458205656189024
SG_007437,0.13119254617374548
SG_007441,0.1994895743507781
SG_007443,0.27904163867113796
SG_007450,0.12942655924146798
SG_007452,0.2227565854173847
SG_007455,0.12187911926891892
SG_007462,0.13520543441909247
SG_007464,0.17218501289781488
SG_007466,0.1404846150861982
SG_007469,0.16214195386298363
SG_007470,0.2578743680248642
SG_007472,0.12458205656189024
SG_007476,0.14697124963413707
SG_007486,0.19616534054468365
SG_007489,0.20502151131750052
SG_007490,0.14968543444266239
SG_007495,0.2257973232649622
SG_007499,0.21744538857886211
SG_007506,0.11541100826798477
SG_007508,0.16560890986360483
SG_007509,0.12497360432098817
SG_007517,0.1760392441607179
SG_007518,0.22374564218990808
SG_007522,0.21888926610384127
SG_007524,0.17393402538586414
SG_007527,0.12452151255352625
SG_007535,0.16668024800149178
SG_007540,0.24376061735638602
SG_007546,0.17709931942331905
SG_007552,0.23796034555428405
SG_007553,0.18791191769938578
SG_007557,0.15762169603940998
SG_007558,0.2856552328222164
SG_007560,0.19957929242922776
SG_007568,0.12719323315129083
SG_007571,0.2188976157984736
SG_007573,0.1354460300837391
SG_007577,0.14960063033855955
SG_007578,0.19224689986286153
SG_007579,0.09548366918395727
SG_007582,0.21072330342434936
SG_007586,0.12055764372842576
SG_007587,0.19573796474261235
SG_007589,0.12841768531838782
SG_007591,0.12340093883763578
SG_007595,0.1419677262633428
SG_007597,0.15435350509400375
SG_007599,0.14423178018661875
SG_007602,0.17038384375219054
SG_007605,0.12568529892972785
SG_007609,0.13296257716602156
SG_007614,0.2212673214065611
SG_007620,0.14225738484803238
SG_007628,0.17646813082583743
SG_007630,0.14691662888619472
SG_007646,0.22230921292790995
SG_007648,0.10940475250260766
SG_007654,0.14979127589564348
SG_007655,0.14610357126886095
SG_007656,0.28025880409382264
SG_007657,0.178856259391145
SG_007658,0.1610334881238737
SG_007659,0.2722441594021035
SG_007660,0.1665816163206013
SG_007663,0.1385605622120149
SG_007665,0.2757617747734595
SG_007667,0.18854484589912834
SG_007670,0.1860421602338231
SG_007678,0.11783164673201874
SG_007679,0.29029821549918183
SG_007681,0.14920749713122958
SG_007685,0.14575454224306356
SG_007686,0.17798675602010908
SG_007687,0.17000493976139164
SG_007688,0.16419420218724176
SG_007691,0.12187911926891892
SG_007696,0.14573270418364812
SG_007698,0.15956239817070786
SG_007700,0.21159702848099018
SG_007703,0.12458205656189024
SG_007704,0.13474300412688775
SG_007706,0.1757532825087541
SG_007711,0.15194969925318602
SG_007712,0.15921593495732492
SG_007714,0.14742699395623418
SG_007717,0.22396189739655273
SG_007719,0.13334539712109297
SG_007720,0.1343819603598912
SG_007721,0.17899783162954966
SG_007728,0.15232424041825807
SG_007737,0.22387798220466026
SG_007741,0.13364324332075045
SG_007742,0.169874853393439
SG_007744,0.17148459687896198
SG_007746,0.2010241545102321
SG_007748,0.1404846150861982
SG_007750,0.12458205656189024
SG_007751,0.10301670649820101
SG_007752,0.13227194141909035
SG_007758,0.2818775161943632
SG_007760,0.16889392916160142
SG_007762,0.28603253947758167
SG_007770,0.16947191766847683
SG_007772,0.16876044497576448
SG_007776,0.12458205656189024
SG_007780,0.22229538339811597
SG_007781,0.17150817933328708
SG_007782,0.15794752738642245
SG_007787,0.2010665730483305
SG_007800,0.20170466032317888
SG_007801,0.14008461214700574
SG_007804,0.1440215132792657
SG_007805,0.20966140211375192
SG_007807,0.14576715849212274
SG_007808,0.259930893431527
SG_007813,0.18855492548111372
SG_007815,0.09548366918395727
SG_007817,0.1769830824439832
SG_007818,0.18822709045149333
SG_007820,0.1483988575305412
SG_007822,0.2181813548150567
SG_007823,0.1370669287894506
SG_007824,0.13119254617374548
SG_007834,0.15042493472533133
SG_007836,0.11223563180540573
SG_007839,0.15917570938682654
SG_007842,0.09548366918395727
SG_007844,0.1842057617067889
SG_007846,0.12743574437606484
SG_007849,0.18406590489589478
SG_007858,0.21047018103215662
SG_007864,0.19004413378837773
SG_007866,0.15470076860551066
SG_007875,0.18224961829632597
SG_007876,0.16300904467877617
SG_007880,0.19180765811793785
SG_007884,0.13771464838785621
SG_007889,0.18150714425874553
SG_007892,0.14530117135563245
SG_007897,0.18619886896934434
SG_007898,0.17728852706780965
SG_007899,0.13393799060373612
SG_007901,0.16587235383645133
SG_007908,0.2079825294467816
SG_007910,0.14544934190814718
SG_007922,0.12187911926891892
SG_007923,0.13395632213347283
SG_007926,0.25401674218863923
SG_007931,0.17997545667510023
SG_007933,0.13981497829507047
SG_007939,0.24055920829751803
SG_007940,0.13159732851744793
SG_007946,0.13800442547096592
SG_007947,0.14048907188721968
SG_007948,0.14305092569079256
SG_007954,0.12497121993149772
SG_007957,0.12783707234133088
SG_007960,0.17587519578245045
SG_007964,0.16003634081980941
SG_007965,0.15892383528545337
SG_007980,0.19260254810550634
SG_007985,0.1387518548293816
SG_007992,0.12789165957650464
SG_007996,0.1508650223582941
SG_007998,0.13954529389291925
SG_007999,0.12376227126456504
SG_008014,0.16989013180022447
SG_008015,0.14008461214700574
SG_008020,0.13834840518955466
SG_008026,0.1425897273260123
SG_008033,0.16645249109936402
SG_008043,0.13233494078720182
SG_008050,0.14923558516847704
SG_008055,0.16268927002975841
SG_008056,0.24156384204661252
SG_008058,0.21186609137085038
SG_008067,0.1632118901543175
SG_008074,0.18279130891647447
SG_008076,0.14812860488511687
SG_008081,0.1502844856990522
SG_008091,0.12189453387829725
SG_008099,0.16017443005843193
SG_008100,0.15486128892535064
SG_008101,0.11948981109294814
SG_008104,0.1743266569565021
SG_008115,0.1561228228309854
SG_008117,0.13468507367238308
SG_008118,0.19841274804355383
SG_008127,0.21971172964043525
SG_008131,0.17174936401989108
SG_008133,0.17593126784366014
SG_008137,0.1596101590331161
SG_008140,0.21495903681411574
SG_008141,0.22153127293756628
SG_008145,0.13334539712109297
SG_008152,0.10958197011572751
SG_008156,0.1496462419624083
SG_008160,0.11486607359535436
SG_008164,0.19837954621004636
SG_008167,0.24811230665315148
SG_008175,0.15674510863126742
SG_008176,0.27196080838181397
SG_008183,0.19844344999217522
SG_008188,0.1886991237930692
SG_008191,0.13091156866595002
SG_008192,0.13735170321881227
SG_008193,0.12420143051781073
SG_008195,0.16946193208631155
SG_008202,0.14980105067491867
SG_008213,0.18682960543554203
SG_008217,0.22850606824401204
SG_008224,0.1354460300837391
SG_008228,0.18289703142503858
SG_008229,0.12552604515071905
SG_008237,0.1627376196069539
SG_008242,0.12371401216669686
SG_008246,0.18174358576645655
SG_008248,0.14600663580458872
SG_008249,0.2786243814278696
SG_008253,0.18233505910997802
SG_008257,0.20935580922112615
SG_008261,0.27838695644270334
SG_008264,0.25090434530589484
SG_008265,0.16550925202872507
SG_008281,0.14072917872513607
SG_008283,0.14727596669248197
SG_008287,0.12951134997427757
SG_008291,0.26246857954641617
SG_008293,0.14831481872743624
SG_008294,0.14008924223549096
SG_008296,0.1635105591136481
SG_008298,0.15694013632718412
SG_008309,0.16500567471209066
SG_008310,0.1489205405910594
SG_008312,0.1629201645762315
SG_008316,0.2245772413412564
SG_008317,0.12972744079075285
SG_008318,0.17004955413607467
SG_008327,0.09548366918395727
SG_008330,0.1685423137796745
SG_008333,0.10301670649820101
SG_008336,0.19748746906801196
SG_008345,0.1299281483201627
SG_008347,0.12204982342465942
SG_008355,0.22686841130222396
SG_008358,0.1299281483201627
SG_008359,0.24166172026903962
SG_008360,0.14968543444266239
SG_008361,0.14434378476257953
SG_008362,0.22007922781899306
SG_008365,0.17675682836551346
SG_008366,0.1884695213385754
SG_008375,0.15892383528545337
SG_008376,0.20937819621423495
SG_008382,0.1439925093374898
SG_008383,0.20449112625147178
SG_008388,0.1625452649245706
SG_008389,0.21228736076906968
SG_008392,0.1613503457615161
SG_008396,0.1351127649455492
SG_008402,0.1483988575305412
SG_008410,0.17964535494043937
SG_008413,0.1741305454662732
SG_008417,0.17129759130936162
SG_008420,0.24174312596422748
SG_008422,0.13540449377541044
SG_008435,0.20690216956928936
SG_008440,0.12458205656189024
SG_008441,0.2158856628215672
SG_008442,0.13881806978378175
SG_008443,0.1440215132792657
SG_008444,0.12420143051781073
SG_008449,0.18231740591632775
SG_008452,0.18359585813883522
SG_008457,0.14294549295405432
SG_008459,0.13364324332075045
SG_008462,0.19134051847455735
SG_008467,0.24758007682397384
SG_008468,0.15904738402326316
SG_008478,0.13958055201943442
SG_008482,0.2617590301732163
SG_008484,0.20983914104617907
SG_008485,0.16748436620524793
SG_008494,0.17844212800142303
SG_008497,0.1354460300837391
SG_008498,0.15990879149607973
SG_008500,0.24293366478304487
SG_008501,0.2205407298185666
SG_008504,0.12420143051781073
SG_008506,0.1631710435995238
SG_008512,0.23655563794481813
SG_008514,0.27153764821353393
SG_008517,0.14902245333416853
SG_008522,0.19761454052532507
SG_008527,0.13119254617374548
SG_008529,0.17466522619115749
SG_008531,0.12005318277132765
SG_008534,0.25154652549505807
SG_008535,0.16834345019521713
SG_008536,0.13980837017741202
SG_008538,0.25130562367323506
SG_008541,0.1623334759198112
SG_008542,0.20203259214592637
SG_008545,0.18912554418249525
SG_008547,0.14414158209863237
SG_008549,0.24493219045984904
SG_008550,0.20504749101197217
SG_008551,0.17017118247265792
SG_008553,0.14160206879447973
SG_008555,0.13645601902723245
SG_008557,0.15694013632718412
SG_008561,0.14812860488511687
SG_008564,0.16980519749820192
SG_008565,0.22272234533093893
SG_008568,0.1406645038136322
SG_008569,0.1419677262633428
SG_008570,0.1507321668717347
SG_008572,0.14480521488316042
SG_008574,0.17773558980362675
SG_008575,0.18604148773932078
SG_008576,0.1143367294480388
SG_008577,0.1508650223582941
SG_008580,0.1299281483201627
SG_008586,0.13833830429790397
SG_008594,0.21178618013511413
SG_008598,0.13644248752394783
SG_008600,0.25192123882419193
SG_008614,0.15807221367019378
SG_008615,0.15432103855404333
SG_008617,0.15759098855973738
SG_008624,0.1767041908073672
SG_008630,0.1608482858120434
SG_008635,0.15175080835927612
SG_008636,0.11741694918289433
SG_008639,0.27321841445661516
SG_008645,0.15247408436065338
SG_008646,0.1277213472040854
SG_008650,0.20134970523541618
SG_008653,0.2186436408567762
SG_008669,0.1832972458547926
SG_008671,0.2751134201612354
SG_008689,0.1761714399184114
SG_008691,0.2406651660192346
SG_008693,0.2274774370978608
SG_008708,0.13591515696518952
SG_008714,0.17122499486946569
SG_008726,0.1566830761157414
SG_008727,0.24470841937344603
SG_008729,0.14447487775059084
SG_008734,0.251924037200728
SG_008735,0.19769508498697605
SG_008737,0.23426127520482964
SG_008739,0.11862069780432169
SG_008745,0.2594467476691738
SG_008749,0.13144367235611307
SG_008755,0.1354460300837391
SG_008759,0.14601425530497938
SG_008766,0.15634090421463784
SG_008769,0.1995148759735937
SG_008770,0.17618297202928074
SG_008771,0.13851213128865966
SG_008773,0.1851461957597316
SG_008774,0.20373976539251895
SG_008776,0.10301670649820101
SG_008777,0.2280389135496051
SG_008780,0.1508650223582941
SG_008782,0.13335990189878438
SG_008784,0.1871628403309937
SG_008785,0.14501799277306887
SG_008787,0.14444489437381244
SG_008789,0.1665816163206013
SG_008793,0.214310313301784
SG_008798,0.12789165957650464
SG_008810,0.15758032276345765
SG_008816,0.22250728820659335
SG_008823,0.20966140211375192
SG_008824,0.12420143051781073
SG_008825,0.14793934420416002
SG_008828,0.19219705779128568
SG_008836,0.12420143051781073
SG_008839,0.17636605906780436
SG_008840,0.09548366918395727
SG_008841,0.19075490127589678
SG_008843,0.15175080835927612
SG_008844,0.17134015752289777
SG_008845,0.12843141943905242
SG_008849,0.17811119437479728
SG_008850,0.14879389753628583
SG_008853,0.19252386613236544
SG_008855,0.18264957658006384
SG_008859,0.13793583852772387
SG_008862,0.17509531233382672
SG_008864,0.18074467064277022
SG_008865,0.13462953272990624
SG_008866,0.09548366918395727
SG_008867,0.3055973329282041
SG_008869,0.1906174051802669
SG_008876,0.15103276686599443
SG_008881,0.18417873548387298
SG_008883,0.10301670649820101
SG_008888,0.13135002119620193
SG_008889,0.2185604325840618
SG_008895,0.16866815513764635
SG_008897,0.13462953272990624
SG_008901,0.14241215864744222
SG_008905,0.12789165957650464
SG_008907,0.11365680156634232
SG_008908,0.12458205656189024
SG_008910,0.17948046861893638
SG_008913,0.21657652392372198
SG_008914,0.162980662407183
SG_008917,0.1555783569732727
SG_008919,0.18054506554652508
SG_008920,0.19949756611891342
SG_008925,0.25037324261058624
SG_008926,0.1760800072902567
SG_008927,0.12420143051781073
SG_008930,0.25953708516933954
SG_008932,0.13445687768220937
SG_008934,0.1759556462748949
SG_008937,0.12458205656189024
SG_008940,0.1231586719175335
SG_008943,0.15510320676474945
SG_008947,0.12420143051781073
SG_008955,0.14317503427993866
SG_008960,0.22521019774941475
SG_008962,0.13581023285610044
SG_008964,0.12187911926891892
SG_008965,0.12743574437606484
SG_008966,0.1354460300837391
SG_008971,0.1425897273260123
SG_008972,0.11862069780432169
SG_008976,0.15417922921425128
SG_008978,0.13462953272990624
SG_008983,0.1665816163206013
SG_008989,0.26442018899486336
SG_008990,0.15963656284253266
SG_008994,0.18693364182617386
SG_008996,0.20134970523541618
SG_008998,0.12420143051781073
SG_008999,0.12374234811353892
SG_009001,0.16840908283037648
SG_009005,0.1483988575305412
SG_009006,0.155527837756623
SG_009011,0.17860574329357012
SG_009017,0.12675748693528682
SG_009018,0.12976874957946155
SG_009032,0.12220431818370742
SG_009034,0.13920721866744606
SG_009043,0.18850789170097704
SG_009047,0.14576715849212274
SG_009048,0.16084364787906322
SG_009053,0.14448489525642572
SG_009055,0.18017144574427338
SG_009058,0.18957296253434278
SG_009063,0.22150668308866162
SG_009064,0.16410598599582366
SG_009065,0.20725460058329512
SG_009069,0.13980837017741202
SG_009070,0.14169616130878235
SG_009072,0.15335536990488344
SG_009075,0.15025009644392942
SG_009079,0.16504665792835976
SG_009080,0.17541691849092286
SG_009081,0.15279279296234763
SG_009083,0.15448715967760154
SG_009085,0.12187911926891892
SG_009091,0.2410694823153057
SG_009093,0.12420143051781073
SG_009100,0.11300802386247585
SG_009109,0.1633994513043197
SG_009115,0.2713078024975701
SG_009119,0.1506034222802247
SG_009120,0.15863626918669738
SG_009123,0.2191624864939736
SG_009124,0.12420143051781073
SG_009127,0.13436512604369896
SG_009128,0.13851213128865966
SG_009135,0.1795985857617305
SG_009136,0.24470841937344603
SG_009139,0.14530727933002266
SG_009146,0.2629583338179296
SG_009147,0.22269686109463216
SG_009149,0.12347749572810737
SG_009150,0.20001292636366816
SG_009152,0.20049796295842814
SG_009153,0.1725784949895861
SG_009159,0.2674249519925519
SG_009168,0.19142736823667417
SG_009169,0.1795729099064334
SG_009170,0.12187911926891892
SG_009172,0.12452151255352625
SG_009176,0.13212411295332382
SG_009179,0.18821997758813264
SG_009183,0.15797494977140134
SG_009193,0.18343150953521348
SG_009196,0.17071897228971358
SG_009199,0.17866851579942708
SG_009202,0.161448014557023
SG_009203,0.12510704625286
SG_009204,0.12609636148632739
SG_009206,0.12340093883763578
SG_009207,0.17711308701074616
SG_009209,0.14494792968734627
SG_009210,0.19770671940192458
SG_009214,0.13364324332075045
SG_009220,0.1978860602700556
SG_009223,0.1335532819146789
SG_009224,0.17241970967920767
SG_009225,0.12420143051781073
SG_009226,0.29942512266086224
SG_009229,0.15702646389141364
SG_009230,0.24746854358202608
SG_009236,0.147426941016078
SG_009242,0.12452151255352625
SG_009246,0.25030794702122133
SG_009250,0.18836219844353624
SG_009253,0.25956766183850766
SG_009266,0.25910143199681746
SG_009268,0.2085538402464052
SG_009272,0.2551007805690419
SG_009273,0.13286360244579845
SG_009274,0.18611420506383491
SG_009277,0.249297666095329
SG_009278,0.13716524099874577
SG_009279,0.12702502591718903
SG_009280,0.14554447749741212
SG_009281,0.1453605076600834
SG_009289,0.17843189352155275
SG_009290,0.2297996416319137
SG_009299,0.12420143051781073
SG_009300,0.16758592349647453
SG_009305,0.09548366918395727
SG_009307,0.20548625067853676
SG_009319,0.14068896779058374
SG_009328,0.12226519977776279
SG_009333,0.19729534243557006
SG_009335,0.17161405875430252
SG_009341,0.14610357126886095
SG_009347,0.12458205656189024
SG_009354,0.1663114947265441
SG_009355,0.2764970690502445
SG_009357,0.1469013498238051
SG_009362,0.18399909982061077
SG_009363,0.2257973232649622
SG_009365,0.14775148734552074
SG_009366,0.2439639235654425
SG_009367,0.19725633094852893
SG_009370,0.28587714884326787
SG_009386,0.1664294090590925
SG_009392,0.14886361119188213
SG_009398,0.12690145647072978
SG_009400,0.14241215864744222
SG_009402,0.21276370103657832
SG_009403,0.18312166000203597
SG_009404,0.1819891315606093
SG_009406,0.18250752033090387
SG_009407,0.1801331330102872
SG_009408,0.12458205656189024
SG_009409,0.1263297448498867
SG_009410,0.2682367796572437
SG_009411,0.26053105325556525
SG_009412,0.12187911926891892
SG_009413,0.11561864296922686
SG_009415,0.15621111929749143
SG_009417,0.23779311431659614
SG_009419,0.13119254617374548
SG_009425,0.19347713135129815
SG_009426,0.16133102876536373
SG_009427,0.1440215132792657
SG_009429,0.10301670649820101
SG_009434,0.12653061199384916
SG_009438,0.14576715849212274
SG_009441,0.17204591555480017
SG_009442,0.1905855357161632
SG_009444,0.2581246892786042
SG_009445,0.20715582195915594
SG_009446,0.11712457400233836
SG_009447,0.13462953272990624
SG_009449,0.1884831620595088
SG_009455,0.1440215132792657
SG_009458,0.24219506998629897
SG_009461,0.24470841937344603
SG_009462,0.1688581618998256
SG_009466,0.14842875007368103
SG_009473,0.13212411295332382
SG_009478,0.18123838192237507
SG_009479,0.1907417408131952
SG_009481,0.13119254617374548
SG_009485,0.12440958806611563
SG_009490,0.20162150162588424
SG_009496,0.1205935233887219
SG_009500,0.12455292565619389
SG_009502,0.25733710276956756
SG_009504,0.21709745465052543
SG_009505,0.14798389978656012
SG_009516,0.12187911926891892
SG_009518,0.2570783991991894
SG_009519,0.21820389056431275
SG_009528,0.16264298689347476
SG_009529,0.20120714415897017
SG_009530,0.11571698797322028
SG_009533,0.24549774011210984
SG_009537,0.16752526781202004
SG_009539,0.15447182555707634
SG_009540,0.16001665352160493
SG_009541,0.2091873282993216
SG_009544,0.13119254617374548
SG_009556,0.2525543192785036
SG_009558,0.20142219064901487
SG_009566,0.1476590862153606
SG_009567,0.14775588213400048
SG_009569,0.1351127649455492
SG_009573,0.1374223508333326
SG_009577,0.12976059238477983
SG_009581,0.15323013072642624
SG_009582,0.16621143599024382
SG_009584,0.1286721281637573
SG_009585,0.2131727565446436
SG_009589,0.19179750376574903
SG_009592,0.1483988575305412
SG_009593,0.21248745668791624
SG_009602,0.13781064713608465
SG_009614,0.15975000378324353
SG_009616,0.19397019590830925
SG_009618,0.1922665494253779
SG_009619,0.15311587796383816
SG_009620,0.17134746257379216
SG_009622,0.12420143051781073
SG_009630,0.1440215132792657
SG_009632,0.1329639513588909
SG_009639,0.13949596235495268
SG_009649,0.1935491063516854
SG_009651,0.14526078036902695
SG_009661,0.09548366918395727
SG_009670,0.1331088076855204
SG_009671,0.1991913689965655
SG_009679,0.1816112524792218
SG_009681,0.09548366918395727
SG_009683,0.1354460300837391
SG_009687,0.1724665009373979
SG_009690,0.20081568832287272
SG_009691,0.20536716660833476
SG_009694,0.20489385586755343
SG_009696,0.23181281171992013
SG_009701,0.18223845914197473
SG_009702,0.1463480486492598
SG_009707,0.13583175979632375
SG_009716,0.13119254617374548
SG_009718,0.17082373696358064
SG_009727,0.1508650223582941
SG_009736,0.11568296819360079
SG_009741,0.18140283789526038
SG_009744,0.17978862262326548
SG_009746,0.13513449807605418
SG_009747,0.1678505553508471
SG_009751,0.14641248055393935
SG_009754,0.1742377033212169
SG_009757,0.12420143051781073
SG_009759,0.15505229951159336
SG_009760,0.2577760974962982
SG_009762,0.15101219897677814
SG_009763,0.1683720197445211
SG_009766,0.1190305942511019
SG_009776,0.16597764905229764
SG_009778,0.20473505821170418
SG_009780,0.2591216135480363
SG_009782,0.26958899027714633
SG_009783,0.12605674447536439
SG_009785,0.17924368846649572
SG_009786,0.15214381279618366
SG_009791,0.1815150135328909
SG_009794,0.12535843022377413
SG_009795,0.18331932336399206
SG_009799,0.1712560733126634
SG_009800,0.22663976880591186
SG_009814,0.22683717477584076
SG_009819,0.13337929731039502
SG_009824,0.18230070420405609
SG_009825,0.25227344727672407
SG_009829,0.20366572246646422
SG_009834,0.13616876302778952
SG_009837,0.16476092792832076
SG_009838,0.12420143051781073
SG_009843,0.19774561546864894
SG_009845,0.14845963814118815
SG_009851,0.17471284276988108
SG_009855,0.20455780476128058
SG_009856,0.17203734773861834
SG_009862,0.21040483585524422
SG_009865,0.1351127649455492
SG_009867,0.1768362582340623
SG_009868,0.18259462128249587
SG_009869,0.12510704625286
SG_009870,0.1819454703918977
SG_009875,0.16597764905229764
SG_009876,0.17971955646210716
SG_009877,0.1865213872995973
SG_009878,0.28750016406728657
SG_009880,0.21222466155413053
SG_009881,0.14457431507378635
SG_009895,0.26616999778220346
SG_009905,0.202622260254025
SG_009909,0.19071566154294198
SG_009914,0.21655408243950128
SG_009916,0.13872489333848104
SG_009921,0.12596529510615956
SG_009923,0.20856875751736736
SG_009926,0.2146045284799983
SG_009929,0.2120599763062586
SG_009932,0.1636820248349422
SG_009933,0.12498220717902823
SG_009935,0.1796696156499479
SG_009936,0.12878649186777913
SG_009937,0.1440215132792657
SG_009941,0.1508650223582941
SG_009942,0.19224689986286153
SG_009953,0.25685416939577416
SG_009956,0.14680367153614438
SG_009959,0.18240573467119076
SG_009964,0.1508650223582941
SG_009972,0.194788641463613
SG_009977,0.14259637665642774
SG_009979,0.19113541490694402
SG_009982,0.12707083481310924
SG_009985,0.2516953008526284
SG_009987,0.09548366918395727
SG_009989,0.15468621810188968
SG_009993,0.15760554144641778
SG_009997,0.1946544222812241
SG_009999,0.13895903313080285
SG_010002,0.2050676461597407
SG_010007,0.1634981379796362
SG_010008,0.13343984444791732
SG_010009,0.12440958806611563
SG_010010,0.18014972910804017
SG_010011,0.11926896411181052
SG_010012,0.13583175979632375
SG_010014,0.15311587796383816
SG_010015,0.14046322780854859
SG_010019,0.1311935100829348
SG_010020,0.1483988575305412
SG_010021,0.1419869793613532
SG_010024,0.12596529510615956
SG_010025,0.13119254617374548
SG_010034,0.20717481552878808
SG_010037,0.16701271306571888
SG_010038,0.21506583354202252
SG_010042,0.18882529929136713
SG_010045,0.18004078959051328
SG_010047,0.10301670649820101
SG_010048,0.15097855587783646
SG_010050,0.17764260866349407
SG_010052,0.14136986426857778
SG_010058,0.23102390841309986
SG_010061,0.18222166462949824
SG_010068,0.1299281483201627
SG_010069,0.18097184732391153
SG_010074,0.174363133356583
SG_010078,0.1109011199994526
SG_010081,0.13672413307806736
SG_010084,0.17230560605816342
SG_010085,0.1299482914341251
SG_010086,0.3036132316442373
SG_010088,0.17880855983004984
SG_010091,0.10301670649820101
SG_010092,0.2673815120907948
SG_010099,0.13348933581130396
SG_010101,0.14281047686831425
SG_010103,0.14082561541905403
SG_010104,0.1985609838822615
SG_010106,0.18314322585796544
SG_010109,0.16395556759012012
SG_010115,0.12340093883763578
SG_010116,0.19400820298606447
SG_010117,0.1697680595083881
SG_010123,0.19818558845276368
SG_010130,0.11708515242782326
SG_010132,0.11266199373296372
SG_010134,0.20972282846136575
SG_010142,0.20217084217669962
SG_010144,0.13442717288234265
SG_010146,0.1227980576548429
SG_010151,0.12055764372842576
SG_010153,0.30636665081501246
SG_010155,0.15359061702834473
SG_010157,0.20143856747525035
SG_010165,0.13570032251227396
SG_010166,0.09548366918395727
SG_010169,0.13686492081859447
SG_010170,0.10301670649820101
SG_010172,0.15010002804923356
SG_010173,0.18509043172664402
SG_010174,0.1817406454065285
SG_010175,0.1742377033212169
SG_010176,0.21005662076337878
SG_010182,0.1382358942144397
SG_010183,0.2675990429271163
SG_010184,0.18493633490754796
SG_010187,0.12789165957650464
SG_010195,0.14222886432113113
SG_010198,0.18969699840251897
SG_010199,0.20604304889110175
SG_010200,0.12590306280928037
SG_010204,0.1604074155431925
SG_010206,0.1556461053452842
SG_010208,0.18419809131143666
SG_010209,0.178055486576972
SG_010210,0.16153919238336403
SG_010213,0.14522831435493055
SG_010217,0.14960063033855955
SG_010226,0.16438223198406718
SG_010227,0.13119254617374548
SG_010234,0.13675708331882075
SG_010235,0.1490570221469542
SG_010238,0.280817852367056
SG_010241,0.13395632213347283
SG_010242,0.1483988575305412
SG_010243,0.12474447336273913
SG_010246,0.1624381671807175
SG_010252,0.16196263764248928
SG_010253,0.2701240255857828
SG_010256,0.21167787891863424
SG_010257,0.144181383145181
SG_010258,0.1231586719175335
SG_010259,0.21491555472867685
SG_010261,0.17175394626732307
SG_010263,0.1245162462518128
SG_010265,0.12578325225236348
SG_010267,0.13491935012789946
SG_010271,0.12905886999941749
SG_010273,0.1775873854364254
SG_010274,0.15311587796383816
SG_010277,0.1731726739909734
SG_010284,0.12420143051781073
SG_010286,0.13583175979632375
SG_010287,0.2642564262377219
SG_010288,0.12420143051781073
SG_010293,0.16668380458405255
SG_010294,0.23735859624928815
SG_010298,0.15905060438113647
SG_010306,0.1815826051340766
SG_010313,0.2041325335860631
SG_010315,0.2305856090916444
SG_010316,0.18635147228031965
SG_010319,0.14050015621721829
SG_010320,0.24803154208148062
SG_010322,0.15897617425517152
SG_010323,0.2484298340335599
SG_010326,0.1483988575305412
SG_010328,0.18294014578099502
SG_010329,0.21707207477005502
SG_010330,0.2109165646565962
SG_010332,0.12609636148632739
SG_010336,0.2297996416319137
SG_010344,0.16508785926302874
SG_010347,0.21697347922727203
SG_010350,0.1440215132792657
SG_010352,0.2852644645652127
SG_010354,0.1623334759198112
SG_010358,0.13682408736975107
SG_010371,0.13020411862224188
SG_010373,0.20023170869069257
SG_010379,0.12420143051781073
SG_010386,0.14252005051492658
SG_010393,0.13369269860138264
SG_010394,0.1874915024760378
SG_010399,0.14886361119188213
SG_010401,0.12420143051781073
SG_010404,0.14403753742109415
SG_010406,0.17277467437012406
SG_010407,0.1718138860140021
SG_010409,0.25195640224563215
SG_010412,0.16804767898801667
SG_010418,0.13135830026592876
SG_010420,0.11531843132807301
SG_010424,0.25105291947186836
SG_010425,0.1517380473756494
SG_010428,0.2640490925104089
SG_010430,0.28836797486815163
SG_010431,0.19976147979332526
SG_010435,0.14308057224628104
SG_010442,0.27056373996723165
SG_010455,0.1817450787853607
SG_010459,0.12452151255352625
SG_010460,0.21072330342434936
SG_010461,0.17949193330391122
SG_010462,0.11792435250822683
SG_010465,0.09548366918395727
SG_010467,0.13091156866595002
SG_010469,0.16485906541193687
SG_010470,0.14529196220382917
SG_010472,0.11456770212672836
SG_010475,0.20222345736903904
SG_010477,0.19915192342671253
SG_010481,0.22658403140394504
SG_010482,0.17880453948549035
SG_010483,0.20217514839010667
SG_010485,0.1440215132792657
SG_010486,0.16870805376502102
SG_010487,0.21975370579064005
SG_010490,0.17971955646210716
SG_010492,0.13682408736975107
SG_010493,0.1856447654802498
SG_010495,0.1623334759198112
SG_010498,0.18264957658006384
SG_010499,0.13851213128865966
SG_010501,0.1907417408131952
SG_010503,0.12452151255352625
SG_010505,0.1741305454662732
SG_010506,0.13211844011516027
SG_010507,0.1275826768519441
SG_010509,0.1796696156499479
SG_010510,0.15252297210659085
SG_010515,0.21316873288121657
SG_010517,0.21530642425572147
SG_010518,0.16967911026201413
SG_010531,0.2511578172734144
SG_010546,0.2644428236793215
SG_010547,0.13895931762270133
SG_010550,0.18504894147898548
SG_010552,0.12054237497230831
SG_010553,0.16154812953011724
SG_010555,0.20220996806074107
SG_010561,0.1245162462518128
SG_010562,0.18601003663715987
SG_010563,0.18871155357562586
SG_010569,0.14573270418364812
SG_010571,0.14225738484803238
SG_010577,0.14094290382385416
SG_010578,0.13583175979632375
SG_010579,0.20134970523541618
SG_010582,0.15000688759179748
SG_010585,0.17616552347787598
SG_010586,0.20266903479435514
SG_010588,0.11476564771395102
SG_010589,0.09548366918395727
SG_010590,0.24506041103828563
SG_010592,0.25685416939577416
SG_010594,0.15486128892535064
SG_010598,0.19038883422722952
SG_010600,0.17605526555679232
SG_010607,0.15101219897677814
SG_010611,0.2020976948272886
SG_010615,0.2669815357020851
SG_010616,0.14225738484803238
SG_010619,0.13119254617374548
SG_010627,0.12109552560258946
SG_010634,0.12914903853338616
SG_010635,0.17161405875430252
SG_010636,0.15842352938694004
SG_010649,0.19663428512314804
SG_010651,0.1743995680940833
SG_010653,0.13269821233269777
SG_010655,0.13135830026592876
SG_010659,0.18920579427386053
SG_010662,0.23228261518763127
SG_010664,0.1409061774468873
SG_010666,0.13399735595387713
SG_010668,0.12510704625286
SG_010670,0.25410132932179513
SG_010673,0.15575856881857988
SG_010674,0.1737389151828698
SG_010679,0.2222433063582101
SG_010684,0.25235774656368265
SG_010685,0.12535843022377413
SG_010690,0.09548366918395727
SG_010696,0.16512274886670902
SG_010700,0.17593415786973976
SG_010707,0.19737114735171699
SG_010708,0.1440215132792657
SG_010713,0.20652317969007725
SG_010717,0.14979127589564348
SG_010718,0.14056997053920245
SG_010721,0.21860629296028705
SG_010722,0.13583175979632375
SG_010726,0.18878144446021217
SG_010729,0.14850937167457195
SG_010733,0.16981608914709587
SG_010734,0.15727033411153182
SG_010737,0.1393544574253165
SG_010739,0.13643171972348755
SG_010745,0.17529601364339434
SG_010752,0.12617982693224053
SG_010753,0.17427979215167724
SG_010757,0.12187911926891892
SG_010760,0.21829145230271113
SG_010763,0.19606278908945604
SG_010769,0.1806345603433082
SG_010772,0.1813994927407545
SG_010773,0.12964684381212813
SG_010774,0.13119254617374548
SG_010781,0.12464673707357733
SG_010784,0.13129211711755392
SG_010789,0.13768130556502495
SG_010791,0.19641076614145764
SG_010795,0.27945352810661345
SG_010796,0.17776075783085576
SG_010798,0.14701458124269015
SG_010801,0.1402733536555997
SG_010803,0.2205407298185666
SG_010808,0.15010002804923356
SG_010809,0.19360034723468048
SG_010810,0.20898298509037894
SG_010814,0.23171850442446468
SG_010816,0.13212411295332382
SG_010818,0.1274518160166781
SG_010824,0.23477504082496287
SG_010828,0.18880165132269988
SG_010830,0.1711299949900631
SG_010831,0.12187911926891892
SG_010837,0.28915670077813127
SG_010843,0.12789165957650464
SG_010844,0.25455864184813654
SG_010845,0.13583175979632375
SG_010846,0.12617982693224053
SG_010847,0.18012859054470554
SG_010853,0.1508650223582941
SG_010857,0.11712457400233836
SG_010860,0.18175371266503998
SG_010863,0.12609636148632739
SG_010865,0.20249531923403488
SG_010870,0.22853690458751263
SG_010871,0.24204782173785908
SG_010872,0.14576715849212274
SG_010876,0.24751480207426993
SG_010881,0.14694796789828482
SG_010882,0.1410257670574569
SG_010884,0.20701129496949008
SG_010887,0.10304312741618538
SG_010888,0.16461200853118432
SG_010889,0.18344040588500096
SG_010894,0.2202762113725742
SG_010896,0.14870683682089858
SG_010898,0.15909749770744916
SG_010902,0.09548366918395727
SG_010904,0.26942616577556355
SG_010907,0.2253543200037071
SG_010911,0.177912445677997
SG_010922,0.144181383145181
SG_010930,0.15045188579327218
SG_010946,0.24840974622038797
SG_010951,0.15755912542332737
SG_010956,0.18599713869676596
SG_010960,0.24470841937344603
SG_010961,0.13119254617374548
SG_010962,0.20684919955313333
SG_010969,0.15311587796383816
SG_010971,0.13343984444791732
SG_010973,0.24902564438952562
SG_010974,0.1329639513588909
SG_010977,0.12420143051781073
SG_010982,0.13583175979632375
SG_010985,0.20534904079541202
SG_010986,0.17598837548651308
SG_010987,0.16288564995176336
SG_010993,0.12950725842870875
SG_010995,0.16366568219501215
SG_010998,0.27388754606354176
SG_011003,0.18565578739627028
SG_011010,0.09548366918395727
SG_011012,0.16419420218724176
SG_011016,0.19501964179825626
SG_011017,0.15335536990488344
SG_011025,0.17880453948549035
SG_011031,0.25627886621557444
SG_011050,0.10263789892830039
SG_011052,0.13770093715449808
SG_011053,0.23558502621600685
SG_011055,0.12340093883763578
SG_011057,0.1556232853693642
SG_011060,0.12187911926891892
SG_011073,0.18626822097606124
SG_011075,0.15431356344456637
SG_011077,0.17875343021859808
SG_011088,0.14948237651819493
SG_011089,0.12292629202378921
SG_011097,0.12514507107789746
SG_011107,0.15461381215121525
SG_011110,0.17160588214393405
SG_011117,0.1277213472040854
SG_011120,0.20423577160115564
SG_011132,0.13908135688800133
SG_011133,0.14573270418364812
SG_011139,0.34908479101354517
SG_011143,0.18880584380063029
SG_011144,0.12187911926891892
SG_011147,0.18728657098840168
SG_011148,0.1721117587146115
SG_011151,0.11231920234041091
SG_011152,0.21186609137085038
SG_011154,0.15730603830742051
SG_011158,0.19300726434954596
SG_011159,0.20272768720232318
SG_011160,0.24883607468948946
SG_011161,0.23223358960666635
SG_011162,0.17693548594284977
SG_011164,0.13895903313080285
SG_011169,0.13771464838785621
SG_011170,0.13269821233269777
SG_011175,0.12458205656189024
SG_011176,0.24528133645744424
SG_011177,0.14576715849212274
SG_011182,0.20250837492523813
SG_011184,0.22579017482075753
SG_011186,0.15181715668863896
SG_011190,0.12492273006383357
SG_011192,0.23684905223560573
SG_011199,0.14814208155553066
SG_011200,0.13610796871636655
SG_011201,0.1351127649455492
SG_011203,0.17237266655348846
SG_011208,0.3160007660358428
SG_011212,0.15878506274436072
SG_011214,0.1623901196673967
SG_011221,0.2575267604804947
SG_011222,0.17937407440765685
SG_011224,0.12942655924146798
SG_011226,0.19643949250484763
SG_011235,0.1533934985644712
SG_011239,0.12054237497230831
SG_011250,0.1222365837558923
SG_011257,0.1960895047486372
SG_011259,0.20172802492057482
SG_011261,0.13462953272990624
SG_011262,0.18636614048795141
SG_011266,0.20805856555880678
SG_011274,0.13195111654438368
SG_011275,0.12976059238477983
SG_011279,0.13808323025439048
SG_011280,0.23726671298124244
SG_011285,0.10301670649820101
SG_011291,0.17315949008267903
SG_011294,0.13343984444791732
SG_011298,0.16042059435319742
SG_011303,0.14223093374811838
SG_011304,0.14244348512203353
SG_011306,0.1754237321580533
SG_011307,0.16326253473566535
SG_011308,0.18432953402655766
SG_011309,0.14805820970581618
SG_011310,0.17811119437479728
SG_011312,0.2165626122607899
SG_011313,0.25049338636998425
SG_011327,0.1289457234206331
SG_011333,0.11717426206694094
SG_011335,0.2054117720180571
SG_011337,0.17025705888938378
SG_011340,0.09548366918395727
SG_011343,0.1415946530999426
SG_011345,0.17033175179316337
SG_011347,0.17812855120063478
SG_011350,0.15587086563521174
SG_011357,0.13632863959303437
SG_011360,0.15459832766398837
SG_011361,0.2124774998479524
SG_011367,0.13693830358207704
SG_011371,0.15892383528545337
SG_011376,0.12187911926891892
SG_011377,0.19172852321069758
SG_011380,0.15921771276966612
SG_011381,0.1440215132792657
SG_011383,0.12420143051781073
SG_011398,0.16748436620524793
SG_011401,0.1694466308097019
SG_011413,0.16050845191292065
SG_011416,0.14880921367168573
SG_011420,0.16508785926302874
SG_011429,0.16549685221905144
SG_011432,0.11781297033214136
SG_011437,0.17150817933328708
SG_011443,0.19100647370166757
SG_011447,0.26285688859210904
SG_011450,0.1440215132792657
SG_011457,0.15413552090276547
SG_011458,0.15320855312418205
SG_011460,0.18506497086233775
SG_011464,0.14113475687687047
SG_011468,0.10301670649820101
SG_011469,0.1964072954510467
SG_011473,0.192197730938936
SG_011475,0.20419134253186402
SG_011479,0.1876439482260582
SG_011482,0.20145736973421427
SG_011483,0.21401942944539387
SG_011492,0.17277923277052118
SG_011493,0.17543936593695203
SG_011497,0.13771464838785621
SG_011503,0.13119254617374548
SG_011504,0.19110705139197015
SG_011505,0.13851213128865966
SG_011512,0.17875343021859808
SG_011519,0.12729554697607148
SG_011526,0.20351455015122252
SG_011527,0.13302846300521046
SG_011528,0.13436512604369896
SG_011532,0.12420143051781073
SG_011541,0.12381122417816443
SG_011544,0.19760403435869958
SG_011547,0.20739687966777684
SG_011548,0.251101083110606
SG_011552,0.21709745465052543
SG_011566,0.1740108528461072
SG_011567,0.19571113425026548
SG_011569,0.1440215132792657
SG_011575,0.13596059756014117
SG_011576,0.24582516601285717
SG_011577,0.1742377033212169
SG_011581,0.17814731227453148
SG_011584,0.21146273699803378
SG_011586,0.21695680989819102
SG_011593,0.21344007312788493
SG_011597,0.12187911926891892
SG_011598,0.14668845926284507
SG_011602,0.13144531279763988
SG_011605,0.22011117065881505
SG_011607,0.1365233145348129
SG_011612,0.29226287340070756
SG_011616,0.18274800507428535
SG_011617,0.15563506625728082
SG_011620,0.18728898937687313
SG_011622,0.20286950545077534
SG_011625,0.1249242948005569
SG_011626,0.1978015971436027
SG_011627,0.2581246892786042
SG_011632,0.20174912325764915
SG_011633,0.24549774011210984
SG_011635,0.25657088168519215
SG_011638,0.22696188071098894
SG_011640,0.2199633892661527
SG_011645,0.12497121993149772
SG_011649,0.16610998946593805
SG_011656,0.13119254617374548
SG_011662,0.14118365615056852
SG_011663,0.1857224338536702
SG_011666,0.13540120316449528
SG_011672,0.10301670649820101
SG_011673,0.1727398144310289
SG_011676,0.24508062602489306
SG_011678,0.13119254617374548
SG_011682,0.18664519858498682
SG_011683,0.17880453948549035
SG_011684,0.12452151255352625
SG_011691,0.18547308361793413
SG_011694,0.12513915443998005
SG_011695,0.17663784848945166
SG_011697,0.2522750876194987
SG_011699,0.12260624916850474
SG_011701,0.2025750001910921
SG_011704,0.15698922332671733
SG_011705,0.20397404358487284
SG_011708,0.1623334759198112
SG_011714,0.20751112284562306
SG_011715,0.1968423079102586
SG_011720,0.1444491878262193
SG_011721,0.12518456382067142
SG_011727,0.13670031422153553
SG_011728,0.21239495267879738
SG_011729,0.14901997278984416
SG_011731,0.16701271306571888
SG_011736,0.20304489503978956
SG_011737,0.14610357126886095
SG_011747,0.13205215200653198
SG_011749,0.248742942774554
SG_011750,0.19703705002604163
SG_011752,0.1476590862153606
SG_011757,0.22266126060702854
SG_011764,0.2039825070333091
SG_011767,0.1301120222655562
SG_011769,0.23985549514695995
SG_011770,0.2476094281302199
SG_011772,0.26909332877637276
SG_011773,0.1440215132792657
SG_011777,0.1745948159310467
SG_011779,0.13633496892362962
SG_011780,0.20531304807377165
SG_011786,0.20106649477184255
SG_011787,0.20795806720487342
SG_011789,0.1354460300837391
SG_011796,0.10958197011572751
SG_011799,0.1508650223582941
SG_011801,0.12187911926891892
SG_011802,0.17463510419397407
SG_011806,0.13937774764828792
SG_011812,0.20291396345087764
SG_011814,0.22326029332084496
SG_011815,0.18849837858944096
SG_011816,0.2207699549578996
SG_011830,0.21863967351439145
SG_011833,0.10301670649820101
SG_011843,0.2109165646565962
SG_011853,0.1440215132792657
SG_011855,0.14403258176880887
SG_011858,0.11531843132807301
SG_011861,0.12626139830028776
SG_011863,0.17864546017169858
SG_011864,0.1883492237289097
SG_011868,0.3127300133105592
SG_011869,0.16382104212553997
SG_011871,0.254587015038142
SG_011886,0.12187911926891892
SG_011889,0.13463999295220133
SG_011890,0.15260936340544934
SG_011894,0.17916052173802174
SG_011896,0.14576715849212274
SG_011898,0.12054237497230831
SG_011900,0.18789130694398243
SG_011918,0.14320155846384203
SG_011922,0.12617982693224053
SG_011925,0.13872489333848104
SG_011926,0.14225738484803238
SG_011927,0.2549437618821698
SG_011931,0.17960118626035668
SG_011933,0.12204982342465942
SG_011936,0.10543717051491419
SG_011939,0.09548366918395727
SG_011940,0.14573270418364812
SG_011953,0.15010002804923356
SG_011955,0.25244435257462183
SG_011956,0.16630977973547179
SG_011959,0.1860248438114535
SG_011961,0.1727639773244136
SG_011962,0.22242711141153715
SG_011966,0.2206744204232454
SG_011969,0.154840570398048
SG_011971,0.1440215132792657
SG_011977,0.17994166220670224
SG_011978,0.15087328159935018
SG_011983,0.1370669287894506
SG_011986,0.12315463496028241
SG_011988,0.12068682445303185
SG_011993,0.1754546175373558
SG_011995,0.23871930602209948
SG_011996,0.13735170321881227
SG_011997,0.2046428450923879
SG_012000,0.18192683711057203
SG_012013,0.17096741949320735
SG_012018,0.1476590862153606
SG_012019,0.13088480118752138
SG_012020,0.207227197502231
SG_012022,0.13269821233269777
SG_012031,0.16720480576356295
SG_012040,0.16678205832394527
SG_012041,0.14317503427993866
SG_012048,0.12458205656189024
SG_012050,0.18885169732412235
SG_012051,0.11999584287566603
SG_012052,0.19402478780914897
SG_012064,0.1710353111441189
SG_012066,0.11948981109294814
SG_012068,0.1362794642968891
SG_012076,0.18243516631877413
SG_012077,0.12381286431198459
SG_012078,0.13773607790461526
SG_012079,0.1341968376097475
SG_012080,0.18436872022393935
SG_012081,0.17031535039292134
SG_012082,0.13119254617374548
SG_012086,0.23798069351663767
SG_012089,0.15497849808169128
SG_012097,0.12474447336273913
SG_012104,0.14790493030621193
SG_012108,0.20377177139948296
SG_012113,0.1807542278103969
SG_012119,0.24438248648734356
SG_012124,0.194412197242532
SG_012125,0.13269821233269777
SG_012141,0.23833923544838687
SG_012143,0.17464099792658938
SG_012145,0.13269821233269777
SG_012148,0.14502804155327698
SG_012150,0.2042510902206544
SG_012162,0.1711409589452547
SG_012165,0.19172151216444427
SG_012166,0.1859846806978942
SG_012167,0.1222217631593473
SG_012168,0.12452151255352625
SG_012169,0.1386491294590616
SG_012170,0.11717426206694094
SG_012175,0.1866891925567968
SG_012176,0.14955353875644362
SG_012177,0.15486128892535064
SG_012181,0.2909991549208881
SG_012186,0.24691113942666484
SG_012190,0.18445906769346299
SG_012192,0.2889152004946987
SG_012194,0.1415996944956305
SG_012195,0.18200829186515366
SG_012198,0.1865213872995973
SG_012199,0.14008461214700574
SG_012205,0.2797939807760511
SG_012206,0.1951116850004101
SG_012211,0.14008461214700574
SG_012212,0.18905128861821585
SG_012213,0.14478388795633282
SG_012216,0.2283243118150706
SG_012217,0.23939523025240708
SG_012218,0.24868078087845805
SG_012220,0.16397525121235595
SG_012225,0.18928408308888042
SG_012230,0.12458205656189024
SG_012232,0.13431869670001062
SG_012234,0.13823175764497708
SG_012238,0.15955607563441365
SG_012241,0.14008461214700574
SG_012243,0.13436512604369896
SG_012247,0.13119254617374548
SG_012253,0.13792259345828733
SG_012258,0.18902798775439417
SG_012260,0.14227747602652696
SG_012263,0.13636345569306554
SG_012264,0.1829203001769466
SG_012266,0.2578743680248642
SG_012270,0.13119254617374548
SG_012272,0.1370669287894506
SG_012276,0.1989588795916858
SG_012277,0.20863240482553477
SG_012278,0.17593473056984293
SG_012279,0.19834714787674937
SG_012280,0.2210843861189744
SG_012281,0.2254647097476078
SG_012283,0.1971267923989264
SG_012284,0.244312796362206
SG_012285,0.19639168821331654
SG_012290,0.15758011148190693
SG_012293,0.17542345908700185
SG_012301,0.20982139509194778
SG_012305,0.22374564218990808
SG_012307,0.20068416936550723
SG_012308,0.1289457234206331
SG_012310,0.17226454218281423
SG_012312,0.31410732083550186
SG_012313,0.12707083481310924
SG_012316,0.15890161566058797
SG_012321,0.1299281483201627
SG_012322,0.17196924205857755
SG_012326,0.15752019665078978
SG_012334,0.14576715849212274
SG_012336,0.16124192083707004
SG_012337,0.17456364041145253
SG_012339,0.27458488816731796
SG_012340,0.12617982693224053
SG_012345,0.10301670649820101
SG_012355,0.2547233629092067
SG_012362,0.20404543668543962
SG_012363,0.17270836194334976
SG_012368,0.2449264645610138
SG_012375,0.14403950466712828
SG_012378,0.12535843022377413
SG_012381,0.13583175979632375
SG_012384,0.15678016114084212
SG_012390,0.18881853018778622
SG_012393,0.178803628715336
SG_012397,0.11258308073024995
SG_012400,0.12617982693224053
SG_012402,0.2041222227281756
SG_012410,0.23699606008997548
SG_012414,0.16547742413612074
SG_012419,0.24493219045984904
SG_012420,0.2518406910672625
SG_012422,0.2942736831511517
SG_012423,0.2076403149824602
SG_012424,0.12458205656189024
SG_012427,0.14775082463775388
SG_012432,0.13665783152007477
SG_012436,0.23079815027080555
SG_012437,0.21888926610384127
SG_012438,0.19149929499392818
SG_012444,0.12783707234133088
SG_012446,0.09548366918395727
SG_012452,0.28454070476964105
SG_012453,0.12187911926891892
SG_012456,0.1508650223582941
SG_012459,0.14740059703452216
SG_012468,0.10301670649820101
SG_012470,0.1655439039950831
SG_012480,0.16060380673514016
SG_012484,0.1483988575305412
SG_012489,0.12340093883763578
SG_012493,0.2152787496701503
SG_012495,0.21221207794295802
SG_012499,0.2764662911808358
SG_012501,0.09548366918395727
SG_012502,0.1955888397462989
SG_012504,0.18932010259266924
SG_012506,0.09548366918395727
SG_012509,0.2050217454598521
SG_012510,0.30206712936099
SG_012513,0.15311587796383816
SG_012519,0.20143856747525035
SG_012520,0.18336585530144736
SG_012521,0.09548366918395727
SG_012525,0.17048086285488148
SG_012527,0.19092097877568348
SG_012531,0.24960446978696482
SG_012533,0.2584137623460133
SG_012538,0.12187911926891892
SG_012539,0.26717196149988603
SG_012548,0.13119254617374548
SG_012550,0.15843536397539867
SG_012552,0.10301670649820101
SG_012556,0.1362794642968891
SG_012561,0.2009915406371154
SG_012562,0.11350893199285597
SG_012563,0.20548625067853676
SG_012564,0.21093429812154643
SG_012567,0.11580475337523394
SG_012568,0.2573452310159397
SG_012571,0.1658754875252118
SG_012575,0.1275826768519441
SG_012579,0.1660572578693808
SG_012588,0.12789165957650464
SG_012591,0.1619808066193736
SG_012594,0.16601630424050245
SG_012596,0.13583175979632375
SG_012600,0.13701007686539438
SG_012601,0.14169616130878235
SG_012603,0.17873703539570548
SG_012606,0.12420143051781073
SG_012609,0.29029300924791096
SG_012610,0.1263635643691425
SG_012615,0.13753813445107005
SG_012616,0.1738823456659864
SG_012619,0.166822936115465
SG_012623,0.21739314622450023
SG_012628,0.14656286159843673
SG_012630,0.22466540676067293
SG_012632,0.16887616935427874
SG_012636,0.22958736513417288
SG_012640,0.12743574437606484
SG_012643,0.18506497086233775
SG_012648,0.25149895955525614
SG_012651,0.13621829049081646
SG_012654,0.17315278640159726
SG_012660,0.2035151467402054
SG_012661,0.20300322467715412
SG_012663,0.17973647468811674
SG_012669,0.14435259468874279
SG_012674,0.17302943160961817
SG_012680,0.19792591279608746
SG_012684,0.13091156866595002
SG_012688,0.1440215132792657
SG_012690,0.2564182719853218
SG_012697,0.19344847814782268
SG_012699,0.18464626533610498
SG_012701,0.11773094872150763
SG_012705,0.2715146181870878
SG_012709,0.1564859201198223
SG_012710,0.2493931908503465
SG_012715,0.14671238360769462
SG_012716,0.17241970967920767
SG_012718,0.13756768720535797
SG_012723,0.1440215132792657
SG_012724,0.17150817933328708
SG_012730,0.16246068612390097
SG_012734,0.17971955646210716
SG_012736,0.1484495628353776
SG_012738,0.13558877299966357
SG_012747,0.20317259552978612
SG_012749,0.24148250218913092
SG_012750,0.13145782108351428
SG_012753,0.14367184122916468
SG_012754,0.2571447340853709
SG_012757,0.1757532825087541
SG_012763,0.14114969030777064
SG_012764,0.18200027400307672
SG_012767,0.19219705779128568
SG_012768,0.16911255951732848
SG_012773,0.14815779882185615
SG_012775,0.11616653842186081
SG_012777,0.16678205832394527
SG_012786,0.2669380062760369
SG_012787,0.19040611284630804
SG_012792,0.1362794642968891
SG_012797,0.2063604003976466
SG_012805,0.12617982693224053
SG_012808,0.18505276489790168
SG_012810,0.1886339823641123
SG_012819,0.21166627228927956
SG_012821,0.25373233471036666
SG_012822,0.19795746645412104
SG_012831,0.12420143051781073
SG_012844,0.20718588961518644
SG_012845,0.12606272595357187
SG_012848,0.12458205656189024
SG_012849,0.1362794642968891
SG_012851,0.21697347922727203
SG_012859,0.12452151255352625
SG_012861,0.16237633113032623
SG_012869,0.23796034555428405
SG_012870,0.14729964405728496
SG_012873,0.2130216016433072
SG_012874,0.16450902390609615
SG_012883,0.15476179881229402
SG_012886,0.20785649974456455
SG_012887,0.13972290209931412
SG_012888,0.2526173372125976
SG_012891,0.12865552726688245
SG_012898,0.14222886432113113
SG_012905,0.20029433798120277
SG_012910,0.2072067011663147
SG_012913,0.13670031422153553
SG_012918,0.2670588317788724
SG_012919,0.19705988473863334
SG_012920,0.17837766979766606
SG_012923,0.1350674647081203
SG_012924,0.1441316314977302
SG_012926,0.27108350249407737
SG_012936,0.19054776514245703
SG_012938,0.15993316254926593
SG_012940,0.15486128892535064
SG_012945,0.17368587163434698
SG_012949,0.17654667403820223
SG_012958,0.24134573670555765
SG_012962,0.19588224499287804
SG_012967,0.15802958608774664
SG_012968,0.1246828956319398
SG_012970,0.17437657670680146
SG_012972,0.1354460300837391
SG_012978,0.1525893982004753
SG_012979,0.14335984415415737
SG_012980,0.2098947541402907
SG_012981,0.24886960382331047
SG_012983,0.1528641465348584
SG_012984,0.2168482661236918
SG_012989,0.19767228284374147
SG_012994,0.16175358062935494
SG_012997,0.16447967996382082
SG_013002,0.14136986426857778
SG_013009,0.1820196182999087
SG_013017,0.11531843132807301
SG_013023,0.2947657471560168
SG_013028,0.13680722951317018
SG_013030,0.1678025696337321
SG_013033,0.21688692353687986
SG_013042,0.18436872022393935
SG_013043,0.16942519091408867
SG_013045,0.16708977556291346
SG_013063,0.19039377893531326
SG_013064,0.15735821911806983
SG_013065,0.13119254617374548
SG_013068,0.2452192651991419
SG_013070,0.15192224047199723
SG_013071,0.18387319693938983
SG_013072,0.1483079456155948
SG_013077,0.148149720361253
SG_013080,0.25970084254700865
SG_013082,0.15126784845588193
SG_013083,0.12189453387829725
SG_013085,0.19200076802704302
SG_013086,0.1788965722264243
SG_013093,0.1676051833019713
SG_013094,0.14355379447121375
SG_013096,0.21064795657950683
SG_013104,0.2831877789388013
SG_013108,0.13311590951032104
SG_013111,0.1483988575305412
SG_013112,0.146068567422291
SG_013115,0.16568697813194552
SG_013117,0.19203560566200692
SG_013125,0.13091156866595002
SG_013127,0.13119254617374548
SG_013135,0.18178872812981042
SG_013138,0.21358463261492733
SG_013139,0.10301670649820101
SG_013141,0.16615440376539514
SG_013149,0.20304489503978956
SG_013150,0.28444701065872074
SG_013157,0.18547308361793413
SG_013159,0.1809294724013247
SG_013166,0.16176399254660281
SG_013172,0.2740052651423951
SG_013177,0.15206347560707176
SG_013178,0.12498220717902823
SG_013187,0.12420143051781073
SG_013196,0.11336790643900173
SG_013201,0.2578743680248642
SG_013202,0.13937774764828792
SG_013212,0.12514507107789746
SG_013219,0.14811337725006463
SG_013222,0.11300802386247585
SG_013223,0.19180877091484916
SG_013224,0.22102312124475143
SG_013233,0.13936310458190734
SG_013237,0.10301670649820101
SG_013245,0.1556461053452842
SG_013249,0.12789165957650464
SG_013250,0.1353094406076418
SG_013260,0.12617982693224053
SG_013264,0.136321648267744
SG_013266,0.15311587796383816
SG_013267,0.2617590301732163
SG_013269,0.1172538397504441
SG_013273,0.2449264645610138
SG_013276,0.12227346208427553
SG_013280,0.1774787832742034
SG_013281,0.1566184314648304
SG_013282,0.13062741627715252
SG_013288,0.15844044240604818
SG_013292,0.12596529510615956
SG_013294,0.2263555332972051
SG_013297,0.11531843132807301
SG_013304,0.17763429387328228
SG_013311,0.19347713135129815
SG_013313,0.21853262542622734
SG_013314,0.17333185273108956
SG_013315,0.2058776005888585
SG_013317,0.27331133253249446
SG_013321,0.15619251536176096
SG_013323,0.15657372727538654
SG_013327,0.12187911926891892
SG_013328,0.12806062238950572
SG_013332,0.15879287006480994
SG_013337,0.18187075349409007
SG_013338,0.19347713135129815
SG_013339,0.12085197332742255
SG_013340,0.17095609972588255
SG_013342,0.13771464838785621
SG_013344,0.11803157394872797
SG_013345,0.19261185167422207
SG_013347,0.1483988575305412
SG_013348,0.10301670649820101
SG_013356,0.2588746049879858
SG_013358,0.18103250531331047
SG_013359,0.14729964405728496
SG_013360,0.14576715849212274
SG_013361,0.12340093883763578
SG_013362,0.18436872022393935
SG_013366,0.14448220890238012
SG_013371,0.1439052160824964
SG_013372,0.17847634573517493
SG_013374,0.23519528254778962
SG_013380,0.13270897001592785
SG_013383,0.20106649477184255
SG_013384,0.15156144122258908
SG_013391,0.20740949763690605
SG_013392,0.16529256324913724
SG_013393,0.1469013498238051
SG_013396,0.2503058104066349
SG_013400,0.2187446183909113
SG_013404,0.1608052861613232
SG_013412,0.15470076860551066
SG_013413,0.1922822924881677
SG_013414,0.1583376452825887
SG_013418,0.2282950676506732
SG_013420,0.135830279523031
SG_013421,0.20816386270926981
SG_013424,0.22020776396409758
SG_013427,0.15709111996923608
SG_013430,0.15449264865103754
SG_013435,0.2542580676417971
SG_013438,0.17424574715816155
SG_013440,0.14576715849212274
SG_013443,0.2662777102431943
SG_013444,0.17998160686343967
SG_013446,0.09548366918395727
SG_013447,0.12762550969899983
SG_013452,0.1380887775772336
SG_013454,0.1411226195158291
SG_013456,0.11792435250822683
SG_013462,0.12995052671984936
SG_013463,0.22910709577508406
SG_013464,0.13119254617374548
SG_013468,0.10958197011572751
SG_013472,0.15323013072642624
SG_013474,0.21888926610384127
SG_013477,0.12922884367399126
SG_013480,0.12865552726688245
SG_013485,0.13583175979632375
SG_013486,0.141697163108257
SG_013487,0.14724995672500357
SG_013491,0.21731578633528797
SG_013495,0.2239546779466528
SG_013499,0.13378960711873616
SG_013504,0.2603410862890301
SG_013508,0.14922237551893375
SG_013509,0.1341968376097475
SG_013515,0.14641248055393935
SG_013523,0.13300040917040268
SG_013528,0.14963218457929453
SG_013538,0.1556461053452842
SG_013542,0.14403258176880887
SG_013543,0.13091156866595002
SG_013544,0.25562829430436473
SG_013545,0.23531892890887485
SG_013546,0.12964684381212813
SG_013548,0.2537548941138205
SG_013549,0.23232849170812064
SG_013552,0.2404011331580997
SG_013553,0.156090917726032
SG_013554,0.1743995680940833
SG_013557,0.17134746257379216
SG_013558,0.13576083522651977
SG_013561,0.21722696282408463
SG_013563,0.14403258176880887
SG_013565,0.1233197186881845
SG_013567,0.14169616130878235
SG_013568,0.13445416274005645
SG_013571,0.21576720676372402
SG_013574,0.177912445677997
SG_013575,0.12675748693528682
SG_013578,0.22686841130222396
SG_013579,0.20248157518905213
SG_013580,0.15538142114932604
SG_013586,0.12497360432098817
SG_013588,0.14799847460553628
SG_013591,0.20205045253104872
SG_013598,0.2592377668070644
SG_013601,0.16488768399552942
SG_013602,0.2257973232649622
SG_013604,0.12458205656189024
SG_013608,0.25873447285591905
SG_013610,0.12617982693224053
SG_013612,0.1711409589452547
SG_013613,0.1440215132792657
SG_013616,0.1483988575305412
SG_013619,0.1470545497977701
SG_013624,0.2551014398487922
SG_013626,0.15892383528545337
SG_013628,0.16627442216555754
SG_013629,0.13119254617374548
SG_013633,0.12420143051781073
SG_013635,0.12449796838566085
SG_013637,0.1483988575305412
SG_013638,0.14068896779058374
SG_013639,0.175172388801899
SG_013641,0.22584069692303751
SG_013646,0.22200656355560303
SG_013653,0.15510301090860446
SG_013667,0.16680517284345148
SG_013668,0.18399229097735675
SG_013670,0.16748436620524793
SG_013675,0.15311587796383816
SG_013677,0.17315949008267903
SG_013678,0.18090627453391256
SG_013681,0.1463480486492598
SG_013682,0.14950944694461765
SG_013683,0.2071866671391372
SG_013684,0.16317980075863908
SG_013685,0.12980486617719003
SG_013686,0.21406569022404107
SG_013690,0.17771538807478024
SG_013695,0.12291758904479826
SG_013705,0.14809757347225702
SG_013706,0.13851213128865966
SG_013708,0.12227180967015926
SG_013711,0.12340093883763578
SG_013713,0.15493175285851316
SG_013715,0.19950304811355227
SG_013716,0.24929063644414506
SG_013726,0.16125254722069368
SG_013727,0.10301670649820101
SG_013728,0.20836299947978348
SG_013731,0.12789165957650464
SG_013733,0.12458205656189024
SG_013737,0.19309144997175592
SG_013740,0.21358463261492733
SG_013741,0.1702294083415554
SG_013744,0.14979127589564348
SG_013745,0.16932271112868566
SG_013746,0.10887243079430288
SG_013747,0.1508650223582941
SG_013749,0.13070147820709552
SG_013755,0.12340093883763578
SG_013759,0.13871982223366694
SG_013765,0.14941780137348407
SG_013766,0.1962178357963167
SG_013769,0.1709350965858732
SG_013773,0.20223839465113205
SG_013785,0.13119254617374548
SG_013793,0.12964684381212813
SG_013800,0.12474447336273913
SG_013808,0.14519484450573494
SG_013815,0.2963886157525428
SG_013827,0.14840004549030664
SG_013840,0.1331088076855204
SG_013841,0.11561864296922686
SG_013842,0.16989013180022447
SG_013844,0.20874359692246758
SG_013845,0.12843141943905242
SG_013849,0.1470118045839759
SG_013850,0.1607914822035817
SG_013851,0.14727596669248197
SG_013853,0.19985672985276437
SG_013854,0.13119254617374548
SG_013855,0.13119254617374548
SG_013857,0.1796263887619131
SG_013860,0.24981024691779977
SG_013862,0.1500247108477361
SG_013867,0.20540623830170407
SG_013868,0.13583175979632375
SG_013870,0.13119254617374548
SG_013883,0.1440215132792657
SG_013884,0.13035510675704157
SG_013885,0.179615633340951
SG_013892,0.24776448827840436
SG_013896,0.12474447336273913
SG_013898,0.14576715849212274
SG_013901,0.22043982118725838
SG_013905,0.15335536990488344
SG_013906,0.21049838989703878
SG_013907,0.1329639513588909
SG_013910,0.19270562847509062
SG_013912,0.1263635643691425
SG_013914,0.135177399999028
SG_013919,0.2123299045528648
SG_013922,0.27932817070391874
SG_013943,0.12452151255352625
SG_013944,0.12464640168640123
SG_013946,0.13907833384321094
SG_013948,0.1235440164748086
SG_013949,0.11099332637649909
SG_013953,0.16159090703192078
SG_013962,0.209009808835009
SG_013965,0.26893954193987324
SG_013969,0.18761188290118058
SG_013974,0.13296257716602156
SG_013978,0.18078017783032088
SG_013979,0.14024102103387703
SG_013980,0.225326166048353
SG_013986,0.261582604084336
SG_013997,0.1277213472040854
SG_014000,0.14226331762630604
SG_014004,0.10301670649820101
SG_014009,0.1288899820876138
SG_014010,0.17241970967920767
SG_014012,0.12187911926891892
SG_014014,0.3001652333850968
SG_014015,0.17114433451125102
SG_014016,0.21353750091208812
SG_014017,0.2513993939987664
SG_014018,0.11772314921669248
SG_014020,0.17721041497544676
SG_014021,0.12420143051781073
SG_014022,0.13761378532798033
SG_014023,0.1780108126841759
SG_014026,0.20291396345087764
SG_014030,0.1875902766246524
SG_014031,0.1678025696337321
SG_014036,0.15674510863126742
SG_014037,0.13771464838785621
SG_014039,0.1655772342298095
SG_014045,0.13871573426733108
SG_014046,0.17251161605620605
SG_014047,0.1764957152372436
SG_014050,0.11218958700116885
SG_014053,0.16452138170762393
SG_014058,0.2463433288057829
SG_014059,0.192325534568576
SG_014062,0.14573270418364812
SG_014067,0.22576459880031505
SG_014072,0.11170000288031462
SG_014073,0.14403258176880887
SG_014075,0.19566984837886717
SG_014081,0.24506730047106492
SG_014085,0.171491643508743
SG_014088,0.18455683651567736
SG_014096,0.1356056891389238
SG_014099,0.1689608319851085
SG_014102,0.18256281830383297
SG_014105,0.18263622802372165
SG_014111,0.23884959346675702
SG_014113,0.17653190190879306
SG_014116,0.14830056388302207
SG_014122,0.1784921956327755
SG_014123,0.12448498456048702
SG_014124,0.20366345572874248
SG_014130,0.2431267547921359
SG_014132,0.18402691404290106
SG_014135,0.2761743978483655
SG_014136,0.1700934858442306
SG_014139,0.15799391270248453
SG_014140,0.1683992222606379
SG_014141,0.2323164891056559
SG_014146,0.2005887249974473
SG_014155,0.1554760522507132
SG_014157,0.1667067816607832
SG_014161,0.1714857614554308
SG_014162,0.17636605906780436
SG_014165,0.19213978041239352
SG_014167,0.14403258176880887
SG_014168,0.18402088106994996
SG_014172,0.1505889863655931
SG_014176,0.12420143051781073
SG_014177,0.21486504444815696
SG_014184,0.21432802925468258
SG_014186,0.21776069735057357
SG_014188,0.15679118005956866
SG_014190,0.1389323119363271
SG_014191,0.1827486422470212
SG_014192,0.11696790099766978
SG_014194,0.1750150544270658
SG_014196,0.22064132415124676
SG_014197,0.2504336601229115
SG_014205,0.13388689890526584
SG_014210,0.1615803581010184
SG_014217,0.20328690512192954
SG_014219,0.243119044899932
SG_014223,0.17196691386226778
SG_014235,0.1796263887619131
SG_014237,0.18294014578099502
SG_014243,0.12929421475224487
SG_014248,0.25280399989766134
SG_014249,0.15181715668863896
SG_014259,0.1783794812509048
SG_014269,0.18698500751327937
SG_014270,0.19085146963617738
SG_014272,0.09548366918395727
SG_014277,0.13438386366378965
SG_014288,0.170103354996637
SG_014290,0.14403258176880887
SG_014292,0.170103354996637
SG_014293,0.16713491110905335
SG_014295,0.2086419312815878
SG_014299,0.1440215132792657
SG_014308,0.141696565213721
SG_014309,0.13119254617374548
SG_014311,0.268502342173606
SG_014314,0.21251450321511567
SG_014319,0.09548366918395727
SG_014320,0.14222886432113113
SG_014321,0.2987674510318321
SG_014328,0.1867055349840207
SG_014334,0.13020411862224188
SG_014335,0.12187911926891892
SG_014339,0.17853455302763363
SG_014342,0.13228612181715796
SG_014343,0.3033914489577362
SG_014345,0.1944518979120837
SG_014363,0.18932010259266924
SG_014368,0.13021658946490422
SG_014370,0.09548366918395727
SG_014373,0.17707218196423075
SG_014375,0.1455401914445686
SG_014380,0.2644045658390019
SG_014383,0.23880368459303353
SG_014385,0.2427677160975162
SG_014386,0.18273971364015504
SG_014387,0.1775088990607754
SG_014389,0.17161405875430252
SG_014391,0.18409829573469536
SG_014394,0.2404673537420054
SG_014398,0.11300802386247585
SG_014402,0.1507321668717347
SG_014409,0.1823892839043096
SG_014411,0.2555232017059011
SG_014415,0.20320467913593362
SG_014416,0.1597923921818642
SG_014418,0.1336388170542234
SG_014425,0.2108046775124107
SG_014426,0.21394597032995938
SG_014431,0.20751112284562306
SG_014432,0.24017272345834337
SG_014446,0.194719270634588
SG_014447,0.1410111903757371
SG_014457,0.13119254617374548
SG_014465,0.1839590957035689
SG_014466,0.18307441623117124
SG_014469,0.1329639513588909
SG_014474,0.12596529510615956
SG_014484,0.13462953272990624
SG_014486,0.11862069780432169
SG_014488,0.1378965543595755
SG_014491,0.17832267461341753
SG_014495,0.21559344993960144
SG_014512,0.23485746310320357
SG_014514,0.1345048962077939
SG_014516,0.19319291972985292
SG_014519,0.12420143051781073
SG_014522,0.13364324332075045
SG_014529,0.20256754474101663
SG_014538,0.23298835366538126
SG_014544,0.19555912483532648
SG_014551,0.18070851350670689
SG_014552,0.24998449510252935
SG_014556,0.1299281483201627
SG_014562,0.23706167975841483
SG_014565,0.09548366918395727
SG_014566,0.18844528930576623
SG_014568,0.1430092940190757
SG_014569,0.12060175623435901
SG_014570,0.13405889127309756
SG_014578,0.1277213472040854
SG_014579,0.1671276524524948
SG_014581,0.16678452801278643
SG_014582,0.16384686062595966
SG_014583,0.2030220931937596
SG_014587,0.177912445677997
SG_014594,0.14538175738887008
SG_014596,0.19021807206238928
SG_014597,0.14217403041907378
SG_014607,0.18955624054331746
SG_014611,0.10301670649820101
SG_014616,0.141696565213721
SG_014617,0.16425408702461808
SG_014618,0.17709931942331905
SG_014619,0.14671854363681985
SG_014621,0.17823810817074423
SG_014626,0.20590526745282736
SG_014634,0.10301670649820101
SG_014635,0.183588471542913
SG_014636,0.143414164551281
SG_014637,0.15817053139509965
SG_014640,0.196753150443648
SG_014641,0.1298232350105414
SG_014645,0.13195111654438368
SG_014647,0.14817112490913956
SG_014653,0.14610357126886095
SG_014655,0.14537784563497544
SG_014656,0.18233505910997802
SG_014657,0.2009780730264141
SG_014660,0.17432682556861903
SG_014667,0.11550268409433405
SG_014672,0.20966140211375192
SG_014677,0.1522232018306996
SG_014680,0.20712772081363945
SG_014681,0.1635469805783604
SG_014687,0.182631047029547
SG_014690,0.21146273699803378
SG_014691,0.13771464838785621
SG_014700,0.17813796241847996
SG_014701,0.267243257863879
SG_014702,0.1253619860760266
SG_014703,0.14225738484803238
SG_014712,0.2443517366962814
SG_014713,0.14136986426857778
SG_014718,0.1368790502746742
SG_014720,0.18899650229471718
SG_014723,0.18426228963688737
SG_014729,0.17472203120025134
SG_014731,0.18279130891647447
SG_014733,0.14559756895348344
SG_014735,0.2185366527554936
SG_014742,0.11300802386247585
SG_014746,0.11104000442449548
SG_014748,0.1235440164748086
SG_014749,0.1487371136460585
SG_014753,0.1812880624775185
SG_014754,0.13682408736975107
SG_014757,0.136081353288664
SG_014771,0.12675748693528682
SG_014774,0.20351039897059575
SG_014777,0.1483988575305412
SG_014778,0.23776850119771353
SG_014780,0.15563797867049142
SG_014787,0.20373675400142663
SG_014800,0.23513064499546654
SG_014801,0.26809296443933706
SG_014802,0.17769621540254735
SG_014803,0.17225963600940997
SG_014808,0.1766925145559439
SG_014812,0.1255753392955983
SG_014813,0.1796696156499479
SG_014815,0.2669380062760369
SG_014824,0.09548366918395727
SG_014825,0.22125214485187547
SG_014827,0.19500884271833535
SG_014830,0.1109011199994526
SG_014834,0.13851213128865966
SG_014839,0.25161795184699126
SG_014844,0.17593126784366014
SG_014865,0.2543043358752346
SG_014866,0.13670031422153553
SG_014867,0.15439271933231297
SG_014871,0.20457154880115436
SG_014874,0.1476590862153606
SG_014875,0.21921253744633473
SG_014879,0.13716524099874577
SG_014880,0.11270683070179321
SG_014882,0.17273275704496655
SG_014885,0.13991811481581382
SG_014887,0.18110173262478327
SG_014894,0.1483988575305412
SG_014895,0.21078278296812777
SG_014898,0.15799742092078994
SG_014900,0.20134970523541618
SG_014906,0.170638225845667
SG_014909,0.1871072742453046
SG_014914,0.21253751114125863
SG_014919,0.1239889137477872
SG_014921,0.1841283475487921
SG_014939,0.27056373996723165
SG_014940,0.1756687394431071
SG_014945,0.16752526781202004
SG_014946,0.13462953272990624
SG_014951,0.18476102963721028
SG_014953,0.26911894245459805
SG_014955,0.1614031963079793
SG_014959,0.1311565436983369
SG_014961,0.2162021721199451
SG_014964,0.1725556935002101
SG_014965,0.12420143051781073
SG_014966,0.18165165567455693
SG_014969,0.23062961524923878
SG_014972,0.14225738484803238
SG_014976,0.2250908543796662
SG_014979,0.09548366918395727
SG_014980,0.14320733733349753
SG_014984,0.17656769593735908
SG_014990,0.13768130556502495
SG_014998,0.1665816163206013
SG_014999,0.13384786144278005
SG_015001,0.14471527148697297
SG_015002,0.1901715781820817
SG_015014,0.20750372317382781
SG_015015,0.1231586719175335
SG_015021,0.2094369933184887
SG_015026,0.1857043891608833
SG_015031,0.19307681500681928
SG_015036,0.19730383337337007
SG_015039,0.12452151255352625
SG_015042,0.14576715849212274
SG_015044,0.1631710435995238
SG_015046,0.24402698136277126
SG_015047,0.19936330410252723
SG_015050,0.14376154469900998
SG_015054,0.1615209234333073
SG_015066,0.1721324476473994
SG_015068,0.26371264453334103
SG_015071,0.14221055921233486
SG_015075,0.12729554697607148
SG_015076,0.12653061199384916
SG_015081,0.19783342275533133
SG_015082,0.18844528930576623
SG_015085,0.13463999295220133
SG_015093,0.22609166863060445
SG_015095,0.19341296046075346
SG_015099,0.12420143051781073
SG_015102,0.12471961713373163
SG_015103,0.20905393918890244
SG_015111,0.12596529510615956
SG_015112,0.12976874957946155
SG_015118,0.1818585964643847
SG_015125,0.1374118570404945
SG_015126,0.17059764187794382
SG_015127,0.1368790502746742
SG_015129,0.15530142831786772
SG_015134,0.15486128892535064
SG_015135,0.1476563420424254
SG_015137,0.23430482572521308
SG_015138,0.2485943559421933
SG_015144,0.19318580178105055
SG_015146,0.18703092903170196
SG_015152,0.18382696809523064
SG_015155,0.13478478671901561
SG_015158,0.24755807050031856
SG_015159,0.1508650223582941
SG_015161,0.17427979215167724
SG_015165,0.22603581291946576
SG_015167,0.14830056388302207
SG_015169,0.16546186334679724
SG_015176,0.17434952004182577
SG_015180,0.14403258176880887
SG_015183,0.1929912026461468
SG_015189,0.1465802815537008
SG_015190,0.14920749713122958
SG_015192,0.13771464838785621
SG_015195,0.13415054321223835
SG_015197,0.14556528350855039
SG_015201,0.14024260432278182
SG_015202,0.1835487619239588
SG_015214,0.1783066806216706
SG_015215,0.2308957636245968
SG_015217,0.1341968376097475
SG_015222,0.17840624671335462
SG_015224,0.16887616935427874
SG_015235,0.1528655466857352
SG_015239,0.11717173584001045
SG_015246,0.15402799326850636
SG_015251,0.17720692406266836
SG_015252,0.21900540953812844
SG_015256,0.22479304661643157
SG_015257,0.2082725516141052
SG_015261,0.1333414863512153
SG_015262,0.22150668308866162
SG_015263,0.15281718846799866
SG_015269,0.1882301428491402
SG_015270,0.16568145617170335
SG_015272,0.1817827215271174
SG_015276,0.2644243756231302
SG_015277,0.155527837756623
SG_015278,0.1483822136632583
SG_015279,0.1886643785588975
SG_015280,0.17266150797733096
SG_015283,0.21994731520234326
SG_015284,0.15960913429413037
SG_015289,0.24872848809624454
SG_015290,0.14414158209863237
SG_015294,0.17959952820473685
SG_015296,0.1656382451533538
SG_015297,0.29028208909347514
SG_015302,0.10301670649820101
SG_015304,0.2024532979132269
SG_015308,0.1371504271515056
SG_015309,0.20509834539471591
SG_015312,0.23485746310320357
SG_015317,0.20175885019585643
SG_015322,0.1980196164204053
SG_015323,0.18312166000203597
SG_015326,0.14226331762630604
SG_015329,0.13164160121769272
SG_015337,0.1575290760901431
SG_015339,0.14068896779058374
SG_015340,0.13357016645077507
SG_015341,0.22993394133256803
SG_015346,0.14244348512203353
SG_015348,0.12843141943905242
SG_015349,0.20381128502457502
SG_015351,0.26365013744478744
SG_015355,0.13583175979632375
SG_015356,0.19018979141180753
SG_015360,0.1741305454662732
SG_015361,0.15185996976846702
SG_015362,0.2038252858275178
SG_015363,0.1158823099396345
SG_015369,0.1483988575305412
SG_015372,0.13119254617374548
SG_015375,0.14576715849212274
SG_015381,0.18636515472251658
SG_015382,0.16486008481382924
SG_015383,0.1263635643691425
SG_015384,0.1567060849667239
SG_015388,0.16526999646547294
SG_015395,0.1483988575305412
SG_015397,0.2198500262606237
SG_015399,0.18397954030398453
SG_015400,0.22137534498881156
SG_015401,0.1277213472040854
SG_015402,0.22220865252765123
SG_015403,0.20739687966777684
SG_015406,0.19446027986207717
SG_015412,0.22150668308866162
SG_015421,0.2489860959643807
SG_015424,0.15748118123793428
SG_015425,0.1439925093374898
SG_015428,0.17800598210417815
SG_015430,0.14222886432113113
SG_015431,0.17630824737707543
SG_015439,0.12497360432098817
SG_015440,0.10301670649820101
SG_015446,0.20134970523541618
SG_015447,0.1783794812509048
SG_015448,0.17427979215167724
SG_015452,0.17437657670680146
SG_015454,0.2151631245497699
SG_015458,0.2582187832568555
SG_015462,0.14257692987404763
SG_015463,0.18512772320433454
SG_015464,0.1440215132792657
SG_015466,0.12609636148632739
SG_015467,0.1965195555176572
SG_015470,0.13119254617374548
SG_015473,0.15085367497248345
SG_015479,0.12415495744661122
SG_015481,0.16115417589438338
SG_015483,0.14576715849212274
SG_015492,0.23570128779769006
SG_015495,0.1354460300837391
SG_015498,0.14758736146812493
SG_015503,0.15409702427732283
SG_015507,0.17347976494455128
SG_015512,0.13135830026592876
SG_015514,0.14414158209863237
SG_015517,0.214817262608142
SG_015520,0.2617153328541011
SG_015524,0.1423325389800981
SG_015526,0.15542530222116613
SG_015527,0.1483988575305412
SG_015535,0.12789165957650464
SG_015537,0.1969494641147844
SG_015538,0.1668636548260811
SG_015540,0.22677960148134282
SG_015542,0.14014888363974665
SG_015543,0.16162659756235687
SG_015544,0.1723406249872131
SG_015546,0.24369315916206763
SG_015547,0.14576715849212274
SG_015550,0.1325448204396524
SG_015556,0.12458205656189024
SG_015558,0.1514061795326987
SG_015559,0.26316798018672355
SG_015560,0.21090184831612438
SG_015562,0.09548366918395727
SG_015565,0.12807533252257033
SG_015568,0.26557239811437
SG_015572,0.09548366918395727
SG_015576,0.12458205656189024
SG_015578,0.09548366918395727
SG_015580,0.12911013459797813
SG_015582,0.16741329792863152
SG_015584,0.15918612223276676
SG_015585,0.2659848419509819
SG_015586,0.14592657675670384
SG_015587,0.14914189315738377
SG_015589,0.26423242097009714
SG_015590,0.13119254617374548
SG_015591,0.20718588961518644
SG_015593,0.15101219897677814
SG_015597,0.19733476148247533
SG_015598,0.18103499723397146
SG_015600,0.24249599505430128
SG_015606,0.2433651536027138
SG_015613,0.1787516888209502
SG_015615,0.2490859779609109
SG_015617,0.16457087955291858
SG_015619,0.14403753742109415
SG_015623,0.203457349615128
SG_015627,0.15851244641844842
SG_015637,0.141696565213721
SG_015641,0.19338646296736448
SG_015644,0.13855238803059777
SG_015649,0.12420143051781073
SG_015654,0.2674297954834614
SG_015655,0.24901320346458491
SG_015656,0.12552604515071905
SG_015659,0.13183309411671187
SG_015662,0.28169762895776
SG_015664,0.15127027195472423
SG_015671,0.2455521429727695
SG_015675,0.10707983994946715
SG_015678,0.12452151255352625
SG_015680,0.1440215132792657
SG_015681,0.12340093883763578
SG_015682,0.13872489333848104
SG_015684,0.11616653842186081
SG_015693,0.22635321985831722
SG_015708,0.1814823484246568
SG_015715,0.2013695063698014
SG_015716,0.20664430242332463
SG_015718,0.13462953272990624
SG_015721,0.17265665919061263
SG_015724,0.22135197793967656
SG_015726,0.18113310491694667
SG_015729,0.13119254617374548
SG_015730,0.18403886385700305
SG_015735,0.10301670649820101
SG_015738,0.19792407311337226
SG_015743,0.1256534955847968
SG_015744,0.1408121976568149
SG_015746,0.15525368803541845
SG_015756,0.13967761320773808
SG_015762,0.1562976550636724
SG_015763,0.16120285585664096
SG_015766,0.1440215132792657
SG_015769,0.20361728465062157
SG_015770,0.14120467375594642
SG_015772,0.12535843022377413
SG_015773,0.26516128480946216
SG_015780,0.1499786884880537
SG_015790,0.17161405875430252
SG_015797,0.16145297311230908
SG_015806,0.12831719619867502
SG_015810,0.19018979141180753
SG_015815,0.1236120155113493
SG_015817,0.25505985413374477
SG_015818,0.1662318027879064
SG_015819,0.1663729431322483
SG_015820,0.1331088076855204
SG_015827,0.18547308361793413
SG_015828,0.1780046383011409
SG_015829,0.1754546175373558
SG_015832,0.143549712169154
SG_015833,0.19462167486390508
SG_015834,0.1508650223582941
SG_015838,0.2590576653803844
SG_015840,0.17150817933328708
SG_015842,0.2250839332800403
SG_015845,0.12374234811353892
SG_015849,0.1684614366879862
SG_015857,0.14152226657278208
SG_015859,0.11531843132807301
SG_015860,0.270802792228394
SG_015867,0.14576715849212274
SG_015873,0.21809765828781064
SG_015878,0.21709745465052543
SG_015879,0.13583175979632375
SG_015880,0.17248549186995096
SG_015881,0.13395632213347283
SG_015884,0.12340093883763578
SG_015885,0.10881056875568434
SG_015891,0.18436872022393935
SG_015893,0.22195960162848113
SG_015898,0.1863632847401109
SG_015900,0.1591761311032265
SG_015901,0.18660670823139608
SG_015907,0.15503494983987648
SG_015908,0.1847194056028767
SG_015910,0.23258284214102506
SG_015914,0.18223631909584073
SG_015917,0.20925236295654184
SG_015921,0.21310848617825126
SG_015922,0.16932351301412246
SG_015928,0.24444430342107842
SG_015939,0.16149996857412582
SG_015940,0.12707083481310924
SG_015942,0.1466629461413405
SG_015943,0.16315436382530785
SG_015947,0.13119254617374548
SG_015950,0.1272775006846492
SG_015951,0.21466417546793887
SG_015955,0.1440215132792657
SG_015964,0.1668714258757793
SG_015965,0.11792435250822683
SG_015972,0.14017676391797973
SG_015973,0.14815779882185615
SG_015975,0.11792435250822683
SG_015977,0.1440215132792657
SG_015978,0.22933051135519408
SG_015979,0.20041211820270552
SG_015980,0.16627825764425094
SG_015981,0.19983357581705788
SG_015985,0.2155038916210856
SG_015988,0.12729554697607148
SG_015989,0.21656037089256305
SG_015990,0.17967518325472637
SG_015998,0.15118486651512186
SG_015999,0.12420143051781073
SG_016002,0.1741305454662732
SG_016003,0.1716426032818864
SG_016004,0.18913105759490867
SG_016008,0.30394530958780214
SG_016010,0.2644045658390019
SG_016013,0.20179002967646625
SG_016015,0.19075490127589678
SG_016020,0.12189453387829725
SG_016021,0.19579623007835867
SG_016022,0.15281718846799866
SG_016027,0.22818559648798947
SG_016028,0.1245162462518128
SG_016029,0.16645879077820347
SG_016030,0.2768356120128311
SG_016045,0.1508650223582941
SG_016048,0.18010732413438113
SG_016049,0.14511201696897574
SG_016054,0.29364760755070746
SG_016056,0.18298965081613447
SG_016060,0.15102848230048052
SG_016065,0.11550268409433405
SG_016081,0.1174732212614307
SG_016085,0.12005318277132765
SG_016089,0.16053071497553148
SG_016091,0.1935760253896106
SG_016092,0.19489245324305723
SG_016101,0.24470841937344603
SG_016102,0.21436460409520366
SG_016103,0.1818137914554269
SG_016108,0.12187911926891892
SG_016109,0.18288228676086837
SG_016111,0.25772860524426877
SG_016113,0.1469013498238051
SG_016114,0.1471195930289299
SG_016115,0.1604074155431925
SG_016116,0.14657637945192067
SG_016119,0.14008461214700574
SG_016124,0.1228427787601952
SG_016127,0.17177225611938945
SG_016132,0.26246857954641617
SG_016133,0.12599137699826482
SG_016134,0.18609625703224933
SG_016138,0.11066630196808719
SG_016140,0.14668845926284507
SG_016146,0.22731720089349236
SG_016147,0.13243831866035358
SG_016156,0.21566796980980754
SG_016158,0.1530257505704269
SG_016159,0.24573953367837537
SG_016160,0.09548366918395727
SG_016161,0.1299812887129177
SG_016163,0.17760694026612384
SG_016164,0.18966256739878487
SG_016165,0.14188024676015099
SG_016166,0.14414158209863237
SG_016171,0.1987797154573513
SG_016172,0.14471527148697297
SG_016174,0.174674908128431
SG_016176,0.1253448821669454
SG_016179,0.23876625131175996
SG_016181,0.17976870888551447
SG_016183,0.14757553708608231
SG_016185,0.17938208065060396
SG_016186,0.17989529570654847
SG_016187,0.09548366918395727
SG_016188,0.17268980605406067
SG_016190,0.1425861989089312
SG_016194,0.2546275828949434
SG_016195,0.19104443716349986
SG_016196,0.20561065136291118
SG_016197,0.17727409070271088
SG_016211,0.13305924533137584
SG_016214,0.23985549514695995
SG_016215,0.1510429691787816
SG_016219,0.1815826051340766
SG_016221,0.17904665020332158
SG_016222,0.13872489333848104
SG_016224,0.1406645038136322
SG_016225,0.18464626533610498
SG_016233,0.12739935110707598
SG_016234,0.18537988706239736
SG_016235,0.1720405471485802
SG_016238,0.09548366918395727
SG_016242,0.2063462898771487
SG_016244,0.12420143051781073
SG_016245,0.12675748693528682
SG_016246,0.2099526297610122
SG_016249,0.17150817933328708
SG_016251,0.20348264149643558
SG_016252,0.27875448893755
SG_016259,0.18171478478077574
SG_016262,0.16422056766017643
SG_016263,0.11032544127085177
SG_016268,0.17503035025272493
SG_016270,0.13908135688800133
SG_016272,0.25476712450504874
SG_016273,0.2249732771805088
SG_016275,0.19902682471216396
SG_016278,0.2599878653655181
SG_016282,0.20828973056180008
SG_016285,0.19797318642786588
SG_016289,0.18925504236528914
SG_016292,0.16025050003631594
SG_016297,0.15448643581243465
SG_016299,0.24916041911792758
SG_016310,0.1675696138126356
SG_016315,0.12843141943905242
SG_016316,0.18622266083383426
SG_016318,0.13800442547096592
SG_016324,0.12340093883763578
SG_016326,0.1716544709086271
SG_016327,0.17500714066096115
SG_016330,0.11300802386247585
SG_016331,0.20813164017836705
SG_016332,0.09548366918395727
SG_016333,0.16072543148760615
SG_016334,0.14357894756159736
SG_016337,0.13212411295332382
SG_016341,0.21288348824266054
SG_016343,0.1299281483201627
SG_016345,0.2505208802901616
SG_016346,0.14017676391797973
SG_016349,0.16821550917850828
SG_016351,0.12187911926891892
SG_016352,0.09548366918395727
SG_016354,0.1425150873793798
SG_016363,0.19037580680410113
SG_016372,0.21030057110052902
SG_016375,0.1416871844083775
SG_016382,0.1395118195146825
SG_016384,0.15685217268716437
SG_016386,0.12551750187412783
SG_016389,0.19471298185773994
SG_016392,0.18139485287535953
SG_016393,0.1697589993378749
SG_016394,0.18558950195402482
SG_016401,0.13672762184212936
SG_016402,0.12841659605378908
SG_016405,0.20148863684488993
SG_016414,0.17799250396862562
SG_016421,0.1456532483383443
SG_016424,0.187970750348137
SG_016425,0.15101219897677814
SG_016429,0.14910836076562967
SG_016431,0.17794528693524062
SG_016432,0.18854812468509974
SG_016435,0.1891438225771457
SG_016436,0.24897081653288955
SG_016443,0.1239889137477872
SG_016445,0.1354460300837391
SG_016450,0.15230841960860536
SG_016452,0.13855238803059777
SG_016456,0.24872848809624454
SG_016462,0.10301670649820101
SG_016463,0.14220044527954445
SG_016474,0.27027277973523633
SG_016482,0.13474300412688775
SG_016488,0.16590257531949884
SG_016502,0.12376227126456504
SG_016503,0.19611447489341702
SG_016507,0.19588927799076833
SG_016508,0.13119254617374548
SG_016511,0.12458205656189024
SG_016512,0.27171945606854664
SG_016517,0.1475032991352087
SG_016518,0.26832510577063934
SG_016520,0.13212411295332382
SG_016522,0.18329140163104127
SG_016524,0.12109552560258946
SG_016526,0.20106649477184255
SG_016528,0.17937749591666974
SG_016529,0.17509531233382672
SG_016532,0.15185996976846702
SG_016535,0.12396530264952202
SG_016537,0.11084710073089038
SG_016539,0.09548366918395727
SG_016542,0.15181715668863896
SG_016545,0.14403258176880887
SG_016547,0.15470076860551066
SG_016548,0.12497360432098817
SG_016554,0.16620143571897772
SG_016562,0.24960446978696482
SG_016563,0.21745514322566126
SG_016566,0.11561864296922686
SG_016567,0.18580918997793602
SG_016580,0.13462953272990624
SG_016581,0.13978223455906214
SG_016585,0.19544172496137827
SG_016600,0.13845527366637858
SG_016603,0.2330095317296876
SG_016604,0.13119254617374548
SG_016606,0.22423223859861988
SG_016609,0.17954015537875676
SG_016612,0.1854450715583318
SG_016613,0.1469013498238051
SG_016614,0.2250908543796662
SG_016623,0.1556461053452842
SG_016625,0.2385259673421746
SG_016632,0.22080922037553985
SG_016634,0.13491787925304602
SG_016637,0.1887294980916431
SG_016641,0.18345456639217284
SG_016646,0.1370669287894506
SG_016647,0.12662798106520426
SG_016660,0.11099332637649909
SG_016662,0.1879500850000654
SG_016670,0.17619076754741542
SG_016671,0.15349312917179128
SG_016673,0.1469013498238051
SG_016675,0.19279192331657566
SG_016685,0.20778339493613038
SG_016689,0.20472581668963039
SG_016690,0.17509531233382672
SG_016691,0.11725871038887731
SG_016692,0.19713356231561402
SG_016696,0.20061613544177267
SG_016698,0.09548366918395727
SG_016699,0.12187911926891892
SG_016703,0.1815826051340766
SG_016704,0.20892295896562935
SG_016705,0.17636605906780436
SG_016708,0.15815264824270073
SG_016710,0.14425484217335732
SG_016711,0.1807542278103969
SG_016714,0.17976507547986162
SG_016716,0.11099332637649909
SG_016719,0.15014272242559273
SG_016720,0.12420143051781073
SG_016721,0.14724995672500357
SG_016723,0.1299281483201627
SG_016732,0.1502427900754402
SG_016733,0.23789095546174538
SG_016736,0.13516078269977652
SG_016737,0.16735728068123149
SG_016738,0.13949596235495268
SG_016741,0.21353350103111457
SG_016745,0.17134015752289777
SG_016746,0.1354460300837391
SG_016752,0.2052895312806028
SG_016754,0.13119254617374548
SG_016758,0.14709853277727838
SG_016763,0.12187911926891892
SG_016765,0.25513745842423086
SG_016769,0.1289457234206331
SG_016776,0.18243732090921042
SG_016778,0.2850580124055431
SG_016779,0.1450553631267517
SG_016780,0.2942660797725756
SG_016783,0.22200884531792753
SG_016785,0.1733722957987548
SG_016786,0.16489509178230924
SG_016792,0.24098755691944754
SG_016793,0.13212411295332382
SG_016794,0.15711048716462522
SG_016805,0.15010002804923356
SG_016807,0.1556461053452842
SG_016810,0.15293694834544044
SG_016813,0.13895903313080285
SG_016818,0.14636403797912972
SG_016819,0.13695023233375
SG_016823,0.21471882842777468
SG_016827,0.218725742127724
SG_016828,0.1900359765335304
SG_016832,0.19820103562993216
SG_016834,0.2887276968462466
SG_016837,0.22635321985831722
SG_016840,0.12841768531838782
SG_016843,0.1945515819348966
SG_016847,0.17997809090876737
SG_016849,0.1341968376097475
SG_016851,0.19683195729037722
SG_016857,0.14511201696897574
SG_016858,0.1899371929794565
SG_016859,0.1261792401937438
SG_016861,0.17528738437547703
SG_016863,0.15265350134632735
SG_016874,0.28446343156291937
SG_016877,0.12420143051781073
SG_016881,0.21528045972226273
SG_016885,0.17816738167094875
SG_016887,0.22150668308866162
SG_016888,0.1925172291397544
SG_016891,0.14576715849212274
SG_016893,0.14156243321948192
SG_016895,0.2045514687463534
SG_016900,0.1448926915087771
SG_016902,0.14330453414418534
SG_016904,0.1440215132792657
SG_016909,0.1245162462518128
SG_016911,0.22600000226034245
SG_016924,0.12729554697607148
SG_016925,0.16635878790475303
SG_016928,0.19219705779128568
SG_016937,0.09548366918395727
SG_016939,0.22242711141153715
SG_016941,0.225720555181214
SG_016944,0.18836793399712184
SG_016946,0.14930147221115178
SG_016951,0.1783821195004707
SG_016961,0.235429525117067
SG_016963,0.16720735739015502
SG_016967,0.12789165957650464
SG_016968,0.2385036043700483
SG_016971,0.24531271276823916
SG_016973,0.1430604388548424
SG_016974,0.1440215132792657
SG_016975,0.24272210504307154
SG_016976,0.1488803409040061
SG_016986,0.14136986426857778
SG_016989,0.16943925476060212
SG_016990,0.2116205373438064
SG_017003,0.16561017528021182
SG_017005,0.13119254617374548
SG_017006,0.09548366918395727
SG_017016,0.15849325280138363
SG_017018,0.21791362092352612
SG_017021,0.1483988575305412
SG_017026,0.16705352260214817
SG_017028,0.12976874957946155
SG_017040,0.16496139138024435
SG_017043,0.14663238310406787
SG_017044,0.22242711141153715
SG_017046,0.20613949894359415
SG_017048,0.1710058280377117
SG_017049,0.10301670649820101
SG_017050,0.1292797777559339
SG_017055,0.1960331303104409
SG_017056,0.12893310676867614
SG_017062,0.12729554697607148
SG_017067,0.13119254617374548
SG_017070,0.14873782614578226
SG_017071,0.2025433323667197
SG_017076,0.17917623974733649
SG_017077,0.15604160035157544
SG_017079,0.11673141905598677
SG_017080,0.12707083481310924
SG_017085,0.24354866559384436
SG_017098,0.12340093883763578
SG_017103,0.15099280025584355
SG_017110,0.18294014578099502
SG_017111,0.2556691105173943
SG_017114,0.13364324332075045
SG_017116,0.2813659769272689
SG_017123,0.12471993282466652
SG_017124,0.14191240896073196
SG_017126,0.1598318583731809
SG_017127,0.1402733536555997
SG_017130,0.2381028935046437
SG_017139,0.2353686011349426
SG_017144,0.16419420218724176
SG_017145,0.13119254617374548
SG_017146,0.17688613750816307
SG_017154,0.15101636051591216
SG_017158,0.2507115194033869
SG_017170,0.19263646583809457
SG_017171,0.2144135728831646
SG_017172,0.13020411862224188
SG_017182,0.13525842578084646
SG_017187,0.15674510863126742
SG_017190,0.1971842482810495
SG_017192,0.14587051424697375
SG_017193,0.13119254617374548
SG_017195,0.21695680989819102
SG_017202,0.14187246757885724
SG_017206,0.18936206112720597
SG_017208,0.13701007686539438
SG_017213,0.20702562079341977
SG_017218,0.12010343971604785
SG_017220,0.13694940917879633
SG_017223,0.17687853359382222
SG_017224,0.177912445677997
SG_017225,0.16981608914709587
SG_017227,0.1556461053452842
SG_017228,0.15686384053100064
SG_017230,0.12609636148632739
SG_017232,0.25538475467284705
SG_017235,0.2000191889348853
SG_017239,0.22058814260439322
SG_017241,0.15102848230048052
SG_017245,0.1263271209934739
SG_017250,0.2701240255857828
SG_017254,0.12452151255352625
SG_017255,0.20322818378411892
SG_017266,0.13670031422153553
SG_017269,0.1289457234206331
SG_017272,0.1440215132792657
SG_017276,0.15601989604948063
SG_017279,0.11099332637649909
SG_017281,0.1299281483201627
SG_017287,0.2824132108378591
SG_017288,0.1452534070716666
SG_017292,0.12559761903009534
SG_017294,0.190775796784549
SG_017296,0.1011685776443068
SG_017303,0.1246828956319398
SG_017304,0.14403258176880887
SG_017309,0.18114116047298057
SG_017311,0.1469013498238051
SG_017316,0.12623684550571107
SG_017317,0.19166337946119888
SG_017318,0.22677960148134282
SG_017323,0.1897786465628233
SG_017328,0.1714137658593273
SG_017338,0.14724995672500357
SG_017339,0.1673840833021342
SG_017347,0.19078378488103068
SG_017348,0.11792435250822683
SG_017349,0.1440215132792657
SG_017350,0.13771464838785621
SG_017354,0.16549685221905144
SG_017358,0.20626992777669198
SG_017360,0.11706584920014575
SG_017361,0.1299281483201627
SG_017364,0.2065359945226584
SG_017368,0.17880453948549035
SG_017373,0.17250823077031077
SG_017376,0.1852168898840282
SG_017383,0.17638011584197208
SG_017385,0.13836140301342495
SG_017391,0.16889392916160142
SG_017399,0.18256281830383297
SG_017402,0.09548366918395727
SG_017405,0.15165404986394437
SG_017406,0.12455292565619389
SG_017416,0.20385715606260063
SG_017419,0.12843141943905242
SG_017421,0.15175080835927612
SG_017423,0.24601994945171218
SG_017425,0.2056918027060169
SG_017428,0.16840214749626323
SG_017431,0.2344587897404022
SG_017432,0.18919108101188306
SG_017438,0.2627281371176726
SG_017439,0.09548366918395727
SG_017445,0.09548366918395727
SG_017448,0.10301670649820101
SG_017452,0.1845802197897716
SG_017454,0.22773608100684986
SG_017457,0.16362835751681415
SG_017458,0.19429291800644455
SG_017464,0.1440215132792657
SG_017465,0.18240208949969944
SG_017466,0.24774791268105403
SG_017467,0.23814648090469387
SG_017475,0.1469013498238051
SG_017479,0.1740176429200798
SG_017480,0.11927578581060211
SG_017481,0.15036116910868172
SG_017482,0.19195851883580858
SG_017484,0.13850126677565144
SG_017486,0.17846050659034116
SG_017501,0.16905294128212975
SG_017504,0.14330453414418534
SG_017507,0.14806517291864035
SG_017509,0.20066196644690978
SG_017513,0.13091156866595002
SG_017514,0.23810183052741735
SG_017516,0.10301670649820101
SG_017518,0.13545292618662177
SG_017521,0.1908495806159712
SG_017526,0.19794769163864143
SG_017529,0.11531843132807301
SG_017532,0.12420143051781073
SG_017535,0.13994742958806655
SG_017537,0.13119254617374548
SG_017538,0.17593473056984293
SG_017542,0.1331191679286851
SG_017545,0.2244265338783386
SG_017549,0.2746058941382359
SG_017557,0.15842352938694004
SG_017559,0.15569225341019763
SG_017560,0.12342423090389094
SG_017562,0.1749778820790307
SG_017563,0.21415876916321502
SG_017565,0.28392929192219835
SG_017572,0.13583175979632375
SG_017575,0.27196080838181397
SG_017577,0.1733541564005849
SG_017578,0.12420143051781073
SG_017579,0.25286477234575033
SG_017580,0.12395795059042473
SG_017581,0.27066037154338324
SG_017589,0.2063712978833226
SG_017590,0.1483988575305412
SG_017594,0.1880660339992501
SG_017597,0.12857646688180793
SG_017604,0.23000841118750404
SG_017605,0.14576715849212274
SG_017606,0.1635766607219823
SG_017607,0.12456172797860346
SG_017611,0.20880238098510265
SG_017615,0.14258297333855857
SG_017616,0.1233194944663426
SG_017617,0.26246857954641617
SG_017621,0.20165469298722402
SG_017622,0.20090278764843675
SG_017629,0.1368790502746742
SG_017630,0.13296257716602156
SG_017634,0.1379963643678872
SG_017639,0.17150817933328708
SG_017642,0.14225738484803238
SG_017646,0.20706706240559503
SG_017657,0.23652557424028975
SG_017658,0.21940406977122093
SG_017667,0.1558900608015202
SG_017673,0.14906223539940336
SG_017674,0.1898102193111633
SG_017677,0.11656091704718223
SG_017679,0.13980837017741202
SG_017683,0.15007961540333167
SG_017687,0.11531843132807301
SG_017689,0.18830565203876207
SG_017691,0.12452151255352625
SG_017693,0.17570777800185666
SG_017696,0.15259817436053
SG_017697,0.14017337152024378
SG_017702,0.12964684381212813
SG_017703,0.24532811965875181
SG_017709,0.09548366918395727
SG_017714,0.1440215132792657
SG_017715,0.19852297106768343
SG_017718,0.2153235835896372
SG_017719,0.1413071537272972
SG_017728,0.28324788423830083
SG_017729,0.14225738484803238
SG_017739,0.14491759411800975
SG_017743,0.16419420218724176
SG_017745,0.12458205656189024
SG_017746,0.10301670649820101
SG_017749,0.2888781887919489
SG_017750,0.17623399188103978
SG_017754,0.14719041772140118
SG_017757,0.15497269343195264
SG_017760,0.27667526913253776
SG_017774,0.17531942051801988
SG_017775,0.14160206879447973
SG_017776,0.19844764091949393
SG_017777,0.2171259450779452
SG_017778,0.14538175738887008
SG_017781,0.1445215172388847
SG_017782,0.19047039530147764
SG_017789,0.1835209880401284
SG_017795,0.17843788019376572
SG_017798,0.2079825294467816
SG_017811,0.1775251468053864
SG_017817,0.13185268618285031
SG_017819,0.20460751709076158
SG_017822,0.1952128264390062
SG_017827,0.16885402539059255
SG_017830,0.2804906978378197
SG_017832,0.1717607637391611
SG_017834,0.3154487993979774
SG_017838,0.15879424310816503
SG_017840,0.19361810808658353
SG_017847,0.1406645038136322
SG_017851,0.218460206895287
SG_017855,0.1940950364523604
SG_017862,0.10304312741618538
SG_017865,0.1508650223582941
SG_017866,0.1749025361106513
SG_017867,0.13269570291395982
SG_017878,0.1335532819146789
SG_017879,0.12054237497230831
SG_017880,0.13937774764828792
SG_017881,0.1451138498381593
SG_017882,0.14630359969569753
SG_017886,0.1255482804758456
SG_017888,0.12471961713373163
SG_017889,0.18104203614822328
SG_017895,0.18442223056084792
SG_017900,0.19039377893531326
SG_017902,0.21491555472867685
SG_017907,0.24356522070635925
SG_017909,0.1570697389943883
SG_017910,0.1454293233618799
SG_017913,0.1838772599738223
SG_017914,0.14668845926284507
SG_017917,0.21498746864811888
SG_017918,0.24860991132078786
SG_017919,0.1439516521306011
SG_017920,0.21493269127708234
SG_017936,0.13119254617374548
SG_017938,0.16488232369447325
SG_017945,0.2444006429708718
SG_017947,0.18347947230615932
SG_017949,0.12439581815990272
SG_017956,0.21211824593029893
SG_017958,0.17509531233382672
SG_017960,0.2062501523883525
SG_017965,0.12458856701358376
SG_017971,0.16156541950912365
SG_017973,0.2475213419924058
SG_017978,0.23417389412494458
SG_017981,0.14317503427993866
SG_017985,0.26597172946687575
SG_017987,0.1986519973249827
SG_017991,0.17539824261144615
SG_017992,0.1806060468845183
SG_018002,0.1450553631267517
SG_018003,0.24508062602489306
SG_018005,0.1436327155816702
SG_018014,0.1747908888720048
SG_018015,0.18254022372758782
SG_018016,0.16889392916160142
SG_018017,0.30283556881687934
SG_018024,0.1440215132792657
SG_018028,0.1536417190280934
SG_018032,0.15892383528545337
SG_018033,0.17862439722551415
SG_018037,0.1623334759198112
SG_018040,0.1434965488764312
SG_018042,0.12729554697607148
SG_018046,0.14864391946251534
SG_018050,0.24893702520440736
SG_018055,0.2064168977058491
SG_018056,0.1780940739223714
SG_018061,0.16457087955291858
SG_018063,0.2007741925332091
SG_018064,0.18416689180334492
SG_018067,0.12789165957650464
SG_018072,0.1890766397742187
SG_018073,0.18137668368506232
SG_018074,0.26942616577556355
SG_018076,0.18530637659644905
SG_018080,0.12340093883763578
SG_018084,0.20519182238865855
SG_018088,0.2266460471304423
SG_018090,0.15657372727538654
SG_018092,0.17636605906780436
SG_018094,0.17401584850940766
SG_018096,0.1245162462518128
SG_018100,0.23194180478639115
SG_018109,0.24051936435131607
SG_018111,0.13212411295332382
SG_018120,0.2825724667796689
SG_018124,0.32121211067195904
SG_018125,0.1878917025702973
SG_018130,0.14126676219456694
SG_018132,0.14650374000455926
SG_018134,0.1492470752901002
SG_018140,0.1800054770830564
SG_018144,0.14136986426857778
SG_018146,0.28323489174704736
SG_018150,0.18848756309055806
SG_018154,0.25772860524426877
SG_018155,0.157389083491121
SG_018160,0.10304312741618538
SG_018165,0.1372857605169954
SG_018166,0.12900056887228384
SG_018170,0.12922884367399126
SG_018174,0.21040323233437896
SG_018175,0.10301670649820101
SG_018178,0.1483988575305412
SG_018181,0.16516241464318915
SG_018186,0.1253128052794686
SG_018188,0.1660133494825973
SG_018195,0.12189453387829725
SG_018198,0.15214539072324507
SG_018201,0.10301670649820101
SG_018206,0.19309325335048305
SG_018208,0.1335532819146789
SG_018214,0.24251045658261144
SG_018215,0.24525209429845962
SG_018216,0.18000566398801704
SG_018221,0.18512772320433454
SG_018224,0.12841937111082866
SG_018228,0.18193985996992013
SG_018229,0.15499870648190198
SG_018238,0.13462953272990624
SG_018241,0.09548366918395727
SG_018246,0.14512835171291863
SG_018247,0.14869621357251997
SG_018252,0.26302129010563907
SG_018253,0.13768130556502495
SG_018259,0.26523710869000117
SG_018261,0.13850406838657808
SG_018263,0.15787203962208868
SG_018266,0.16086777404134403
SG_018269,0.18259760356728014
SG_018270,0.16624117620046966
SG_018276,0.12448498456048702
SG_018278,0.23176990878807185
SG_018281,0.14287501978222125
SG_018282,0.23129840399780674
SG_018284,0.20702810346662198
SG_018286,0.12789165957650464
SG_018287,0.16471429504991061
SG_018294,0.09548366918395727
SG_018297,0.1440215132792657
SG_018303,0.1801295477381223
SG_018305,0.21721816520097753
SG_018307,0.13937774764828792
SG_018312,0.17509531233382672
SG_018316,0.1483988575305412
SG_018321,0.1847453911435426
SG_018322,0.15311587796383816
SG_018325,0.09548366918395727
SG_018327,0.1335532819146789
SG_018330,0.13417816772896185
SG_018334,0.2015061997494267
SG_018336,0.2083467936818358
SG_018338,0.26669348772015417
SG_018341,0.1483988575305412
SG_018342,0.13401027282570876
SG_018347,0.20304489503978956
SG_018348,0.17442829611358487
SG_018351,0.14693314648999237
SG_018360,0.28349020422146887
SG_018361,0.19483484673123613
SG_018364,0.17137325925177407
SG_018366,0.14008461214700574
SG_018368,0.255075776893428
SG_018372,0.20155779242552024
SG_018379,0.16482102706557583
SG_018381,0.16703946170085926
SG_018386,0.13157838798332047
SG_018387,0.17796477992596213
SG_018388,0.19561885258041806
SG_018394,0.25276512378900223
SG_018407,0.14048907188721968
SG_018410,0.20885831099482519
SG_018411,0.1483988575305412
SG_018417,0.22355903174217065
SG_018418,0.1814191770489491
SG_018420,0.14668845926284507
SG_018422,0.1406645038136322
SG_018424,0.23245287711647805
SG_018426,0.09548366918395727
SG_018427,0.13119254617374548
SG_018430,0.1374223508333326
SG_018433,0.15103276686599443
SG_018434,0.17851971511638937
SG_018436,0.18570896521456165
SG_018441,0.22658463287831865
SG_018442,0.155527837756623
SG_018445,0.12458205656189024
SG_018448,0.17367512661506515
SG_018452,0.11871557004035715
SG_018455,0.21077830280483373
SG_018458,0.13119254617374548
SG_018462,0.28409141619818906
SG_018468,0.14375498937961104
SG_018469,0.2076403149824602
SG_018470,0.1807542278103969
SG_018471,0.2475958127411442
SG_018472,0.1826206765201125
SG_018474,0.09548366918395727
SG_018476,0.25226156146045003
SG_018481,0.2208310638967165
SG_018485,0.20526867791170775
SG_018487,0.18670636311355268
SG_018490,0.1286721281637573
SG_018491,0.15342995625021583
SG_018493,0.21185318866869154
SG_018494,0.1601555317899003
SG_018497,0.10940475250260766
SG_018501,0.12420143051781073
SG_018503,0.2137071264262519
SG_018505,0.1828548132371619
SG_018506,0.20759823854247283
SG_018510,0.14511201696897574
SG_018511,0.15535433356635273
SG_018514,0.18415134795535387
SG_018519,0.15493175285851316
SG_018520,0.11531843132807301
SG_018524,0.1748655951577583
SG_018525,0.12340093883763578
SG_018526,0.12596529510615956
SG_018529,0.18507222390723455
SG_018531,0.2151499426288549
SG_018534,0.1570265878108101
SG_018536,0.13462953272990624
SG_018537,0.16995935962519645
SG_018543,0.20570286135192054
SG_018544,0.17089353336505952
SG_018547,0.13462953272990624
SG_018548,0.14886361119188213
SG_018549,0.1781822334195286
SG_018553,0.12690286239795945
SG_018555,0.21213900029669833
SG_018558,0.17089353336505952
SG_018566,0.10304312741618538
SG_018568,0.23635206458862235
SG_018569,0.11706584920014575
SG_018573,0.2184156778703067
SG_018576,0.1362794642968891
SG_018579,0.12510704625286
SG_018587,0.1942267468778857
SG_018591,0.14712978933158619
SG_018594,0.12609636148632739
SG_018601,0.25238202220062744
SG_018603,0.2049186119473689
SG_018608,0.18015687236298433
SG_018611,0.19169179800115124
SG_018612,0.23607114721713776
SG_018615,0.1354460300837391
SG_018617,0.13388689890526584
SG_018621,0.18343007563787642
SG_018623,0.21857488151185417
SG_018624,0.18287533493414534
SG_018631,0.13781064713608465
SG_018636,0.15693769136172867
SG_018637,0.14812860488511687
SG_018639,0.24395537215949392
SG_018644,0.10940475250260766
SG_018645,0.14188024676015099
SG_018647,0.2698041947579947
SG_018650,0.21863663583296367
SG_018651,0.14348163806369602
SG_018662,0.196011431297329
SG_018663,0.13584849692138565
SG_018664,0.19824779664881656
SG_018665,0.16395393354693732
SG_018670,0.2644045658390019
SG_018676,0.22573055633213318
SG_018677,0.1833660017627406
SG_018678,0.16665381927921155
SG_018680,0.14889009436537604
SG_018685,0.15906213543974482
SG_018686,0.25340894950591136
SG_018687,0.20219273082894051
SG_018688,0.1440215132792657
SG_018689,0.1807542278103969
SG_018693,0.17082373696358064
SG_018694,0.12789165957650464
SG_018697,0.17593126784366014
SG_018703,0.1538409848967727
SG_018705,0.15081392425726606
SG_018709,0.1223402048589597
SG_018710,0.20027014032179288
SG_018711,0.16289800644617544
SG_018717,0.10301670649820101
SG_018721,0.17241970967920767
SG_018722,0.17277923277052118
SG_018731,0.16752547388326602
SG_018733,0.20153805022348795
SG_018738,0.1299281483201627
SG_018744,0.16702428564174443
SG_018745,0.19180983691883707
SG_018748,0.14061555663431963
SG_018756,0.2138384566944848
SG_018758,0.20656949521784482
SG_018761,0.1364191307355358
SG_018765,0.1299281483201627
SG_018766,0.25925805853413614
SG_018767,0.12905886999941749
SG_018768,0.17593126784366014
SG_018770,0.16887616935427874
SG_018779,0.1371504271515056
SG_018787,0.1836264169970333
SG_018788,0.22132745583288305
SG_018789,0.1415996944956305
SG_018791,0.21344090468224694
SG_018792,0.1996660727071954
SG_018793,0.10301670649820101
SG_018798,0.21709745465052543
SG_018799,0.18625650550059727
SG_018800,0.12452151255352625
SG_018803,0.1235440164748086
SG_018806,0.19318601766004173
SG_018809,0.1299281483201627
SG_018811,0.18920579427386053
SG_018817,0.12969579531155573
SG_018818,0.13558877299966357
SG_018821,0.10301670649820101
SG_018822,0.17124425727287346
SG_018823,0.15143873166737346
SG_018826,0.14885636043468703
SG_018831,0.11792435250822683
SG_018834,0.15845092111622452
SG_018837,0.15361527075248757
SG_018838,0.2639617145369581
SG_018842,0.16188798559948878
SG_018843,0.2741196206096217
SG_018847,0.1693356446651194
SG_018850,0.13119254617374548
SG_018852,0.19520013086701418
SG_018853,0.12452048108746197
SG_018859,0.2556498631880763
SG_018861,0.20217771632365403
SG_018875,0.1361392594364031
SG_018883,0.16378354562536082
SG_018885,0.11550268409433405
SG_018889,0.13793583852772387
SG_018890,0.1286721281637573
SG_018894,0.18857417758238623
SG_018895,0.23333689511389388
SG_018899,0.13119254617374548
SG_018901,0.1770436426256148
SG_018902,0.17442829611358487
SG_018904,0.1586314515836046
SG_018905,0.1944459863837054
SG_018906,0.16754593202305929
SG_018907,0.14154404422676947
SG_018908,0.10301670649820101
SG_018915,0.24539107183357595
SG_018918,0.14576715849212274
SG_018920,0.1733541564005849
SG_018924,0.28359305018915437
SG_018928,0.22211952141472016
SG_018940,0.170639817468917
SG_018941,0.129138595470394
SG_018942,0.18226970821485367
SG_018965,0.2766494904385069
SG_018966,0.09548366918395727
SG_018968,0.1446494809043552
SG_018970,0.19021807206238928
SG_018972,0.11717426206694094
SG_018978,0.13119254617374548
SG_018981,0.14573270418364812
SG_018984,0.14920749713122958
SG_018990,0.21722696282408463
SG_019006,0.2431632964097054
SG_019012,0.21081555238083285
SG_019014,0.21876846245445997
SG_019015,0.2205407298185666
SG_019016,0.19800084621989525
SG_019018,0.22137534498881156
SG_019019,0.12054237497230831
SG_019023,0.18012145875882687
SG_019028,0.2625751240239472
SG_019030,0.2154873507962019
SG_019036,0.17509531233382672
SG_019038,0.12420143051781073
SG_019039,0.17148163858710902
SG_019041,0.18256281830383297
SG_019042,0.1641059323048209
SG_019044,0.25165907842533686
SG_019051,0.1341968376097475
SG_019053,0.16150902536914816
SG_019054,0.1430642889420135
SG_019058,0.18351490601571954
SG_019069,0.13207874863430186
SG_019071,0.10304312741618538
SG_019082,0.21420808556872903
SG_019083,0.11717426206694094
SG_019084,0.22991319452971015
SG_019087,0.12452151255352625
SG_019092,0.13296257716602156
SG_019098,0.16376172224995683
SG_019102,0.26863774144009545
SG_019105,0.13119254617374548
SG_019106,0.21855717233106972
SG_019109,0.14909690922228122
SG_019115,0.13949596235495268
SG_019117,0.2021949541542716
SG_019119,0.14147838114984246
SG_019120,0.15791172375163662
SG_019131,0.17084048922407094
SG_019142,0.2777240820224724
SG_019146,0.17427979215167724
SG_019147,0.17079076400208687
SG_019149,0.1607914822035817
SG_019150,0.15986102827327395
SG_019162,0.1724067780104862
SG_019167,0.13119254617374548
SG_019169,0.17658504212417034
SG_019171,0.12702502591718903
SG_019176,0.24508062602489306
SG_019184,0.1329639513588909
SG_019187,0.15834339105328973
SG_019190,0.15103276686599443
SG_019197,0.13212411295332382
SG_019198,0.15349430272687092
SG_019201,0.13175639641318695
SG_019203,0.19794620621599732
SG_019204,0.20820636396752362
SG_019208,0.1246828956319398
SG_019209,0.12575460175084902
SG_019211,0.13672762184212936
SG_019212,0.1299281483201627
SG_019217,0.21019773883307918
SG_019221,0.15148976664537167
SG_019222,0.2816068109083925
SG_019223,0.12340093883763578
SG_019225,0.13823175764497708
SG_019237,0.18585521634273913
SG_019244,0.1773737179223724
SG_019245,0.22793361266071194
SG_019246,0.09548366918395727
SG_019247,0.1483988575305412
SG_019248,0.14812860488511687
SG_019249,0.20200566658050104
SG_019251,0.15315567766642288
SG_019253,0.12707083481310924
SG_019254,0.11561370346762759
SG_019255,0.24150599305343878
SG_019259,0.13091156866595002
SG_019265,0.12420143051781073
SG_019266,0.2613049480045688
SG_019267,0.14668845926284507
SG_019270,0.1299281483201627
SG_019271,0.14488925683438283
SG_019272,0.17150817933328708
SG_019273,0.12693611375424593
SG_019274,0.12340093883763578
SG_019275,0.15491694879265114
SG_019276,0.13937774764828792
SG_019282,0.2162297647908047
SG_019286,0.19285836857334157
SG_019289,0.1665495125842581
SG_019295,0.18691504057773722
SG_019296,0.2110188540352055
SG_019298,0.09548366918395727
SG_019300,0.1513591550013051
SG_019302,0.20184029132432976
SG_019311,0.16671828293690652
SG_019314,0.20243899491244374
SG_019315,0.17653182062749934
SG_019316,0.24092352963172664
SG_019321,0.13975938998889098
SG_019325,0.17163425579262
SG_019326,0.2871319278017608
SG_019328,0.13119254617374548
SG_019330,0.17860414524476453
SG_019333,0.13735170321881227
SG_019336,0.14576715849212274
SG_019339,0.19591784402779452
SG_019346,0.14529196220382917
SG_019352,0.17738692321253954
SG_019358,0.20372523218950153
SG_019362,0.18320693741166874
SG_019368,0.15272682165216708
SG_019371,0.14354456280700856
SG_019373,0.23300710607491115
SG_019374,0.22439286267189784
SG_019375,0.2053085567721828
SG_019376,0.2051626541405393
SG_019386,0.1774164015303067
SG_019388,0.16752916029061382
SG_019394,0.16494463514781899
SG_019398,0.13562173558070048
SG_019408,0.23519528254778962
SG_019411,0.1391595437895144
SG_019419,0.2853922880471188
SG_019421,0.17541402505879092
SG_019425,0.1860148496690105
SG_019427,0.19180877091484916
SG_019428,0.17904665020332158
SG_019431,0.1804810269454969
SG_019432,0.1245162462518128
SG_019433,0.17030995633966084
SG_019436,0.2327910483435011
SG_019437,0.2474223822101071
SG_019440,0.12148202952239691
SG_019442,0.1795402106486613
SG_019446,0.16334217435907478
SG_019447,0.15311587796383816
SG_019449,0.13395632213347283
SG_019452,0.11676880007659844
SG_019455,0.20135212303385852
SG_019456,0.1356241483932611
SG_019458,0.24537984923833214
SG_019466,0.1479849006082924
SG_019468,0.2555768175169135
SG_019470,0.12675748693528682
SG_019471,0.191011668083471
SG_019473,0.15455474274897427
SG_019478,0.17541691849092286
SG_019485,0.2935296474940889
SG_019488,0.23056528141633298
SG_019489,0.24872848809624454
SG_019491,0.19378961590467053
SG_019496,0.19924500196187184
SG_019498,0.14017676391797973
SG_019510,0.20074828484312068
SG_019516,0.09548366918395727
SG_019519,0.13583175979632375
SG_019523,0.1886040032071655
SG_019527,0.12187911926891892
SG_019530,0.14886361119188213
SG_019532,0.13873224716617055
SG_019534,0.14271139497804347
SG_019540,0.1553273697440785
SG_019541,0.13577016466105107
SG_019543,0.20197401606408233
SG_019553,0.1515844591709044
SG_019558,0.14797572781426951
SG_019562,0.1508650223582941
SG_019563,0.16832141988320168
SG_019564,0.15527756477328333
SG_019567,0.10301670649820101
SG_019570,0.21810731834038702
SG_019577,0.1508391728874219
SG_019583,0.16309551766475466
SG_019585,0.15324056168748063
SG_019587,0.14191240896073196
SG_019588,0.09548366918395727
SG_019591,0.13735170321881227
SG_019593,0.12452151255352625
SG_019598,0.14538175738887008
SG_019599,0.19000990845164575
SG_019602,0.25631715858744336
SG_019609,0.20159079086778134
SG_019620,0.1733541564005849
SG_019621,0.10301670649820101
SG_019624,0.2913088534961306
SG_019625,0.22657511183920845
SG_019627,0.09548366918395727
SG_019635,0.15636529732869345
SG_019638,0.14646833728155628
SG_019639,0.13583175979632375
SG_019642,0.2538766103669199
SG_019645,0.15101219897677814
SG_019647,0.21150120483439816
SG_019648,0.1362794642968891
SG_019650,0.13675708331882075
SG_019652,0.143459841894619
SG_019654,0.1783599738556733
SG_019657,0.1745447977266041
SG_019660,0.15335536990488344
SG_019661,0.17367991950984724
SG_019662,0.211813328783284
SG_019665,0.13343984444791732
SG_019666,0.17968175676075446
SG_019667,0.21706691141053838
SG_019676,0.1483988575305412
SG_019679,0.2538766103669199
SG_019680,0.19104006006933213
SG_019683,0.20989979489013613
SG_019689,0.14050015621721829
SG_019690,0.1604918462081445
SG_019691,0.18624391693617479
SG_019695,0.1469013498238051
SG_019698,0.1975169683094196
SG_019710,0.13816701572737491
SG_019711,0.1857448705441657
SG_019716,0.14812860488511687
SG_019724,0.1397853014194471
SG_019727,0.22218526156065965
SG_019728,0.12440958806611563
SG_019729,0.1815935805326907
SG_019733,0.29157059766818755
SG_019738,0.14715282031078586
SG_019740,0.16800359227569878
SG_019746,0.2095965962322172
SG_019747,0.19860331604538134
SG_019750,0.1516581870033025
SG_019755,0.3058347103278281
SG_019756,0.14068440692566386
SG_019761,0.12455292565619389
SG_019764,0.11639097068292016
SG_019766,0.1440215132792657
SG_019767,0.16492807977294863
SG_019769,0.2405239538571938
SG_019779,0.14216526281146233
SG_019782,0.13735170321881227
SG_019783,0.14724995672500357
SG_019784,0.1440215132792657
SG_019791,0.17150817933328708
SG_019792,0.13395632213347283
SG_019793,0.24451421762704026
SG_019797,0.1331088076855204
SG_019800,0.23221984576771929
SG_019801,0.19909367999256555
SG_019802,0.1904618129346497
SG_019804,0.18197175330613724
SG_019807,0.21056560015446973
SG_019809,0.18339543890304055
SG_019811,0.1796696156499479
SG_019812,0.15096943780755276
SG_019819,0.13381260231055406
SG_019828,0.13135830026592876
SG_019830,0.13791073056572514
SG_019832,0.13119254617374548
SG_019835,0.12596529510615956
SG_019838,0.1716426032818864
SG_019839,0.13119254617374548
SG_019842,0.20430733436323628
SG_019846,0.2205721910764419
SG_019849,0.13939036160123255
SG_019851,0.20823953091190886
SG_019852,0.12187911926891892
SG_019853,0.17459798484748323
SG_019854,0.2685055114905591
SG_019857,0.16683916142938154
SG_019858,0.19913762126235834
SG_019859,0.23038301732319102
SG_019864,0.21709745465052543
SG_019865,0.15115006529600264
SG_019868,0.21031665270004782
SG_019869,0.26909332877637276
SG_019873,0.12187911926891892
SG_019878,0.14669384908820446
SG_019883,0.2475920314489733
SG_019887,0.1371504271515056
SG_019888,0.10940475250260766
SG_019895,0.162263848350846
SG_019900,0.13453800162330343
SG_019903,0.14084118196817602
SG_019906,0.14641248055393935
SG_019909,0.12109552560258946
SG_019910,0.15349430272687092
SG_019913,0.16940068962424362
SG_019914,0.22441292318586092
SG_019921,0.14711975654959092
SG_019923,0.1647751016738992
SG_019928,0.31971289657660457
SG_019930,0.2584137623460133
SG_019933,0.18342001282053316
SG_019939,0.13800442547096592
SG_019941,0.20548625067853676
SG_019944,0.1521682360916229
SG_019945,0.20092728361718054
SG_019947,0.13431869670001062
SG_019949,0.21917564613113422
SG_019950,0.22494988408374547
SG_019954,0.170639817468917
SG_019955,0.25907615459261957
SG_019960,0.1299812887129177
SG_019961,0.15250852030070972
SG_019966,0.2428769814862885
SG_019968,0.1675006505318839
SG_019970,0.13119254617374548
SG_019973,0.15611074533438032
SG_019974,0.18259462128249587
SG_019976,0.15072799746530835
SG_019978,0.1331088076855204
SG_019980,0.12841937111082866
SG_019981,0.18070930354837642
SG_019983,0.17045660428035653
SG_019984,0.1430642889420135
SG_019985,0.12187911926891892
SG_019989,0.09548366918395727
SG_019994,0.16943739506743064
SG_019998,0.1508650223582941
SG_019999,0.29594348176104024
SG_020000,0.2297677658509317
