signal_id,ehtimollik
SG_000001,0.14059800187168411
SG_000007,0.18387410956675768
SG_000009,0.1407017445014909
SG_000010,0.13815677715014124
SG_000011,0.13301158370124977
SG_000018,0.16796606919405413
SG_000024,0.21946858956448675
SG_000026,0.15001408565299673
SG_000032,0.1896981103090658
SG_000033,0.2792868608055067
SG_000034,0.12325438869055717
SG_000036,0.12669821968613373
SG_000039,0.11674052883066456
SG_000048,0.12417578506585433
SG_000049,0.15395291739353772
SG_000050,0.2482629543327656
SG_000053,0.11443136769823034
SG_000054,0.19866182152900186
SG_000055,0.19675473923285633
SG_000058,0.14571213114532638
SG_000059,0.16044170120614504
SG_000061,0.1376968582817939
SG_000062,0.19708724675124484
SG_000072,0.15360081477003903
SG_000073,0.21080173953037062
SG_000075,0.1693708665971666
SG_000080,0.23276323361697918
SG_000081,0.13762589991053292
SG_000083,0.10967750812290261
SG_000086,0.15294053553570122
SG_000087,0.22873374714707298
SG_000092,0.16196974117761131
SG_000099,0.1701931555868859
SG_000100,0.15209632113944388
SG_000105,0.13718585716845239
SG_000106,0.21449621912110312
SG_000107,0.11818737580372565
SG_000118,0.17619643011066516
SG_000120,0.13457056015722663
SG_000125,0.18049469232247622
SG_000129,0.17489721815169434
SG_000137,0.13398258289091441
SG_000146,0.1298097675565146
SG_000147,0.23457206554999188
SG_000149,0.19476812968219426
SG_000153,0.17987474471482476
SG_000161,0.12220204934400439
SG_000163,0.14639382269769166
SG_000165,0.2056030658918663
SG_000173,0.12211509930810754
SG_000178,0.1343686278880672
SG_000179,0.12104499657978768
SG_000187,0.2856911213900803
SG_000192,0.09732516888080436
SG_000193,0.2110647446065614
SG_000195,0.14759738025995062
SG_000196,0.1857570799152871
SG_000201,0.11765928317492323
SG_000203,0.13181307361496603
SG_000205,0.3042734505952601
SG_000207,0.1932481169289299
SG_000211,0.16679208764659426
SG_000214,0.11183279798763267
SG_000217,0.10736241172322873
SG_000218,0.31736773464854967
SG_000219,0.23268862405989607
SG_000227,0.1377664795329279
SG_000229,0.11178635362284718
SG_000232,0.21887993913505846
SG_000240,0.11358481708066766
SG_000242,0.23756202411734503
SG_000244,0.13132557993469485
SG_000246,0.14480352609352928
SG_000250,0.120042292161219
SG_000253,0.2080770452694153
SG_000262,0.16252832571817918
SG_000269,0.262141359252984
SG_000270,0.13179681960424527
SG_000271,0.26787166851504746
SG_000284,0.23712239253618392
SG_000286,0.2179896414301449
SG_000287,0.12775822668674383
SG_000290,0.2963777278870147
SG_000291,0.17235488951364072
SG_000301,0.14426303771906396
SG_000302,0.2181134932498708
SG_000304,0.11084186685436417
SG_000306,0.22379952120012564
SG_000309,0.11893921525546984
SG_000314,0.18709876812080223
SG_000319,0.22824789207523186
SG_000320,0.15082521649907618
SG_000321,0.17179179911211256
SG_000325,0.20215053032875707
SG_000328,0.11498121691837433
SG_000329,0.11437870474403684
SG_000333,0.14157079482594637
SG_000334,0.20394018593124486
SG_000335,0.13894666307960177
SG_000339,0.10685067637325592
SG_000341,0.11465946627214366
SG_000345,0.25974815533956147
SG_000347,0.15300622560958063
SG_000349,0.16198261077151113
SG_000350,0.13333946860376664
SG_000351,0.1086306909724088
SG_000357,0.13507707702603083
SG_000360,0.2001636451469259
SG_000366,0.2537587934924171
SG_000368,0.16865366200738047
SG_000370,0.17338935775084777
SG_000378,0.14998804399346172
SG_000386,0.17177848502054832
SG_000394,0.14104932659021266
SG_000395,0.13406089491854328
SG_000397,0.23236006147850255
SG_000398,0.12731797733218073
SG_000401,0.17690079843178969
SG_000402,0.12752096828299833
SG_000414,0.24956758761323267
SG_000415,0.18151906534069437
SG_000419,0.2606833764676172
SG_000420,0.17687384911376097
SG_000422,0.2608540265239442
SG_000425,0.16548108325992827
SG_000430,0.119307019748476
SG_000431,0.09838335830001925
SG_000435,0.10420403431987119
SG_000436,0.12934814477403558
SG_000440,0.2257265054607541
SG_000444,0.12472310732455949
SG_000450,0.15156862862278578
SG_000452,0.1616941757778297
SG_000454,0.17735858282480357
SG_000460,0.14709475299436162
SG_000462,0.13106265790437718
SG_000471,0.17490473955733277
SG_000474,0.2280322123604116
SG_000475,0.18633349360756765
SG_000476,0.17339308476399123
SG_000480,0.19826722083117096
SG_000482,0.24838805096437253
SG_000484,0.22756484881910896
SG_000487,0.16406214754112292
SG_000488,0.2105416463254304
SG_000494,0.2667168650075922
SG_000496,0.15599398420899355
SG_000497,0.10119185334921119
SG_000498,0.1140614989104421
SG_000501,0.16553912721106895
SG_000506,0.21061787254424283
SG_000511,0.1710571127361717
SG_000513,0.1289415780452148
SG_000524,0.11822074380530807
SG_000526,0.18801597521988692
SG_000527,0.10327635627987614
SG_000530,0.14211289349531753
SG_000535,0.16636112378878198
SG_000536,0.13009840178734278
SG_000551,0.18524622029063484
SG_000561,0.23928271965098885
SG_000563,0.27619951933279746
SG_000567,0.21276494943282886
SG_000572,0.17145578590179394
SG_000580,0.16669319966060575
SG_000583,0.16426460721240027
SG_000585,0.26915597356427756
SG_000588,0.12645966870706635
SG_000591,0.23038552017791877
SG_000593,0.13642038933095324
SG_000594,0.1895364500782364
SG_000598,0.1184661489284656
SG_000603,0.20363128462968275
SG_000610,0.11316025320794107
SG_000614,0.15430643826151802
SG_000615,0.12931494490297266
SG_000616,0.10524927275102455
SG_000617,0.11812229212657037
SG_000619,0.1203897472019956
SG_000621,0.22217730211719117
SG_000629,0.21120503784583108
SG_000633,0.167787736731554
SG_000634,0.18248402846957654
SG_000638,0.13807258194297067
SG_000640,0.17596384080397962
SG_000643,0.18358811908616296
SG_000646,0.23299314742714947
SG_000648,0.11225589017578658
SG_000657,0.13738966056250776
SG_000662,0.17167992367892085
SG_000665,0.12456388119204803
SG_000666,0.2016383602202437
SG_000672,0.12731853914856123
SG_000674,0.1636031632700407
SG_000677,0.12159722846517922
SG_000678,0.2478629520884862
SG_000679,0.13127889424464734
SG_000691,0.17424016425562538
SG_000692,0.120266702763202
SG_000693,0.21449036712243771
SG_000695,0.20709751801454712
SG_000696,0.14075584828246904
SG_000698,0.11084871356185715
SG_000706,0.13227897729575594
SG_000709,0.16543924651927308
SG_000713,0.13826402935735255
SG_000716,0.15004466122908672
SG_000717,0.1229503008191273
SG_000719,0.18522480537378808
SG_000722,0.24053884065330638
SG_000727,0.13402233926540494
SG_000734,0.1281058385675534
SG_000737,0.12837691604246626
SG_000739,0.10909083453899372
SG_000742,0.19971699890794006
SG_000743,0.15504502520703928
SG_000750,0.13272283878780805
SG_000751,0.21325322541497974
SG_000759,0.2505685273622349
SG_000762,0.16155952313137195
SG_000764,0.1710639851005818
SG_000768,0.10321717886503382
SG_000769,0.1962647819071972
SG_000770,0.17068525543382823
SG_000788,0.27998601670909234
SG_000790,0.1336854468498831
SG_000797,0.16265229327311806
SG_000798,0.12927258089328034
SG_000799,0.16823486543715838
SG_000802,0.1776180473901954
SG_000803,0.31448173624959125
SG_000809,0.2229601769543769
SG_000811,0.15903808480438594
SG_000812,0.2438058758142893
SG_000816,0.2615351021323937
SG_000817,0.14688134653880727
SG_000820,0.10988257172924334
SG_000821,0.11115515014146446
SG_000826,0.18809004541559082
SG_000840,0.17810460148097212
SG_000849,0.19636436391103607
SG_000851,0.14100638561546563
SG_000856,0.12847039837367186
SG_000857,0.2705998443301982
SG_000864,0.11039104355702063
SG_000865,0.12259670209922359
SG_000875,0.16405309022979986
SG_000883,0.1536030001631996
SG_000888,0.20729501410796033
SG_000889,0.1595439657663426
SG_000890,0.22005017170059504
SG_000891,0.11519645246933605
SG_000903,0.1643577774423967
SG_000907,0.17271739772549843
SG_000909,0.11560006529200781
SG_000910,0.21219136169577701
SG_000911,0.21687742989135989
SG_000912,0.17150593795431043
SG_000913,0.21787546669321411
SG_000917,0.22816095088443317
SG_000920,0.17019037015473507
SG_000928,0.10291910815158035
SG_000934,0.10973847921187951
SG_000935,0.2647254633189929
SG_000938,0.18712880462837936
SG_000940,0.1265400695849287
SG_000943,0.16888140343949462
SG_000945,0.12342505444492982
SG_000946,0.17401384869617262
SG_000948,0.14025304303939876
SG_000950,0.18583083227957167
SG_000954,0.19996456886869787
SG_000959,0.19266429401590793
SG_000963,0.19967465661824454
SG_000965,0.13971247118749527
SG_000968,0.20319392468855504
SG_000970,0.24577452332995492
SG_000973,0.11834989278822829
SG_000975,0.11641590282279514
SG_000977,0.11977512560377977
SG_000980,0.2814665104587245
SG_000981,0.17173638064027233
SG_000985,0.15083415030302907
SG_000987,0.2437529589930235
SG_000988,0.16679448091234506
SG_000990,0.19739448080580466
SG_000991,0.2180819040446371
SG_001002,0.22716540508915423
SG_001004,0.260229447854761
SG_001009,0.1372857107103571
SG_001010,0.1278135781447025
SG_001014,0.16029732547809392
SG_001023,0.16429164326046516
SG_001027,0.10802465429792309
SG_001028,0.2666642443415506
SG_001030,0.16625784359975015
SG_001031,0.14601398025106924
SG_001032,0.12989071020067577
SG_001042,0.1700000714797997
SG_001048,0.13998284001965944
SG_001049,0.10911204118329382
SG_001052,0.12243081282406237
SG_001058,0.1426074527767177
SG_001060,0.1383941461033837
SG_001066,0.22634936814943912
SG_001067,0.14344671206913756
SG_001070,0.1278968014834652
SG_001071,0.1356363427288892
SG_001075,0.11140247791168319
SG_001076,0.20334814950996796
SG_001078,0.12202142041588478
SG_001081,0.15796189965935384
SG_001085,0.15376807571163761
SG_001086,0.1363526891912992
SG_001100,0.13016329745193025
SG_001101,0.10588538818492203
SG_001102,0.19190755304932913
SG_001106,0.13049804490086744
SG_001107,0.09771860307073785
SG_001108,0.16606584219057924
SG_001109,0.12410490391984362
SG_001111,0.22121206585722095
SG_001117,0.274770687442852
SG_001121,0.25101964676488453
SG_001123,0.19255574998225156
SG_001125,0.224952104295495
SG_001126,0.3012388030917226
SG_001128,0.12873729303008818
SG_001133,0.10192228174516545
SG_001135,0.19295148347026753
SG_001143,0.2916462289718769
SG_001153,0.09453990782755631
SG_001155,0.2322828280213861
SG_001157,0.1772366279206067
SG_001159,0.14382738081860202
SG_001161,0.2372954928444103
SG_001163,0.12966981602332353
SG_001167,0.2586372107566701
SG_001180,0.15487542051024125
SG_001181,0.2444362695058584
SG_001182,0.18274602225557168
SG_001184,0.2251929285747745
SG_001188,0.11861671813418612
SG_001190,0.23004870267286429
SG_001192,0.2023255296771706
SG_001196,0.2105610536929587
SG_001201,0.20780448831035503
SG_001202,0.14600791913748928
SG_001203,0.1958994353565542
SG_001205,0.12510401449542197
SG_001208,0.21062659689711888
SG_001210,0.22648741432377043
SG_001211,0.1613349658085707
SG_001213,0.18850195046169257
SG_001215,0.22808229074114533
SG_001217,0.1669514723594279
SG_001225,0.19170021589253075
SG_001226,0.21647299527711447
SG_001229,0.18574891630978163
SG_001230,0.13827512210343573
SG_001236,0.14331274610379469
SG_001237,0.11230085669199191
SG_001243,0.18658594436071477
SG_001245,0.17865388354044479
SG_001248,0.13085145389271366
SG_001252,0.12396587252447254
SG_001255,0.31525142747704715
SG_001257,0.23062543136451866
SG_001262,0.16663486643316477
SG_001264,0.13198120062514074
SG_001267,0.1181963744367052
SG_001279,0.10410908834082995
SG_001285,0.12743059391708478
SG_001287,0.15332171892777044
SG_001293,0.21308490738240604
SG_001296,0.21109647074505108
SG_001298,0.13403253928027986
SG_001303,0.14242437066674674
SG_001305,0.1396000239023669
SG_001306,0.19874985811937265
SG_001309,0.14789596511289685
SG_001312,0.12626613952221702
SG_001313,0.22479000008569133
SG_001314,0.1289354288067165
SG_001316,0.1275760204266316
SG_001318,0.1296746000773638
SG_001319,0.21550537145188664
SG_001321,0.21550899810636936
SG_001322,0.16283177136077176
SG_001327,0.11684759088516719
SG_001331,0.13967217486264938
SG_001335,0.13427785716099772
SG_001336,0.16829017353296155
SG_001349,0.18262523125084498
SG_001350,0.1482896994924989
SG_001352,0.18304938727872008
SG_001354,0.11918159862820868
SG_001361,0.13253816849344727
SG_001362,0.19441119997016812
SG_001364,0.13574473302961954
SG_001374,0.23862025260881806
SG_001389,0.1353693287465369
SG_001390,0.11887791651617637
SG_001395,0.23141562563806437
SG_001397,0.13929938978970524
SG_001401,0.1399360966098059
SG_001402,0.13892765945644103
SG_001405,0.12310563015004541
SG_001412,0.23071206800479316
SG_001415,0.16188967172424448
SG_001419,0.11983797618292974
SG_001421,0.21456710771577478
SG_001423,0.17344093240119174
SG_001432,0.15213844722890268
SG_001433,0.13680329282284778
SG_001441,0.21502371922583227
SG_001446,0.1489544208053985
SG_001447,0.12910868018905233
SG_001448,0.09740083177197963
SG_001453,0.1264427650729909
SG_001458,0.11595731772547337
SG_001465,0.19570919310596468
SG_001469,0.2066839279217996
SG_001470,0.160142169728003
SG_001472,0.2514781295161726
SG_001476,0.19110903621642766
SG_001478,0.2619059081808499
SG_001480,0.23747411289088194
SG_001484,0.0982983336414913
SG_001487,0.20801983322828688
SG_001493,0.20712513699979118
SG_001494,0.2632235174285294
SG_001500,0.18141345185324978
SG_001505,0.13883340638567077
SG_001506,0.21321355343052345
SG_001510,0.12717612606899248
SG_001514,0.19366398975937912
SG_001520,0.1698739533682928
SG_001525,0.22712072184110935
SG_001527,0.14443088129771367
SG_001528,0.16381008399314095
SG_001529,0.1373953850388792
SG_001531,0.15866384160057123
SG_001541,0.26431163258430396
SG_001542,0.20898994029872942
SG_001543,0.24821768278588618
SG_001545,0.13537306510080907
SG_001549,0.15595349265774114
SG_001557,0.14750799109027524
SG_001558,0.22427436360027644
SG_001561,0.1607254534024588
SG_001562,0.10633040718410752
SG_001563,0.1859007208363933
SG_001567,0.12530661234496432
SG_001568,0.13840962678397087
SG_001569,0.13007075672708387
SG_001570,0.16339805085108278
SG_001571,0.19060178952073853
SG_001572,0.14999671948681612
SG_001573,0.10743480177461544
SG_001576,0.16230097915646155
SG_001584,0.13031485664161038
SG_001590,0.19808550342977743
SG_001591,0.1255844682000139
SG_001592,0.10493192219150184
SG_001595,0.1364672543666302
SG_001601,0.21404917716593208
SG_001604,0.20469971515796961
SG_001609,0.17914498864989886
SG_001610,0.24239124056997008
SG_001612,0.1163133042560236
SG_001613,0.23491145063123167
SG_001615,0.13271659370974115
SG_001623,0.13432325917994573
SG_001624,0.12635305327170343
SG_001631,0.13379299107632403
SG_001634,0.2120610119628437
SG_001636,0.26548722515874956
SG_001638,0.231107544992165
SG_001647,0.2018502526469127
SG_001650,0.22338096336790492
SG_001653,0.1989579266688778
SG_001654,0.224951041880485
SG_001658,0.21050319388107652
SG_001663,0.18222411544956854
SG_001667,0.1288565078282562
SG_001668,0.13843765733933242
SG_001670,0.09394356622206947
SG_001683,0.1043642069790596
SG_001686,0.2022019998870958
SG_001688,0.19911450839619915
SG_001689,0.13085920837677478
SG_001698,0.29109914401114356
SG_001704,0.19103025568699267
SG_001711,0.21752283450916626
SG_001719,0.12488459558576454
SG_001720,0.11220887388045389
SG_001723,0.15549086110344898
SG_001726,0.1927979246605441
SG_001728,0.12026757926958631
SG_001731,0.10922246250856221
SG_001733,0.19471830972109885
SG_001734,0.12644931601828888
SG_001735,0.19613638011898282
SG_001737,0.22622785629826478
SG_001738,0.24988704378404317
SG_001739,0.1435458928804524
SG_001740,0.16702922960827873
SG_001744,0.14442084247894393
SG_001745,0.19012895327022358
SG_001750,0.16922765307054302
SG_001751,0.1428657360727639
SG_001761,0.2503308344203769
SG_001767,0.11669400081477771
SG_001768,0.2098969795862103
SG_001769,0.13553567602038907
SG_001776,0.2523105871510662
SG_001786,0.12887418213241886
SG_001788,0.11844197130737599
SG_001789,0.25856901912716834
SG_001790,0.11890685675339835
SG_001791,0.17049384316790483
SG_001792,0.18193039830539923
SG_001793,0.1440308608933598
SG_001796,0.13798345540140425
SG_001797,0.11747474428249159
SG_001803,0.1440148657940597
SG_001804,0.11295869862871764
SG_001806,0.16401815643831413
SG_001811,0.16800780177242183
SG_001815,0.24935707094843132
SG_001819,0.14878485086665746
SG_001824,0.15367581019602014
SG_001825,0.2009801558461919
SG_001827,0.16377744355044463
SG_001830,0.19585009630656364
SG_001831,0.11477527646124769
SG_001833,0.2408721551373888
SG_001836,0.12803145963102924
SG_001844,0.206702360519399
SG_001846,0.11490375865253259
SG_001847,0.1972797787938096
SG_001848,0.2220607987854431
SG_001849,0.19089533703377243
SG_001851,0.11663257248472968
SG_001858,0.1299443307706077
SG_001860,0.12171140447937627
SG_001862,0.22669778713535801
SG_001864,0.12468947181836876
SG_001865,0.23404185274226225
SG_001867,0.17593081520314932
SG_001872,0.11548235052838123
SG_001876,0.14022973454729223
SG_001877,0.26393355353826864
SG_001883,0.1655936322907251
SG_001884,0.16194139298455973
SG_001885,0.12203040849311166
SG_001886,0.25042266182280415
SG_001888,0.11465783401736436
SG_001890,0.14491393453383736
SG_001892,0.2048376487093109
SG_001893,0.2131362304358631
SG_001894,0.18639062463988154
SG_001895,0.291581507437824
SG_001897,0.14194163175470675
SG_001901,0.1334225490150784
SG_001903,0.16201226699982993
SG_001904,0.11126642458223553
SG_001906,0.13860540116761116
SG_001909,0.15171639352763883
SG_001912,0.15399989504388675
SG_001914,0.13060365516991002
SG_001915,0.13381634304965107
SG_001919,0.16841398590009388
SG_001924,0.1345226654476225
SG_001925,0.10524897662455829
SG_001928,0.22052573806647846
SG_001930,0.13338826231976508
SG_001932,0.16932253782158718
SG_001933,0.1473149341817788
SG_001934,0.10081631971676787
SG_001936,0.12476011536106787
SG_001947,0.1175069818318027
SG_001953,0.2501499824648069
SG_001954,0.1075797411495613
SG_001955,0.19736948532176082
SG_001963,0.1515734288804021
SG_001971,0.2915190104934798
SG_001975,0.17220078004403278
SG_001976,0.13296899987841812
SG_001977,0.18241917641784722
SG_001980,0.11322288602869884
SG_001981,0.09826237581947628
SG_001982,0.1880401886692894
SG_001990,0.17180546591137721
SG_001999,0.11336013836117032
SG_002000,0.2103796796477383
SG_002002,0.2778597031376227
SG_002004,0.18296395778723698
SG_002008,0.23150779433842372
SG_002009,0.13055366199315613
SG_002016,0.23034012129263667
SG_002021,0.16711045513806752
SG_002024,0.14583752730143462
SG_002027,0.25902418360771323
SG_002037,0.16696305408573853
SG_002038,0.1801523636133888
SG_002039,0.15432582634548292
SG_002044,0.20862004099117035
SG_002045,0.11132780343582559
SG_002048,0.11337843274385084
SG_002050,0.20993430147685538
SG_002052,0.1537025335059938
SG_002063,0.14807530588631757
SG_002067,0.23625788110040524
SG_002068,0.14777330003766004
SG_002069,0.11898480545545913
SG_002074,0.11047560488045591
SG_002075,0.154226666013321
SG_002078,0.1621249251259734
SG_002081,0.11982109714429448
SG_002090,0.23365831813264074
SG_002097,0.22075849327948438
SG_002103,0.1443567793481744
SG_002105,0.2582129136114746
SG_002110,0.12276229873636264
SG_002122,0.14742634745811004
SG_002123,0.16099669442411702
SG_002125,0.25942983559345045
SG_002129,0.27588222427457004
SG_002131,0.22659518866093958
SG_002137,0.23417899944807713
SG_002142,0.27272454173892174
SG_002150,0.16578079024417142
SG_002151,0.2108854344236034
SG_002152,0.17606732900048025
SG_002166,0.1058421162541821
SG_002171,0.19994114863427853
SG_002172,0.12755895466303865
SG_002176,0.1511510758931682
SG_002177,0.23279636390820718
SG_002181,0.23359655546616284
SG_002184,0.1325937892593913
SG_002185,0.28682205851398024
SG_002186,0.11495060932819526
SG_002191,0.14572079583262407
SG_002192,0.18546208867612815
SG_002194,0.1573545766647452
SG_002200,0.12623238752536475
SG_002209,0.21206678839672571
SG_002213,0.11489120448617884
SG_002220,0.15145357526312528
SG_002223,0.1283087062148756
SG_002227,0.14335328632088234
SG_002228,0.1160373293550563
SG_002233,0.1673554920305951
SG_002241,0.22629655238095592
SG_002248,0.2061063988814013
SG_002251,0.22658845736771624
SG_002252,0.17570831419275038
SG_002254,0.2185716259521998
SG_002255,0.21370708424173399
SG_002260,0.28973079864810486
SG_002262,0.1460785711348572
SG_002263,0.1373882060334107
SG_002266,0.11314946418073821
SG_002270,0.12450002542311961
SG_002277,0.12826978259622826
SG_002278,0.10809339668041489
SG_002280,0.1272172606274132
SG_002281,0.25104548866364473
SG_002283,0.15689339936664157
SG_002284,0.25628005307865126
SG_002286,0.14470943892443208
SG_002288,0.1725481176667174
SG_002291,0.16917763833199076
SG_002292,0.1264425292179811
SG_002294,0.15208147571917413
SG_002296,0.18864005336295556
SG_002298,0.1499035287950837
SG_002301,0.1285187293239743
SG_002304,0.22466658178883503
SG_002311,0.17361663670768188
SG_002319,0.23829005619119886
SG_002320,0.16293008716526924
SG_002322,0.1398342598974242
SG_002324,0.1593936733678156
SG_002328,0.1714504499634392
SG_002332,0.12596615294589567
SG_002341,0.25974894479871574
SG_002346,0.15515142451235825
SG_002347,0.19032667009174162
SG_002352,0.12578312124311197
SG_002357,0.1906539516773141
SG_002361,0.13975576187456643
SG_002370,0.11023003435974923
SG_002371,0.16078323894777327
SG_002372,0.1098116251423449
SG_002373,0.1659841201656305
SG_002374,0.12592508994693768
SG_002375,0.15156338688005586
SG_002381,0.14447018724368557
SG_002385,0.12473376987463378
SG_002387,0.15005098143177864
SG_002390,0.22996921891690236
SG_002391,0.11696678366315451
SG_002392,0.11843187147280675
SG_002394,0.1807291546199367
SG_002396,0.14097515216056591
SG_002401,0.14522896822534775
SG_002402,0.13952797163563557
SG_002404,0.17749370954506524
SG_002407,0.11533447543177154
SG_002410,0.1379759968381314
SG_002419,0.248316641172717
SG_002421,0.17388458560043654
SG_002422,0.1398029716974219
SG_002423,0.2573566530272512
SG_002429,0.1343017546680946
SG_002430,0.1542892665384671
SG_002434,0.2300388449933895
SG_002437,0.15608155662718445
SG_002442,0.1398628874807771
SG_002444,0.12342811460648942
SG_002447,0.13551274248447345
SG_002448,0.13916455040225964
SG_002450,0.2749745501804925
SG_002453,0.12197815582472088
SG_002454,0.17108562616182832
SG_002455,0.17623995098082368
SG_002456,0.21198151517337213
SG_002458,0.13963586467239522
SG_002459,0.12723997828272934
SG_002460,0.21769466239117924
SG_002462,0.14387172623853461
SG_002464,0.13623068034571706
SG_002466,0.18997708314242018
SG_002475,0.19225798839072208
SG_002477,0.18755111266122762
SG_002479,0.15908163495101088
SG_002482,0.16821206100039143
SG_002483,0.24026325513948213
SG_002486,0.18596821050135806
SG_002490,0.236204218647621
SG_002493,0.12343902409418152
SG_002495,0.25000469691796623
SG_002498,0.14478458338849226
SG_002500,0.2257322667033791
SG_002502,0.1556281966076341
SG_002507,0.16885769942273063
SG_002509,0.16108658024905842
SG_002517,0.22020615797316695
SG_002520,0.14200468704176478
SG_002522,0.10712371924069343
SG_002526,0.1194640901222576
SG_002529,0.1041119574610503
SG_002532,0.10577359092014958
SG_002539,0.12585240556465996
SG_002541,0.10274228398387407
SG_002544,0.11627054926507291
SG_002545,0.14213503000525748
SG_002546,0.21933724229355198
SG_002548,0.21952135179699084
SG_002555,0.21247846206506102
SG_002559,0.14003381135510307
SG_002568,0.11328879834100875
SG_002572,0.2432045552806523
SG_002573,0.13713256151246758
SG_002577,0.12448781959311954
SG_002580,0.1817383823656382
SG_002583,0.1786996227685612
SG_002586,0.1354283187136693
SG_002587,0.17982680293614817
SG_002588,0.13581557136068492
SG_002594,0.12525589366509968
SG_002596,0.12510695276896125
SG_002597,0.11236921940104026
SG_002599,0.16595179654369063
SG_002600,0.21577429330737008
SG_002601,0.11544304440176348
SG_002605,0.145093510504143
SG_002613,0.16084823715759672
SG_002615,0.19516887198242938
SG_002618,0.1323442373954959
SG_002622,0.13249640745580749
SG_002627,0.165782627869624
SG_002628,0.14566455199658726
SG_002630,0.09984056531501487
SG_002633,0.21930097007385088
SG_002638,0.11808539866176512
SG_002649,0.19413137792460278
SG_002650,0.1222344537218828
SG_002652,0.13789537553446807
SG_002653,0.14419224179503573
SG_002654,0.119544300198818
SG_002657,0.12911124786986167
SG_002664,0.20360029278373148
SG_002665,0.10096006367730949
SG_002666,0.1860389878340231
SG_002667,0.20233148456905314
SG_002672,0.19096310561427096
SG_002673,0.17367133460365453
SG_002674,0.165875487278417
SG_002675,0.1420341567663507
SG_002680,0.23429075797496637
SG_002684,0.24060459555130445
SG_002688,0.24063481439360124
SG_002689,0.12274066288615275
SG_002691,0.13971390705936426
SG_002693,0.2435614995697218
SG_002699,0.12827882721702685
SG_002701,0.21419855417798256
SG_002705,0.18557019353202742
SG_002720,0.10386173327590859
SG_002731,0.17630390671259016
SG_002733,0.13635014912610469
SG_002735,0.18162555311621612
SG_002736,0.23042067056246426
SG_002738,0.11587201150211017
SG_002742,0.2271586829700507
SG_002746,0.17725544982066735
SG_002748,0.1067952712905129
SG_002752,0.11802845689192508
SG_002755,0.11634258165849772
SG_002757,0.13731851915517893
SG_002759,0.143966122712791
SG_002767,0.16102598439105714
SG_002770,0.21335707264962508
SG_002773,0.2388511979337995
SG_002777,0.2207158032628399
SG_002782,0.1177529712800646
SG_002783,0.11999298500878174
SG_002785,0.12436234366705198
SG_002788,0.16196446838877518
SG_002789,0.17016120727740056
SG_002793,0.13340375467826399
SG_002796,0.11881356494940772
SG_002798,0.21502483140174256
SG_002809,0.22546330866463446
SG_002814,0.20685589063589938
SG_002820,0.13108781427774638
SG_002825,0.23931439400233392
SG_002827,0.1507106452099751
SG_002829,0.19055101429600294
SG_002832,0.29540411389536214
SG_002834,0.11081983142205698
SG_002840,0.2136694153369014
SG_002842,0.13052827938093872
SG_002843,0.1463983795094645
SG_002849,0.2497064072054852
SG_002850,0.1358670043920571
SG_002853,0.17944797816993252
SG_002875,0.2947148759958142
SG_002882,0.20509241848245788
SG_002887,0.3079047629423841
SG_002891,0.17772843933051632
SG_002896,0.1572249528578016
SG_002904,0.1910289893672616
SG_002906,0.2792555993794023
SG_002907,0.1821545851768181
SG_002910,0.22233662655344158
SG_002918,0.15375281276223837
SG_002926,0.12260674009899256
SG_002930,0.16262210259344356
SG_002932,0.11974402498947562
SG_002937,0.20424272896737125
SG_002939,0.1588891955735263
SG_002943,0.10649679974482164
SG_002944,0.14648118990552583
SG_002947,0.10768490182578702
SG_002949,0.16855275925392915
SG_002950,0.10769385792146129
SG_002952,0.121070104917893
SG_002954,0.168215812552211
SG_002955,0.24491840039041435
SG_002958,0.1861993190415105
SG_002960,0.18180271162786454
SG_002964,0.21572376949671437
SG_002967,0.17177287066565924
SG_002972,0.22178106997581568
SG_002982,0.26900916752253096
SG_002985,0.2098814232814397
SG_002989,0.18166339864892686
SG_002999,0.14978780904934955
SG_003002,0.14031939650503258
SG_003008,0.1383920112027887
SG_003023,0.11517272841047915
SG_003024,0.13009090249693941
SG_003026,0.2307796653394729
SG_003028,0.23347105846618485
SG_003030,0.1862077962475693
SG_003031,0.13868240962540057
SG_003037,0.17726723453073087
SG_003042,0.1515199564833246
SG_003043,0.14204712101081393
SG_003044,0.25927385510826334
SG_003045,0.14801064002574607
SG_003048,0.17297771119077918
SG_003049,0.12528948132088769
SG_003051,0.1183259079993409
SG_003052,0.17143807382671913
SG_003059,0.2653469514759043
SG_003062,0.13970493092356176
SG_003065,0.12730440981184496
SG_003067,0.1047933847727769
SG_003071,0.14544163434707458
SG_003072,0.20165404866016912
SG_003073,0.12637297699002914
SG_003075,0.15730817030902342
SG_003080,0.11526953778903375
SG_003082,0.17473411275897555
SG_003084,0.2163752443978147
SG_003085,0.1365618106275506
SG_003088,0.14692891664993818
SG_003089,0.22962891046404435
SG_003096,0.14560370643838064
SG_003097,0.19044898912526215
SG_003102,0.14164461498938977
SG_003105,0.21040687848078404
SG_003107,0.09791898969239812
SG_003111,0.17964921719842325
SG_003116,0.23411430402396385
SG_003118,0.11855439703368924
SG_003125,0.10654129622494947
SG_003127,0.14319315117422537
SG_003133,0.23354586801909238
SG_003135,0.17750171175752533
SG_003137,0.22814973767920838
SG_003138,0.12975803815735962
SG_003139,0.26524446729346535
SG_003141,0.24797433952222384
SG_003144,0.21711668780680868
SG_003151,0.24501359084007032
SG_003154,0.1963615517854865
SG_003158,0.2227015937024292
SG_003160,0.11898130990200803
SG_003164,0.27423867710135547
SG_003168,0.10858896496701922
SG_003169,0.11398913266669283
SG_003174,0.12023341400619249
SG_003179,0.25349589073093326
SG_003184,0.1459427178304637
SG_003186,0.10720473906877734
SG_003193,0.18199020990937845
SG_003196,0.10481814589408682
SG_003198,0.1975090431298502
SG_003201,0.18729109240606012
SG_003204,0.2100506566362402
SG_003205,0.17723095477074408
SG_003206,0.144550084615617
SG_003211,0.19013564646118813
SG_003214,0.18466904981433818
SG_003215,0.12411688705669346
SG_003216,0.18354095050295838
SG_003217,0.1281397788694191
SG_003219,0.21384052859249242
SG_003226,0.1680572638947297
SG_003227,0.2336970053234343
SG_003230,0.16573781566852236
SG_003231,0.199320410519066
SG_003232,0.1183351908295033
SG_003234,0.17955913004673146
SG_003239,0.14513963546206352
SG_003241,0.11442464850650656
SG_003243,0.12001170659415276
SG_003250,0.1275233115191783
SG_003253,0.18588342031768415
SG_003256,0.1793179277082578
SG_003259,0.1510245774635157
SG_003266,0.24000676918350883
SG_003272,0.27303549286294654
SG_003273,0.15131199935049572
SG_003281,0.11067851441424392
SG_003284,0.18253360691068207
SG_003288,0.0953993105250214
SG_003293,0.11134814553221078
SG_003294,0.17346872653315512
SG_003295,0.18709920414495537
SG_003296,0.11400825939287253
SG_003301,0.19628526510783972
SG_003304,0.1380657497929766
SG_003305,0.21263029276473408
SG_003307,0.1929183750495357
SG_003310,0.19299610243085835
SG_003314,0.199014452854724
SG_003321,0.12171270576000073
SG_003325,0.14691380738513415
SG_003328,0.2087145680735443
SG_003331,0.15240106090253894
SG_003332,0.21472033968286738
SG_003333,0.1835178099583682
SG_003340,0.1833164728403469
SG_003341,0.24579673168305693
SG_003342,0.16326191202928267
SG_003349,0.17745373631099592
SG_003355,0.13485778646146102
SG_003357,0.2766125190429041
SG_003361,0.12360826588797423
SG_003370,0.24926495043785288
SG_003371,0.1756899938324665
SG_003373,0.18850182466919255
SG_003374,0.24317398931131268
SG_003379,0.14256025496337596
SG_003388,0.11657806573790819
SG_003389,0.22916350360147297
SG_003390,0.12447536071432105
SG_003391,0.22840505908447786
SG_003392,0.14187092700213128
SG_003393,0.24633506464345203
SG_003397,0.09837291318510007
SG_003398,0.1261493483731724
SG_003399,0.15207287157305185
SG_003402,0.17979842390718442
SG_003404,0.14837268176673485
SG_003407,0.11384967057074367
SG_003408,0.16611875688619362
SG_003422,0.10672869031697375
SG_003426,0.15825415491085026
SG_003430,0.13883151161686472
SG_003434,0.12190472524444194
SG_003437,0.19838852930698891
SG_003439,0.1373439773286979
SG_003440,0.15111674172407474
SG_003441,0.11283469697219428
SG_003444,0.16212328348665156
SG_003447,0.21294593928274202
SG_003452,0.14047360239217666
SG_003453,0.2739215114893183
SG_003464,0.18999380320089082
SG_003469,0.1289061142793882
SG_003475,0.23244475745801607
SG_003477,0.22564957614991593
SG_003479,0.1303690689881145
SG_003480,0.1843343483629859
SG_003482,0.22622491073909415
SG_003483,0.27297727891707546
SG_003485,0.13648533249301256
SG_003486,0.24932006591474146
SG_003489,0.09134441967706808
SG_003491,0.11379789143088588
SG_003492,0.16147088291199624
SG_003493,0.14617894391603142
SG_003501,0.2181906394126695
SG_003505,0.2691375417529547
SG_003509,0.11428174907116392
SG_003517,0.24392471844749625
SG_003521,0.152939485732606
SG_003526,0.11790557548623691
SG_003528,0.13405013375106425
SG_003532,0.1379144323719581
SG_003535,0.11618046835474301
SG_003538,0.17250498381556256
SG_003541,0.11539157850653847
SG_003545,0.1323677603041978
SG_003548,0.14431642262996772
SG_003549,0.13133098078705446
SG_003554,0.1105245137626245
SG_003557,0.24111510643441092
SG_003566,0.15007419452464268
SG_003568,0.11407125320089513
SG_003572,0.19743410336993053
SG_003575,0.17320672047660923
SG_003578,0.1481058852774927
SG_003584,0.15791809990897118
SG_003585,0.20634984477537283
SG_003588,0.2127362120080741
SG_003589,0.1481605054619778
SG_003594,0.24801826986348396
SG_003597,0.18448862737627827
SG_003598,0.18548707521349647
SG_003601,0.19110245847820384
SG_003603,0.18446292464451078
SG_003610,0.12486287183195639
SG_003611,0.10344819441764638
SG_003613,0.16084553959805092
SG_003618,0.10529907642783208
SG_003619,0.1550690447708966
SG_003620,0.25652904542072863
SG_003625,0.21850730900998097
SG_003627,0.1288834130739631
SG_003628,0.19106719290856036
SG_003629,0.15109186090065685
SG_003637,0.25886550960863774
SG_003648,0.12883319425589895
SG_003650,0.14141317028562495
SG_003666,0.13330983535598673
SG_003668,0.2307355703699406
SG_003670,0.2010827752919141
SG_003671,0.09670427199356567
SG_003689,0.14452674749284578
SG_003691,0.11663716795623988
SG_003699,0.2607698627895527
SG_003702,0.16582673489413582
SG_003704,0.14618608685869278
SG_003705,0.16953387124912378
SG_003706,0.14449361472084402
SG_003708,0.11497832474929189
SG_003710,0.11762748654663625
SG_003711,0.13135814409752736
SG_003714,0.13906006043911093
SG_003715,0.17868678360384488
SG_003722,0.23131799226378325
SG_003745,0.1390446475665198
SG_003746,0.1326671564685139
SG_003751,0.12886006510371276
SG_003754,0.24733298975979492
SG_003757,0.158937325021242
SG_003758,0.1950353871013378
SG_003765,0.12352724612600009
SG_003767,0.1117826733394762
SG_003768,0.1470134717422004
SG_003769,0.13929536478531462
SG_003777,0.17407604521396122
SG_003783,0.11413176343704538
SG_003786,0.13082860686696565
SG_003787,0.11874084699440379
SG_003788,0.10825768200906546
SG_003792,0.11466391347099433
SG_003795,0.1404679866947097
SG_003806,0.17805689967618035
SG_003807,0.2090122505662058
SG_003809,0.2279438551607634
SG_003810,0.11348414724055537
SG_003812,0.2017674815220857
SG_003820,0.22215166118532484
SG_003822,0.16438754247301898
SG_003829,0.21009519444230698
SG_003835,0.12742701590453975
SG_003843,0.22991755112662024
SG_003844,0.17342123694877976
SG_003851,0.12465152942946947
SG_003852,0.20397400422365294
SG_003856,0.1630915008124162
SG_003860,0.2022847906357482
SG_003863,0.11707932309230382
SG_003865,0.13899629931526367
SG_003868,0.21771377864001878
SG_003869,0.10897312855902419
SG_003874,0.17249106342590576
SG_003878,0.24786583360347195
SG_003880,0.15731787340273537
SG_003881,0.17624342299798046
SG_003886,0.12446388290681393
SG_003896,0.17472876681939245
SG_003904,0.2377334480222871
SG_003905,0.22874788524356973
SG_003906,0.11892954391077765
SG_003907,0.1301219438071064
SG_003908,0.16961603706232714
SG_003910,0.2670610316185827
SG_003917,0.16569745693401178
SG_003919,0.20413947861448148
SG_003920,0.17796383051250078
SG_003921,0.11364215849862264
SG_003922,0.1996752644302434
SG_003925,0.1173733261841416
SG_003926,0.12939785922464128
SG_003935,0.11717463912932448
SG_003937,0.21762639957775826
SG_003940,0.1875263335455241
SG_003941,0.20298549778456595
SG_003945,0.2526264781411637
SG_003951,0.2524972865808499
SG_003958,0.09959871977082448
SG_003959,0.11687613453261708
SG_003961,0.19180206397456662
SG_003966,0.1649725639260936
SG_003967,0.13276697056561598
SG_003969,0.12001814028802715
SG_003972,0.2077697053244233
SG_003977,0.2716436376489029
SG_003978,0.11031543636497937
SG_003979,0.21413806402794153
SG_003988,0.1232550311871995
SG_003992,0.22931830291902974
SG_003994,0.13582056994545263
SG_003995,0.23358389356506687
SG_004001,0.16537418184148098
SG_004002,0.11852122365753746
SG_004011,0.12168691072636875
SG_004012,0.11648302123996446
SG_004016,0.2452746290871342
SG_004019,0.2713809305846118
SG_004034,0.20362364787196183
SG_004036,0.13470800092264415
SG_004041,0.22107381420284403
SG_004042,0.14544463796791895
SG_004045,0.11487710115642154
SG_004048,0.28284233059852154
SG_004049,0.1084466911803201
SG_004050,0.24807769605320507
SG_004054,0.20525306828707496
SG_004060,0.15447356956812983
SG_004063,0.12136827415214829
SG_004064,0.16673586812073396
SG_004065,0.2442556354062342
SG_004066,0.12934293939107655
SG_004071,0.12032548035985077
SG_004074,0.11685616057912805
SG_004078,0.2210923026150463
SG_004079,0.11166378888014945
SG_004080,0.12431573189935223
SG_004081,0.16895343907023014
SG_004083,0.26695866943999247
SG_004087,0.1346125442389152
SG_004089,0.11023798856296604
SG_004091,0.1232293100131065
SG_004093,0.25096603394048556
SG_004094,0.18980539513227054
SG_004100,0.14822221968468946
SG_004107,0.1444187279992343
SG_004109,0.19581969874153393
SG_004110,0.1972486811501036
SG_004111,0.157337900944569
SG_004123,0.10541970028278051
SG_004126,0.12555230541798046
SG_004127,0.10707007687631222
SG_004129,0.14406632424408738
SG_004130,0.12170010089159927
SG_004131,0.23345211329075877
SG_004136,0.11843931002650643
SG_004140,0.17815129521587658
SG_004149,0.12392343303236387
SG_004152,0.23944817979362978
SG_004155,0.18797680656559318
SG_004157,0.12301338615851355
SG_004163,0.1212627078489713
SG_004164,0.1515002747059716
SG_004168,0.12960971467893617
SG_004170,0.1631885177628329
SG_004171,0.12396315545264738
SG_004174,0.12474406968757513
SG_004175,0.14773369857079677
SG_004178,0.13203102054332674
SG_004181,0.2322877643387745
SG_004184,0.26135768050373254
SG_004186,0.14204884988862662
SG_004187,0.1965721726932664
SG_004191,0.169901492621615
SG_004192,0.26904257326901376
SG_004197,0.13957920975199117
SG_004201,0.23418719709394076
SG_004204,0.21751545759021934
SG_004207,0.17832364469967102
SG_004209,0.27500934641068586
SG_004214,0.22570718922093322
SG_004218,0.15218635297522165
SG_004220,0.1459311852176382
SG_004223,0.13250998357363905
SG_004224,0.17466268157703657
SG_004225,0.21386588697987047
SG_004228,0.19658544690157312
SG_004229,0.1416369068912646
SG_004230,0.13487446847205278
SG_004235,0.11713724070668709
SG_004238,0.17078821128043284
SG_004239,0.28590772319725555
SG_004244,0.16771672401334872
SG_004253,0.19677839189287516
SG_004256,0.15782809210844395
SG_004257,0.20642614667235867
SG_004258,0.11753584753886101
SG_004262,0.2000690501988679
SG_004263,0.11853570882363806
SG_004265,0.13364332524020475
SG_004268,0.11004189263653441
SG_004269,0.22168400414353842
SG_004271,0.12794678700737722
SG_004286,0.16430631617362595
SG_004289,0.14296274993259311
SG_004290,0.22121941133849904
SG_004291,0.2189746493533488
SG_004297,0.1593468269737423
SG_004300,0.17101526454497543
SG_004302,0.23506190361971438
SG_004305,0.14671115228898218
SG_004306,0.1811475410688614
SG_004312,0.15379394119868506
SG_004313,0.11841332200115925
SG_004315,0.2017795231007836
SG_004320,0.11488582216688788
SG_004321,0.22852439350144874
SG_004322,0.16798857882130708
SG_004325,0.201745895059893
SG_004326,0.18610540706653167
SG_004339,0.12842181103384293
SG_004342,0.1955987236989448
SG_004347,0.16285582095581028
SG_004348,0.23802550114249946
SG_004349,0.2469483129286379
SG_004350,0.21400761178149516
SG_004357,0.10985503775652804
SG_004358,0.2009918590242911
SG_004359,0.11675138142775085
SG_004362,0.1996037763973294
SG_004365,0.13162871605070783
SG_004368,0.21731367862833936
SG_004369,0.17769949392229686
SG_004370,0.1631626971351969
SG_004378,0.16476928705590815
SG_004379,0.14436397742988172
SG_004388,0.17481097009313318
SG_004390,0.12153093703862806
SG_004391,0.13396029909264626
SG_004401,0.10804040446114392
SG_004404,0.292057361308411
SG_004405,0.16680082951099803
SG_004406,0.15880718611636296
SG_004408,0.13476848290914137
SG_004415,0.20041545777055583
SG_004417,0.10473808753683424
SG_004419,0.14344653355778558
SG_004420,0.2281344018302144
SG_004422,0.14413764133155596
SG_004423,0.13874887352682141
SG_004426,0.12513338741801955
SG_004427,0.1343141106633367
SG_004429,0.24668673288492066
SG_004432,0.12248934594660058
SG_004439,0.2526382709452861
SG_004445,0.1429808956439805
SG_004447,0.17175145151986862
SG_004448,0.1204275960545599
SG_004451,0.1781296863505849
SG_004457,0.18597742854487054
SG_004458,0.12185343999524285
SG_004460,0.14206492871690685
SG_004461,0.2588058481342629
SG_004462,0.09475750263954541
SG_004464,0.13831457581370676
SG_004465,0.1268898942017899
SG_004469,0.11560189935388594
SG_004474,0.17198852650879942
SG_004475,0.14630013748093224
SG_004476,0.12700908400923183
SG_004477,0.23259612696294107
SG_004480,0.2860162297899232
SG_004482,0.18525830405082386
SG_004484,0.1500090389639208
SG_004486,0.17514259288329817
SG_004494,0.24920966732008545
SG_004504,0.15401544054295824
SG_004508,0.1468029591394543
SG_004509,0.21845023814129472
SG_004511,0.17610281884976803
SG_004514,0.19174179758969678
SG_004515,0.16894542110651514
SG_004518,0.1358320172946061
SG_004521,0.14134590454716114
SG_004526,0.19843145234801265
SG_004530,0.2240632004854388
SG_004534,0.2205676895432406
SG_004536,0.14157456348129174
SG_004538,0.16914079640261748
SG_004539,0.19560644836387556
SG_004541,0.14368188570780568
SG_004549,0.14151300344618792
SG_004552,0.14185932974964963
SG_004553,0.11427435378080494
SG_004556,0.12967374113779082
SG_004559,0.1355105595897681
SG_004562,0.14172291169627682
SG_004565,0.162056576448878
SG_004568,0.14947053291673745
SG_004576,0.12886026458427233
SG_004577,0.13044926839805537
SG_004593,0.2445668752206533
SG_004594,0.16924391612578646
SG_004600,0.2389695283829133
SG_004602,0.2681951393556477
SG_004608,0.14550328903098877
SG_004609,0.21901877232738184
SG_004612,0.15648115995883283
SG_004614,0.11274843351976181
SG_004617,0.21685366176801613
SG_004620,0.1258566203798273
SG_004623,0.15382752828044113
SG_004626,0.2292647224674919
SG_004631,0.2249589159204686
SG_004632,0.15548323527256602
SG_004633,0.15551321862709835
SG_004635,0.16884998933969228
SG_004637,0.18767112662602656
SG_004638,0.183742505119695
SG_004641,0.20713325239311733
SG_004645,0.17767487097289292
SG_004652,0.12867684909762617
SG_004653,0.13058056682666735
SG_004655,0.24912346671617666
SG_004656,0.13934574286559404
SG_004658,0.13538188453499822
SG_004659,0.1290318134824327
SG_004662,0.1638631657026425
SG_004664,0.13064578688227918
SG_004668,0.13226732758248366
SG_004669,0.13168572158402347
SG_004672,0.2619759681226721
SG_004676,0.18825741052123893
SG_004682,0.12678686685136992
SG_004685,0.25746952090274283
SG_004689,0.14397848716036019
SG_004695,0.13477118946288924
SG_004697,0.21352601039015187
SG_004700,0.16434346860973473
SG_004701,0.24881231492404815
SG_004709,0.22436746304820068
SG_004710,0.1363378565128428
SG_004712,0.12220563276092535
SG_004716,0.15896391199065998
SG_004720,0.12748107423222566
SG_004721,0.12315746996819009
SG_004723,0.14137135458652178
SG_004731,0.26443852654956973
SG_004736,0.21437043031989444
SG_004737,0.18520777512991135
SG_004738,0.142750366789038
SG_004739,0.2241821403203873
SG_004742,0.1591691269573552
SG_004751,0.2043664259016935
SG_004753,0.10384282411235618
SG_004755,0.23682891701414474
SG_004757,0.14550221189523205
SG_004760,0.12339914766991983
SG_004761,0.12422510245297456
SG_004762,0.13548247646264203
SG_004763,0.1639809397792479
SG_004764,0.16190180045302083
SG_004766,0.21742165305985178
SG_004769,0.129936239762972
SG_004772,0.10837477440922869
SG_004773,0.16819060027867444
SG_004782,0.12167511627291587
SG_004784,0.14274467592551776
SG_004786,0.2148105264247173
SG_004787,0.13269085952625928
SG_004789,0.10419072895267455
SG_004797,0.1329559761210369
SG_004798,0.14342055334358267
SG_004799,0.254926930469213
SG_004801,0.24105360963194106
SG_004804,0.2314765604809271
SG_004813,0.1856708672062911
SG_004816,0.278461590279288
SG_004817,0.11891487815077938
SG_004818,0.20897809211458634
SG_004821,0.13978679421841758
SG_004827,0.11532925814805528
SG_004828,0.13006540003590628
SG_004829,0.20484990380250903
SG_004830,0.22530932143842014
SG_004831,0.20702558167019014
SG_004836,0.12736485328097172
SG_004840,0.129136496710095
SG_004842,0.1645311254914939
SG_004844,0.12048078595757997
SG_004846,0.2237329009222137
SG_004853,0.13661369402251125
SG_004855,0.22961357152421538
SG_004856,0.1185524860326887
SG_004866,0.16013034892762415
SG_004867,0.12052216464999653
SG_004868,0.2654956835705163
SG_004873,0.22160600307911502
SG_004877,0.13423085058015002
SG_004881,0.12000995544548107
SG_004882,0.22755114203974222
SG_004887,0.22773807067247753
SG_004898,0.2878523083304576
SG_004900,0.18430405775181544
SG_004906,0.277346724343552
SG_004907,0.1395107961474499
SG_004912,0.15413629273608181
SG_004913,0.11029444842295767
SG_004919,0.1199734804594973
SG_004922,0.1941458227626423
SG_004923,0.16882158974202852
SG_004925,0.16944662903193058
SG_004927,0.11870118173105457
SG_004929,0.22189151378384075
SG_004930,0.20444034248187556
SG_004939,0.23855857763978994
SG_004942,0.1075903795869996
SG_004944,0.1350208648156487
SG_004945,0.13542916074222958
SG_004959,0.1441414681050932
SG_004960,0.22829305511803694
SG_004964,0.131448347697784
SG_004968,0.2156248655198286
SG_004969,0.19703294112104688
SG_004973,0.2635214581299989
SG_004975,0.1492790053540905
SG_004981,0.17909447397365127
SG_004985,0.18518727306157853
SG_004988,0.1639196894233161
SG_004990,0.1520447533712472
SG_004993,0.11636442055783952
SG_004997,0.10334994266367534
SG_005000,0.12487229294103616
SG_005002,0.27926779923152234
SG_005004,0.2665334646621316
SG_005011,0.19456629303525086
SG_005013,0.11320440173194321
SG_005018,0.13878688874791978
SG_005019,0.1293649589150993
SG_005020,0.12448882055362655
SG_005022,0.14218202327203355
SG_005027,0.16344684142702812
SG_005029,0.11517511399716515
SG_005030,0.11614656403983638
SG_005031,0.1275400732633146
SG_005033,0.11324721336695452
SG_005037,0.1145684140786409
SG_005041,0.12852248059468388
SG_005048,0.16555569499637768
SG_005049,0.15724207275075805
SG_005052,0.15874779153295843
SG_005057,0.19046257819772558
SG_005058,0.1701650881701417
SG_005062,0.27129838992001915
SG_005080,0.12340356575956352
SG_005085,0.10912885887521176
SG_005086,0.17318482181621087
SG_005089,0.18633743922436324
SG_005090,0.12031021312731471
SG_005091,0.279199528882837
SG_005094,0.1620869237438602
SG_005097,0.17905123774491272
SG_005098,0.1769030571590853
SG_005100,0.22413950257065868
SG_005101,0.17489388090522578
SG_005102,0.2730609006935536
SG_005108,0.26954632284097335
SG_005110,0.2641797852718297
SG_005114,0.18045365510329373
SG_005120,0.16115617802676893
SG_005122,0.16208657434846835
SG_005123,0.15068545667527963
SG_005126,0.1890455381356676
SG_005131,0.1166509806842882
SG_005132,0.11671951473603791
SG_005134,0.12792084582443267
SG_005137,0.11337845144609227
SG_005140,0.143315679420885
SG_005141,0.18144617972781232
SG_005142,0.18070925718517586
SG_005143,0.12274919830021942
SG_005148,0.1952150966448784
SG_005161,0.2126054620346956
SG_005168,0.2156919096734344
SG_005170,0.12085679360569161
SG_005171,0.19224576646436764
SG_005174,0.14382296858227858
SG_005175,0.1272500358202382
SG_005178,0.1570316160864756
SG_005179,0.11451738520942532
SG_005188,0.2288987185254898
SG_005190,0.17603546766958647
SG_005191,0.1257100925923873
SG_005194,0.2538806810278702
SG_005196,0.12149302183226642
SG_005199,0.1311726237064309
SG_005200,0.12087648741212721
SG_005203,0.12380715673897356
SG_005205,0.15968730122060046
SG_005213,0.11627082812817073
SG_005214,0.19036329162627647
SG_005216,0.2448041024973723
SG_005220,0.18506551468640287
SG_005224,0.13319358318836153
SG_005228,0.1931529301412847
SG_005233,0.12024662654912309
SG_005235,0.17363801534878517
SG_005240,0.10444077308961504
SG_005241,0.1609382123886866
SG_005246,0.18529035628466375
SG_005247,0.12865538492033765
SG_005248,0.16403253462225173
SG_005250,0.168894886655907
SG_005251,0.1578714853240325
SG_005253,0.11810157444904176
SG_005255,0.1291104778385382
SG_005264,0.1803321961061043
SG_005268,0.11192179459211121
SG_005270,0.17343163978003714
SG_005277,0.24351720930459786
SG_005282,0.1282661863384914
SG_005283,0.18454621030588084
SG_005284,0.14464469394889384
SG_005287,0.23397748824585304
SG_005289,0.1647856988893573
SG_005291,0.20529382361879106
SG_005292,0.12336394376242082
SG_005296,0.11010587745934929
SG_005302,0.13836514763964755
SG_005305,0.18147791580835526
SG_005311,0.1896811283610066
SG_005312,0.1736135024848992
SG_005313,0.1428540889583442
SG_005316,0.12526887328999758
SG_005320,0.17915918908879458
SG_005321,0.21232522888757227
SG_005322,0.2132285278472508
SG_005323,0.18866114287559482
SG_005325,0.15811275514870696
SG_005328,0.14179958496069134
SG_005329,0.16070284999615958
SG_005332,0.19960597301723443
SG_005333,0.22119389820731294
SG_005335,0.12982922736865166
SG_005340,0.20739437704268335
SG_005341,0.16412045928144242
SG_005346,0.18082240088804494
SG_005350,0.2711026046437907
SG_005351,0.12022265138262159
SG_005353,0.12219854717032881
SG_005356,0.1351685263302734
SG_005360,0.23477534716455373
SG_005362,0.18372574823269464
SG_005363,0.11852934432459485
SG_005365,0.1373144082415501
SG_005371,0.16349166322396913
SG_005372,0.12537258405359564
SG_005376,0.2093112029617057
SG_005378,0.1622348191384584
SG_005379,0.12771838595847726
SG_005380,0.2478416385994089
SG_005384,0.2506149917730224
SG_005386,0.17758946107501764
SG_005387,0.22744095855307742
SG_005397,0.2610864189623248
SG_005401,0.2013935385183008
SG_005408,0.26347737930558535
SG_005412,0.13833587315520268
SG_005414,0.2100157729055102
SG_005421,0.14779368898060333
SG_005424,0.12106336877426371
SG_005428,0.17932096254372104
SG_005432,0.15210628666824702
SG_005439,0.28342368439149246
SG_005444,0.14807978277583558
SG_005445,0.24553198488837924
SG_005446,0.1736627362742367
SG_005447,0.2611231786302378
SG_005449,0.15277408673397935
SG_005450,0.19642227874293988
SG_005451,0.15304421273423247
SG_005452,0.11642683349003877
SG_005456,0.13623430747041984
SG_005457,0.1013536697894061
SG_005459,0.09239056188413884
SG_005460,0.13881364091382517
SG_005465,0.19173630505657024
SG_005466,0.23216012994550575
SG_005470,0.24428018095130072
SG_005473,0.16585299187897265
SG_005477,0.22020196580573248
SG_005486,0.1371701003378913
SG_005489,0.19967817951161165
SG_005491,0.20444801683455568
SG_005496,0.15423134310071906
SG_005497,0.20096824527357504
SG_005499,0.19117228945532222
SG_005503,0.14838517466433862
SG_005504,0.14557063724831984
SG_005506,0.14590055929644843
SG_005510,0.12838275080282627
SG_005511,0.2941307141051034
SG_005515,0.14623203171866497
SG_005518,0.21214355871186102
SG_005519,0.22545919591783656
SG_005524,0.22927689902842596
SG_005529,0.2371186754173651
SG_005530,0.154073352507306
SG_005531,0.14243158547118168
SG_005532,0.10648803914423957
SG_005534,0.20530713951699617
SG_005535,0.17944366074736665
SG_005541,0.17780757760244206
SG_005542,0.17865501401025324
SG_005550,0.13176888360744793
SG_005555,0.14893383800666907
SG_005557,0.10918404458599684
SG_005565,0.2311597049909454
SG_005569,0.12626408146341772
SG_005572,0.11944135713655916
SG_005575,0.12571667207395754
SG_005579,0.2954861738906011
SG_005580,0.178906939222552
SG_005583,0.13214600324969586
SG_005591,0.257112607830919
SG_005592,0.13288969121227245
SG_005593,0.12977276250844233
SG_005594,0.1453747175642869
SG_005599,0.15786365759452112
SG_005603,0.22591546376399013
SG_005606,0.14300828929328624
SG_005611,0.18153984739078907
SG_005615,0.22939632029789273
SG_005622,0.17467146553678148
SG_005625,0.1863439436109153
SG_005630,0.18946060390842473
SG_005634,0.17163166398898116
SG_005635,0.22689488156196494
SG_005636,0.26736674058916043
SG_005638,0.18614211708143938
SG_005640,0.11678218967896839
SG_005643,0.13487961134268256
SG_005644,0.12292303001346863
SG_005645,0.2175313024611823
SG_005650,0.19453649435668216
SG_005654,0.22581546554181287
SG_005655,0.11527316749916885
SG_005656,0.15209418974137326
SG_005661,0.27380359399899656
SG_005664,0.12366614591250473
SG_005666,0.2005143750774782
SG_005671,0.1303942430766978
SG_005681,0.16359364582934763
SG_005683,0.23156189326248244
SG_005687,0.14501561928685286
SG_005688,0.17542382268313816
SG_005691,0.17271779497345588
SG_005692,0.25927219073973284
SG_005693,0.1717017449245431
SG_005694,0.24938124115956886
SG_005696,0.16275987417351398
SG_005703,0.12770075544559392
SG_005704,0.1548348929121843
SG_005706,0.2852080884085408
SG_005707,0.2330778366161602
SG_005713,0.1460684655136854
SG_005715,0.12831487314353116
SG_005719,0.1333405772039266
SG_005722,0.11246959641227372
SG_005724,0.1734553218253063
SG_005725,0.15940159405929835
SG_005726,0.12149897160484889
SG_005730,0.23312830543112592
SG_005735,0.13703219493426372
SG_005736,0.2649366796377016
SG_005740,0.17613816834560353
SG_005748,0.18300374033112526
SG_005750,0.1460227917461748
SG_005753,0.22048839447171142
SG_005758,0.1291903762028225
SG_005759,0.12246863547994889
SG_005764,0.11844139434643075
SG_005765,0.11495810797002783
SG_005772,0.15741691411040126
SG_005773,0.12423183483661285
SG_005776,0.1695691304146897
SG_005778,0.2684809927490618
SG_005784,0.14313553928513661
SG_005786,0.1364589990374606
SG_005789,0.13422188205535177
SG_005794,0.1860543540640514
SG_005796,0.15946540912813806
SG_005801,0.1888636786047371
SG_005807,0.12114586421323867
SG_005809,0.13902154224496008
SG_005811,0.14333312235312654
SG_005813,0.13792279579612957
SG_005814,0.17736558301472755
SG_005817,0.1288090425925775
SG_005818,0.16757395768071556
SG_005820,0.13059688438826894
SG_005821,0.14866063829649534
SG_005824,0.15140253306446239
SG_005825,0.1690342833120616
SG_005827,0.15190498362136365
SG_005828,0.21348248770349673
SG_005830,0.1419747311616305
SG_005838,0.27365808339967895
SG_005840,0.23435643608195195
SG_005842,0.1389963395946
SG_005846,0.12598512745307955
SG_005847,0.11977007122346629
SG_005848,0.16132055004603926
SG_005857,0.23753559824291454
SG_005861,0.11311244099101811
SG_005862,0.1688541195593465
SG_005871,0.13566420501973578
SG_005872,0.23334612825277168
SG_005873,0.12995088225852663
SG_005874,0.15248322910508266
SG_005875,0.1447968771679767
SG_005877,0.13168210880911943
SG_005880,0.13101983780648283
SG_005884,0.12284086917347212
SG_005892,0.25940880108495584
SG_005894,0.11823095144657238
SG_005898,0.21640148454383545
SG_005899,0.1472176806020966
SG_005905,0.23812262701194561
SG_005909,0.12247916230647685
SG_005910,0.20425717226645781
SG_005920,0.16146479483639162
SG_005921,0.19265961121839847
SG_005922,0.1256672314260202
SG_005925,0.16371473979396686
SG_005928,0.15111020952982293
SG_005932,0.09865485352385646
SG_005934,0.2262483600089168
SG_005935,0.11299835347114168
SG_005937,0.18796518954694438
SG_005939,0.13023803904052747
SG_005943,0.1706789187452427
SG_005951,0.11903583826648513
SG_005955,0.19015351636229091
SG_005959,0.26007025349341906
SG_005966,0.16777161545978964
SG_005967,0.258456195165484
SG_005969,0.23105554111889964
SG_005976,0.2865865744121156
SG_005977,0.18159526706903376
SG_005979,0.19615319594144343
SG_005980,0.14653740315884536
SG_005985,0.21468386805825737
SG_005986,0.292668158793933
SG_005991,0.29360710278526525
SG_005999,0.11186477464864805
SG_006000,0.2273783121190471
SG_006004,0.2842615138402457
SG_006009,0.22769274762961939
SG_006012,0.1325993217718229
SG_006013,0.16756934106234067
SG_006022,0.15192637816091303
SG_006023,0.22484506054243206
SG_006026,0.12569374590374757
SG_006028,0.1956194083440417
SG_006029,0.1866264914915927
SG_006033,0.20366251099633348
SG_006035,0.11312964064631642
SG_006036,0.12642026953325847
SG_006038,0.15820252533269696
SG_006039,0.2434511697864205
SG_006041,0.1266152684772049
SG_006047,0.18604026645834806
SG_006049,0.13580416881625645
SG_006050,0.2357950857373677
SG_006054,0.11880543441508203
SG_006063,0.14310569021292396
SG_006067,0.2978343079169005
SG_006069,0.2070338008349141
SG_006073,0.11903508597698852
SG_006074,0.1295023474041407
SG_006075,0.10298121149187003
SG_006076,0.13774709807525196
SG_006077,0.22078626030186668
SG_006079,0.2272255365478791
SG_006081,0.1086817979521254
SG_006086,0.1478274781679059
SG_006092,0.1388746219122442
SG_006095,0.14776133073164177
SG_006097,0.2141587574722708
SG_006099,0.26745195432008106
SG_006101,0.13034708276943777
SG_006112,0.2158710938998663
SG_006122,0.17544597074205565
SG_006127,0.20277884093966803
SG_006131,0.11912616968727331
SG_006133,0.1750699414375524
SG_006136,0.1618215083294967
SG_006137,0.23004750703853596
SG_006140,0.21682778747295978
SG_006143,0.16807310171923592
SG_006148,0.12178175445670256
SG_006150,0.2180088326830083
SG_006151,0.2275666583059261
SG_006154,0.1073278751649295
SG_006161,0.11775841090208455
SG_006163,0.2035253629491596
SG_006169,0.19070059234090797
SG_006170,0.1410300340471564
SG_006179,0.1572632960352484
SG_006181,0.1444027067237512
SG_006184,0.11724150717978758
SG_006187,0.13328591241701998
SG_006189,0.16860941410266128
SG_006197,0.11476379368602108
SG_006202,0.13136577206938962
SG_006206,0.13392078277844244
SG_006212,0.2035279847731876
SG_006213,0.21843141604439212
SG_006218,0.1415568502934612
SG_006222,0.19203044390902013
SG_006224,0.14354851983681288
SG_006225,0.32678405638136426
SG_006226,0.26329097731570955
SG_006229,0.1295928334493333
SG_006237,0.22116777492460363
SG_006238,0.12134162035302903
SG_006240,0.1047154654823343
SG_006241,0.10872834294112348
SG_006242,0.14631852339208967
SG_006244,0.20339757151679771
SG_006245,0.11528186144416988
SG_006247,0.16477574932756744
SG_006250,0.12057648035714447
SG_006251,0.1246122844392134
SG_006252,0.16817029126701355
SG_006254,0.2713087427135366
SG_006256,0.23689569307004602
SG_006260,0.14724465528070305
SG_006262,0.13487550093554992
SG_006263,0.15423590765325826
SG_006264,0.11407683911953637
SG_006266,0.29993138697931293
SG_006269,0.2130035505479598
SG_006275,0.2685738299344713
SG_006277,0.10266993831072753
SG_006283,0.12837025601545185
SG_006284,0.1200951332453367
SG_006287,0.14835079359148673
SG_006288,0.1186972117274215
SG_006300,0.14717125491115032
SG_006301,0.15320741894185125
SG_006304,0.16599801853165683
SG_006306,0.17723592486517087
SG_006313,0.14176678071913634
SG_006315,0.14636392852197166
SG_006317,0.15417113929471069
SG_006320,0.17369693685267437
SG_006322,0.24557755992123906
SG_006326,0.12466645675703243
SG_006328,0.2678445328497322
SG_006331,0.1345546304068049
SG_006337,0.1920335366837542
SG_006340,0.17930715034501035
SG_006345,0.205816725752322
SG_006348,0.10995940110172854
SG_006349,0.16733419519314946
SG_006356,0.15797976219551627
SG_006357,0.12674165014614053
SG_006358,0.17411583372956654
SG_006360,0.24827103700823774
SG_006371,0.1628508252959179
SG_006373,0.1580213161039691
SG_006380,0.21641990387498647
SG_006382,0.10562851536035041
SG_006388,0.097946971337366
SG_006393,0.15780735145496116
SG_006394,0.11620228413144808
SG_006396,0.11279023632469472
SG_006398,0.1733622516108779
SG_006400,0.190643026504709
SG_006403,0.12261374114078584
SG_006404,0.10721482100440786
SG_006411,0.15949771095283263
SG_006417,0.2072369454593902
SG_006418,0.25804097001405596
SG_006420,0.16702288240725358
SG_006421,0.11492249551018026
SG_006423,0.1391597527002353
SG_006424,0.16804545083676214
SG_006429,0.1808057501959985
SG_006435,0.11829793389460112
SG_006438,0.20851439277624598
SG_006439,0.20659011713658632
SG_006441,0.14565507988543222
SG_006445,0.20482050919813838
SG_006446,0.2070417838305057
SG_006448,0.18116256075683126
SG_006451,0.10213375644114452
SG_006452,0.16545235850491447
SG_006455,0.1815874980457876
SG_006463,0.26167651430721156
SG_006467,0.18030909195561232
SG_006469,0.12604957643233036
SG_006470,0.16976720598599365
SG_006477,0.2087176568926241
SG_006480,0.24482843350545963
SG_006486,0.12965422574583416
SG_006487,0.16657554548266368
SG_006488,0.21443167344064748
SG_006490,0.2047989540211791
SG_006491,0.21017016691462506
SG_006493,0.19052189220219193
SG_006494,0.19993349625627582
SG_006496,0.1247720451656469
SG_006497,0.17248966183926054
SG_006498,0.22763348574939407
SG_006500,0.18509247131817813
SG_006502,0.13237188678820658
SG_006503,0.14440626191813094
SG_006505,0.2746877841445659
SG_006506,0.1891486754246651
SG_006507,0.1944110824764832
SG_006512,0.14336054138269988
SG_006516,0.14150090061761594
SG_006520,0.11557188213546515
SG_006522,0.18114411057315935
SG_006528,0.23599163614213828
SG_006534,0.20070467937880848
SG_006535,0.19295062129749704
SG_006536,0.14406063701216326
SG_006537,0.14875486492797857
SG_006539,0.23740210348877
SG_006541,0.15365733505111656
SG_006543,0.19825924145755375
SG_006545,0.19891668300130044
SG_006548,0.15748910757809872
SG_006550,0.10875826937768301
SG_006551,0.10747965550807559
SG_006557,0.16658345686575968
SG_006560,0.11019303794378242
SG_006564,0.31032500370891003
SG_006566,0.1593049730532085
SG_006567,0.27688546146171894
SG_006577,0.18750428235463493
SG_006579,0.13177580081433576
SG_006581,0.11909954280694302
SG_006588,0.13213842512102128
SG_006592,0.1643827667581804
SG_006597,0.10322402623255997
SG_006601,0.11832989987777143
SG_006607,0.09844368310302501
SG_006608,0.12674146135828654
SG_006610,0.1252568836599715
SG_006615,0.22943904665514708
SG_006616,0.14574734301413214
SG_006620,0.15235274379373218
SG_006622,0.13690466286387068
SG_006623,0.20494235497490174
SG_006624,0.14374140012637185
SG_006626,0.22527202438454588
SG_006627,0.2888448740450906
SG_006633,0.11915366177045317
SG_006637,0.12844327948854406
SG_006638,0.26423776540581456
SG_006639,0.16179196038297503
SG_006644,0.2085592494449303
SG_006645,0.18137602618896873
SG_006651,0.1873630785791941
SG_006659,0.15926944718457842
SG_006664,0.17154878096829745
SG_006668,0.12407622550322153
SG_006673,0.1654500472678699
SG_006687,0.1358978741946274
SG_006688,0.17997294538360215
SG_006690,0.21030758561348367
SG_006693,0.23291500738228244
SG_006698,0.11265761227069401
SG_006700,0.1412461278086047
SG_006706,0.1295252197928481
SG_006710,0.13536340735029725
SG_006713,0.15303605663832587
SG_006716,0.13717874633518007
SG_006728,0.1444323210893908
SG_006734,0.21813536429108799
SG_006736,0.22777962866748122
SG_006744,0.15913370968694282
SG_006745,0.14940532770249454
SG_006749,0.12078560533420368
SG_006758,0.1505580533130857
SG_006760,0.17155807251327068
SG_006765,0.20222536620139625
SG_006766,0.24031643953334156
SG_006769,0.23156855023027495
SG_006778,0.12951979997328825
SG_006780,0.14074027331448719
SG_006781,0.13025531094898873
SG_006786,0.21685101193236425
SG_006789,0.14347815738995953
SG_006792,0.1547561048356018
SG_006793,0.10114918686363172
SG_006800,0.22027505027623734
SG_006802,0.15007000662327047
SG_006808,0.16240808072354407
SG_006820,0.13145672179892826
SG_006833,0.1468186411168009
SG_006835,0.13459901297495988
SG_006837,0.14463715327042354
SG_006841,0.15449083627962917
SG_006847,0.14277636025488508
SG_006848,0.1294294590827882
SG_006851,0.156194489243589
SG_006852,0.17765979813533853
SG_006860,0.12945983508728062
SG_006861,0.18267012442159833
SG_006863,0.15171082091396812
SG_006866,0.1719938404896536
SG_006868,0.1802374446891726
SG_006874,0.146473081243266
SG_006877,0.13514603804289171
SG_006879,0.1295335157384108
SG_006880,0.12555382861543488
SG_006881,0.17023441477832477
SG_006889,0.10477284104301017
SG_006890,0.24791598512381074
SG_006897,0.28015175643165247
SG_006901,0.19220976442814414
SG_006908,0.14054794859155362
SG_006910,0.1308266624218523
SG_006914,0.2425818075661213
SG_006918,0.16733699324267906
SG_006924,0.13050325132094515
SG_006925,0.18985329122274391
SG_006927,0.12953945378148712
SG_006929,0.15659549878056173
SG_006937,0.2229588916603495
SG_006938,0.12719851870490972
SG_006940,0.16367310225486556
SG_006942,0.10446470548601447
SG_006945,0.10860703053674746
SG_006949,0.15736497540549596
SG_006950,0.2412765341829533
SG_006951,0.14750955033694524
SG_006953,0.11180566158936071
SG_006954,0.20746897718060586
SG_006956,0.2359441276545085
SG_006957,0.2118691651294339
SG_006962,0.1596628056276105
SG_006963,0.10582892538827376
SG_006964,0.12340818960268957
SG_006966,0.10283575534259078
SG_006970,0.1799023511993878
SG_006971,0.25162913332357995
SG_006972,0.17559455618575293
SG_006974,0.27736787851614936
SG_006977,0.1748727109068573
SG_006978,0.11381075701456261
SG_006981,0.18874846310964125
SG_006982,0.303287193199631
SG_006983,0.09905145504666954
SG_006984,0.12015118560283967
SG_006987,0.14374262101115573
SG_006994,0.1522485084152815
SG_006997,0.10263509231389735
SG_007002,0.18283792141254673
SG_007005,0.19149305140730377
SG_007009,0.15188942855346424
SG_007011,0.13326141631927996
SG_007017,0.09593772377047849
SG_007018,0.09587376896767486
SG_007019,0.137171496731579
SG_007029,0.18412828341823345
SG_007030,0.12233322569277828
SG_007033,0.15714146227643203
SG_007040,0.15107567684313253
SG_007047,0.2622013929822163
SG_007054,0.10481472216843492
SG_007055,0.19962894829028274
SG_007056,0.19729520110703186
SG_007061,0.1660284465566401
SG_007062,0.11685593796040589
SG_007067,0.22650920537061037
SG_007068,0.12966437964328278
SG_007069,0.22572575874360323
SG_007073,0.13995406740567648
SG_007075,0.22824773457297032
SG_007076,0.12459893991646469
SG_007078,0.21028252223888869
SG_007080,0.19765351922427285
SG_007091,0.16545692235781834
SG_007095,0.1772938446255963
SG_007100,0.16689389669314247
SG_007104,0.16907705184228583
SG_007112,0.18295560983936882
SG_007114,0.23742622679688347
SG_007127,0.11738596073598923
SG_007130,0.13368136408367925
SG_007133,0.15982551248855628
SG_007136,0.14495439274426197
SG_007138,0.23663083667212906
SG_007139,0.1176406548449739
SG_007143,0.13910565865543992
SG_007146,0.179396840181946
SG_007150,0.1520541966549551
SG_007155,0.12384053495736871
SG_007157,0.2150610674659489
SG_007160,0.19075888093981144
SG_007162,0.1517639578193943
SG_007163,0.231293496011731
SG_007166,0.17889344643390623
SG_007168,0.13697455053877602
SG_007170,0.1662029449192187
SG_007179,0.12895095837906048
SG_007181,0.13949697066489902
SG_007183,0.14373940966857404
SG_007186,0.11545425411626327
SG_007202,0.12529589993775286
SG_007203,0.20140048296182972
SG_007204,0.1283551312110074
SG_007205,0.23861530661361977
SG_007210,0.2267597738179893
SG_007212,0.18743410115784534
SG_007215,0.10505874397150677
SG_007218,0.19160727720616394
SG_007226,0.11079891468505601
SG_007229,0.1581607385557929
SG_007231,0.2087536944642876
SG_007234,0.1272329484761111
SG_007237,0.24954265729573716
SG_007239,0.11814289210786749
SG_007240,0.22364241084433037
SG_007249,0.17937879838312112
SG_007252,0.11134129189465175
SG_007255,0.12300002403031281
SG_007256,0.16629751387288522
SG_007257,0.22372865000882308
SG_007263,0.19487862048062043
SG_007264,0.14251803656378606
SG_007265,0.13166893321906067
SG_007268,0.13853815812333134
SG_007271,0.1931856357508764
SG_007275,0.1483058482606165
SG_007280,0.16300646192068943
SG_007281,0.21124808044929247
SG_007282,0.14446070190273308
SG_007283,0.13981936863472275
SG_007287,0.15208091433730558
SG_007288,0.22122487999931273
SG_007301,0.21495576420388923
SG_007307,0.13966278503055155
SG_007310,0.1517380763139532
SG_007312,0.24586157063971045
SG_007314,0.15656240428575635
SG_007319,0.13218948688292725
SG_007326,0.1365164265592656
SG_007331,0.16502331282678448
SG_007333,0.19775302143314202
SG_007334,0.18827726689738675
SG_007338,0.13292027317907737
SG_007340,0.2826981123173585
SG_007345,0.12065645537242416
SG_007349,0.13967170299500897
SG_007356,0.13265312507437776
SG_007358,0.10246804054154289
SG_007368,0.12505971296846374
SG_007370,0.13603111520383243
SG_007371,0.15488668607058276
SG_007372,0.1820870786164239
SG_007375,0.1251471192756662
SG_007378,0.1353262743654919
SG_007379,0.12588591600857435
SG_007380,0.20463245754986414
SG_007383,0.12261395283986053
SG_007384,0.2061173660798585
SG_007389,0.13021830781908172
SG_007390,0.12934229616060033
SG_007401,0.22803572159228552
SG_007403,0.16591918700044056
SG_007406,0.13003933764568895
SG_007409,0.2505701286984908
SG_007410,0.2463954350059115
SG_007413,0.1885915510787709
SG_007416,0.16981683493226363
SG_007419,0.23624556904553973
SG_007420,0.18828262463439172
SG_007423,0.19095563467889068
SG_007424,0.2678429680046928
SG_007428,0.2168379579837921
SG_007433,0.21615394729539436
SG_007434,0.11512602541340546
SG_007437,0.14976314369948565
SG_007441,0.23686206739412782
SG_007443,0.19262160359728486
SG_007450,0.11690164068900148
SG_007452,0.2587166524006239
SG_007455,0.15100540887764893
SG_007462,0.16277019852992572
SG_007464,0.292184394625987
SG_007466,0.1308155956414797
SG_007469,0.1278994374198416
SG_007470,0.32589511503842583
SG_007472,0.15154098932564186
SG_007476,0.2466503625358088
SG_007486,0.23380996523689637
SG_007489,0.19850343308993157
SG_007490,0.12378570126876591
SG_007495,0.27269806845224415
SG_007499,0.20621548661568329
SG_007506,0.10655755749256901
SG_007508,0.14895722575157028
SG_007509,0.11771908511079807
SG_007517,0.1622673616494824
SG_007518,0.1985357351766656
SG_007522,0.26993661996465207
SG_007524,0.1877796896438912
SG_007527,0.11997364809884631
SG_007535,0.130641128818667
SG_007540,0.20586159805216922
SG_007546,0.16805990673618867
SG_007552,0.1901204603243494
SG_007553,0.20770536968632447
SG_007557,0.16309960946765395
SG_007558,0.22046644602612028
SG_007560,0.185004494276774
SG_007568,0.10713915652513266
SG_007571,0.21812798204608042
SG_007573,0.1434823521569802
SG_007577,0.1366725602304451
SG_007578,0.15074161031356928
SG_007579,0.09758076290031598
SG_007582,0.2440066844751044
SG_007586,0.1060296660839985
SG_007587,0.1619929028579116
SG_007589,0.17564569406707853
SG_007591,0.10655141600450625
SG_007595,0.13393535855328545
SG_007597,0.17121854071565498
SG_007599,0.12626893329504554
SG_007602,0.16937186808205085
SG_007605,0.12423946645300149
SG_007609,0.13204205860201998
SG_007614,0.19207823887228492
SG_007620,0.1302207331279682
SG_007628,0.23955447726534873
SG_007630,0.13916530275591482
SG_007646,0.18855753395823646
SG_007648,0.15170163146006999
SG_007654,0.15752198591622635
SG_007655,0.26192177150313195
SG_007656,0.28963048136297603
SG_007657,0.1818589793832343
SG_007658,0.1456780877513321
SG_007659,0.2156241889413563
SG_007660,0.14359297629805254
SG_007663,0.1693299304514312
SG_007665,0.26603887279051197
SG_007667,0.14524195802190298
SG_007670,0.15231948519644126
SG_007678,0.12954625012746962
SG_007679,0.26936324285850055
SG_007681,0.1295601695565291
SG_007685,0.18206304131691403
SG_007686,0.2297574005755938
SG_007687,0.1415441401473535
SG_007688,0.11272035243993285
SG_007691,0.11709156502445811
SG_007696,0.15801455787131286
SG_007698,0.1274725098612095
SG_007700,0.17794825369649142
SG_007703,0.1277826772733682
SG_007704,0.12925024668578475
SG_007706,0.2038892379022323
SG_007711,0.1490009639694635
SG_007712,0.18981927117809885
SG_007714,0.11977558847486369
SG_007717,0.2103437789445499
SG_007719,0.1430120954718012
SG_007720,0.14547606935217122
SG_007721,0.15520368270881782
SG_007728,0.1850527537283877
SG_007737,0.21618615037916608
SG_007741,0.13892489749137005
SG_007742,0.11711233599200375
SG_007744,0.16110699205289708
SG_007746,0.21262677604085667
SG_007748,0.14304262857759167
SG_007750,0.12874387816726146
SG_007751,0.10876645014911493
SG_007752,0.11336079863051042
SG_007758,0.24760915644872766
SG_007760,0.13909460709903437
SG_007762,0.23635704724153564
SG_007770,0.1209764125834454
SG_007772,0.15849048620762024
SG_007776,0.1049200002481318
SG_007780,0.19239964156638736
SG_007781,0.14123971845810415
SG_007782,0.11569103416375612
SG_007787,0.19289359850055843
SG_007800,0.19849079200403327
SG_007801,0.2348393341251393
SG_007804,0.10877244090626745
SG_007805,0.22024961513955021
SG_007807,0.15799406282405987
SG_007808,0.2760583363897029
SG_007813,0.16910651687816183
SG_007815,0.11754253321583155
SG_007817,0.14749132678252952
SG_007818,0.19566693570616833
SG_007820,0.14969585933328236
SG_007822,0.1380738870406377
SG_007823,0.14059597764304105
SG_007824,0.12515595347280586
SG_007834,0.14544395270779598
SG_007836,0.12471848832140263
SG_007839,0.15516082428027522
SG_007842,0.09327951093189252
SG_007844,0.1452615039159309
SG_007846,0.11466461713386424
SG_007849,0.12530240496058243
SG_007858,0.20855040403011718
SG_007864,0.25007840352494953
SG_007866,0.16541050316683642
SG_007875,0.1832570504847497
SG_007876,0.16897044231573216
SG_007880,0.16423188784075032
SG_007884,0.17342909741789883
SG_007889,0.2093264269054098
SG_007892,0.14586531817491352
SG_007897,0.13925204841680375
SG_007898,0.14941127050847952
SG_007899,0.1303822300314079
SG_007901,0.20554520247985106
SG_007908,0.20128069522118844
SG_007910,0.1376337355796057
SG_007922,0.15460413571565068
SG_007923,0.1276822323724379
SG_007926,0.24209608889439227
SG_007931,0.19260296094780463
SG_007933,0.19785429830336965
SG_007939,0.21034369078845547
SG_007940,0.12604630347586018
SG_007946,0.14461895638882508
SG_007947,0.1587996459935247
SG_007948,0.17220685056090837
SG_007954,0.12331645016951696
SG_007957,0.13919090607947873
SG_007960,0.2546730526726987
SG_007964,0.13139326203702917
SG_007965,0.15185374224287937
SG_007980,0.22404270541426785
SG_007985,0.17620675689441526
SG_007992,0.12629202487193397
SG_007996,0.1413021601615453
SG_007998,0.12573601492021255
SG_007999,0.1160230366468647
SG_008014,0.11128847147275271
SG_008015,0.1415758333412791
SG_008020,0.18049919809377638
SG_008026,0.15982411110172687
SG_008033,0.1680299604708785
SG_008043,0.16256973650958706
SG_008050,0.1591863822300599
SG_008055,0.1953408845406469
SG_008056,0.2400857978642902
SG_008058,0.19809504534378644
SG_008067,0.13096119386868288
SG_008074,0.20070190780077302
SG_008076,0.18651622828004735
SG_008081,0.159507070469191
SG_008091,0.12216080706887784
SG_008099,0.15004445187049
SG_008100,0.14453982313587116
SG_008101,0.11507216638661834
SG_008104,0.23687604423987352
SG_008115,0.21951027808338153
SG_008117,0.12446256934210648
SG_008118,0.18920871394851801
SG_008127,0.13880682864013222
SG_008131,0.1530470122830162
SG_008133,0.1595395277221596
SG_008137,0.22045054190371802
SG_008140,0.2510994742755702
SG_008141,0.20729075106598657
SG_008145,0.14051314831868442
SG_008152,0.139837027369107
SG_008156,0.19035778635950115
SG_008160,0.15342309327180942
SG_008164,0.20063721651213895
SG_008167,0.1929279965249128
SG_008175,0.14521600030278925
SG_008176,0.20878851355105688
SG_008183,0.20581488326579558
SG_008188,0.18911044061742494
SG_008191,0.12115448025565397
SG_008192,0.14659581242570807
SG_008193,0.11518627438896244
SG_008195,0.22864922625298695
SG_008202,0.20042527162993026
SG_008213,0.20320764244812628
SG_008217,0.2716552988488436
SG_008224,0.14311168492847148
SG_008228,0.18365813397962755
SG_008229,0.12073946564347147
SG_008237,0.11803871438316832
SG_008242,0.11208495390653421
SG_008246,0.16758462139495414
SG_008248,0.12039143163251675
SG_008249,0.19095563008983835
SG_008253,0.14612421082726912
SG_008257,0.18431779569306003
SG_008261,0.22375722755711294
SG_008264,0.19255766818164832
SG_008265,0.1400179488527167
SG_008281,0.17597944729184412
SG_008283,0.13388297708477717
SG_008287,0.1432509233186349
SG_008291,0.3103378456215825
SG_008293,0.15413123034582035
SG_008294,0.12522938211594298
SG_008296,0.15035143067585025
SG_008298,0.18861283754894528
SG_008309,0.18332198944152908
SG_008310,0.1544280685280554
SG_008312,0.14664356165804956
SG_008316,0.1754311167652949
SG_008317,0.10728419850804695
SG_008318,0.12651071410476125
SG_008327,0.10593443835347216
SG_008330,0.2304600534548023
SG_008333,0.09694250068943594
SG_008336,0.18899199472177777
SG_008345,0.18505731814077422
SG_008347,0.11930932650666766
SG_008355,0.20393033034058852
SG_008358,0.15381937977280663
SG_008359,0.2703949576995262
SG_008360,0.13628630478417794
SG_008361,0.1123605324568304
SG_008362,0.20583572784234838
SG_008365,0.14729979844579558
SG_008366,0.21709296334332642
SG_008375,0.14524475599752615
SG_008376,0.15768687220741603
SG_008382,0.10751333140810747
SG_008383,0.18649243669626608
SG_008388,0.18696918866470938
SG_008389,0.21582010650540231
SG_008392,0.14372476828869354
SG_008396,0.13576682772850315
SG_008402,0.15017416770617875
SG_008410,0.14826401441123582
SG_008413,0.20614121062816748
SG_008417,0.2077058200992797
SG_008420,0.2934342718298253
SG_008422,0.17091888855882198
SG_008435,0.19445017152127783
SG_008440,0.12181775997400134
SG_008441,0.2694425658731542
SG_008442,0.15988046489779636
SG_008443,0.12924345166938825
SG_008444,0.14162700165759082
SG_008449,0.17737041834240322
SG_008452,0.24430964700460353
SG_008457,0.22957097345933095
SG_008459,0.23196741690050507
SG_008462,0.12144401786507218
SG_008467,0.16876343131294907
SG_008468,0.15924070829651643
SG_008478,0.1058610546223622
SG_008482,0.2517524049307961
SG_008484,0.2333018696178792
SG_008485,0.14271864992335917
SG_008494,0.15042838929104732
SG_008497,0.13897499511694147
SG_008498,0.1774417075426331
SG_008500,0.2549495965206039
SG_008501,0.20160514807368454
SG_008504,0.11762026383662971
SG_008506,0.2514203556299421
SG_008512,0.23104337319946971
SG_008514,0.25730554927751464
SG_008517,0.1597306580755376
SG_008522,0.18229833748320007
SG_008527,0.13496320055544322
SG_008529,0.19736737602787166
SG_008531,0.10875115029947037
SG_008534,0.2855149994163177
SG_008535,0.14496981482790608
SG_008536,0.1610571471086444
SG_008538,0.17265692837959365
SG_008541,0.12062786883345498
SG_008542,0.16822361796791047
SG_008545,0.23969259634304105
SG_008547,0.1643794197718141
SG_008549,0.2223188884450518
SG_008550,0.14124879926613695
SG_008551,0.15285509845442286
SG_008553,0.15204393334486482
SG_008555,0.12845054367131112
SG_008557,0.18724563058268218
SG_008561,0.11452299523396099
SG_008564,0.1400808878895821
SG_008565,0.2828875739968952
SG_008568,0.14730350137020728
SG_008569,0.15196966953435817
SG_008570,0.2384070977326054
SG_008572,0.12467478768842935
SG_008574,0.18008087298265305
SG_008575,0.14791552757995127
SG_008576,0.09928227986746778
SG_008577,0.21303958198502054
SG_008580,0.17524573838838323
SG_008586,0.16506499759213103
SG_008594,0.19494115470152035
SG_008598,0.11976009485793299
SG_008600,0.22429732588917772
SG_008614,0.16981737184762033
SG_008615,0.260948989276633
SG_008617,0.15630012736532437
SG_008624,0.1692608989388563
SG_008630,0.17001025398401542
SG_008635,0.12111752687732602
SG_008636,0.15514274972713935
SG_008639,0.22237962251340962
SG_008645,0.13175578932114088
SG_008646,0.13262129804560674
SG_008650,0.21928216701051345
SG_008653,0.20157617711108297
SG_008669,0.17868123066746486
SG_008671,0.1838854109395005
SG_008689,0.2100309628159664
SG_008691,0.23413469452351204
SG_008693,0.2066730792768196
SG_008708,0.1351329524106152
SG_008714,0.21847318015387202
SG_008726,0.14259671665247814
SG_008727,0.24553791520132276
SG_008729,0.11578018121394022
SG_008734,0.23920924537004304
SG_008735,0.15562042038015697
SG_008737,0.21913001410579305
SG_008739,0.1048879758948261
SG_008745,0.24989719926032644
SG_008749,0.12174038510954739
SG_008755,0.13091892152580506
SG_008759,0.11841861420665922
SG_008766,0.13648388759641641
SG_008769,0.14931087100115212
SG_008770,0.12591584827427965
SG_008771,0.1436578364495817
SG_008773,0.2312115569076877
SG_008774,0.20655135541018207
SG_008776,0.11949264535887741
SG_008777,0.1749013287213238
SG_008780,0.1809045602793861
SG_008782,0.1564448629824371
SG_008784,0.18187480564823355
SG_008785,0.1834570479926634
SG_008787,0.15733515443055157
SG_008789,0.21758073461078192
SG_008793,0.15970351848088654
SG_008798,0.1487918564973173
SG_008810,0.18363072281862372
SG_008816,0.2411927494528844
SG_008823,0.21069129150645594
SG_008824,0.1385442736030193
SG_008825,0.20897052355842732
SG_008828,0.19873243841686006
SG_008836,0.11670816790993034
SG_008839,0.154775582263675
SG_008840,0.11157041188297165
SG_008841,0.1224705752722729
SG_008843,0.1991040256760135
SG_008844,0.19226312789714517
SG_008845,0.20048889940443576
SG_008849,0.14479502965397012
SG_008850,0.17356995788314797
SG_008853,0.16070685937576015
SG_008855,0.12875228918893586
SG_008859,0.2083559162174219
SG_008862,0.149000353838889
SG_008864,0.15080269486485917
SG_008865,0.12171112186330059
SG_008866,0.10695275975132498
SG_008867,0.29311168078712596
SG_008869,0.20334993916630867
SG_008876,0.21142471892917375
SG_008881,0.18376687290178875
SG_008883,0.1481012520931128
SG_008888,0.10661783172236636
SG_008889,0.264930646688967
SG_008895,0.1867638624476339
SG_008897,0.18702598985991487
SG_008901,0.15563091796109263
SG_008905,0.11175834349499511
SG_008907,0.1120819862815288
SG_008908,0.10979119440972258
SG_008910,0.13622390845742452
SG_008913,0.19126020182380912
SG_008914,0.14002324753175424
SG_008917,0.14564896328140217
SG_008919,0.12914120863350567
SG_008920,0.25034909593616844
SG_008925,0.2026270586676221
SG_008926,0.17194654965646694
SG_008927,0.12781644704866604
SG_008930,0.1594339867396773
SG_008932,0.12641083503906875
SG_008934,0.23096928474923356
SG_008937,0.11409694846119042
SG_008940,0.21016563340639052
SG_008943,0.1330329107673002
SG_008947,0.10868153799833101
SG_008955,0.21296661802990627
SG_008960,0.2041210904045977
SG_008962,0.09776758521937529
SG_008964,0.131004043016632
SG_008965,0.11238052904706011
SG_008966,0.13530368824090355
SG_008971,0.1300243908916015
SG_008972,0.11133097920293783
SG_008976,0.19232892744844868
SG_008978,0.12399932557939246
SG_008983,0.13018240834591047
SG_008989,0.2763040810084544
SG_008990,0.12096954544076545
SG_008994,0.20385579912956384
SG_008996,0.22044789037479945
SG_008998,0.13950303657469562
SG_008999,0.11818115122544152
SG_009001,0.2323696001339502
SG_009005,0.14625216984758138
SG_009006,0.13125566349090936
SG_009011,0.1792192899055035
SG_009017,0.13580136858729897
SG_009018,0.12762769425516152
SG_009032,0.1249558665200171
SG_009034,0.13464624029867667
SG_009043,0.2711202810072673
SG_009047,0.12288350037473621
SG_009048,0.1292015748527765
SG_009053,0.12493832514620999
SG_009055,0.14080932319749254
SG_009058,0.1533459590317708
SG_009063,0.2202739701814779
SG_009064,0.2240468558576052
SG_009065,0.2193139444464229
SG_009069,0.14541337423149603
SG_009070,0.12903693263738786
SG_009072,0.1751545800628595
SG_009075,0.1415435561290549
SG_009079,0.14714482416646021
SG_009080,0.29440245312854957
SG_009081,0.1459201773801501
SG_009083,0.12545721158303158
SG_009085,0.11140759526097609
SG_009091,0.20976318775241848
SG_009093,0.11999813586563643
SG_009100,0.10264667076139197
SG_009109,0.15469739934314106
SG_009115,0.15202927141771994
SG_009119,0.14880756919038196
SG_009120,0.21425995822995528
SG_009123,0.17077717512530627
SG_009124,0.12098334015806203
SG_009127,0.11765126285350158
SG_009128,0.13835786300669034
SG_009135,0.2124364731447555
SG_009136,0.2550982809133623
SG_009139,0.12630634683476927
SG_009146,0.3070743189928734
SG_009147,0.20395721523345664
SG_009149,0.10984097405358426
SG_009150,0.20577441372560487
SG_009152,0.2560640547592739
SG_009153,0.14113114655110964
SG_009159,0.21178522174912737
SG_009168,0.19607760828997614
SG_009169,0.27855570780289585
SG_009170,0.12401301949163522
SG_009172,0.11015682321157028
SG_009176,0.14586178609627506
SG_009179,0.17431846687883876
SG_009183,0.16107843166299857
SG_009193,0.16285412320080025
SG_009196,0.25122146784883037
SG_009199,0.1381571929879737
SG_009202,0.19705211910494883
SG_009203,0.1417374589974604
SG_009204,0.1129919921326113
SG_009206,0.11938307919106371
SG_009207,0.24996002500023926
SG_009209,0.14451955312345477
SG_009210,0.1784895271425073
SG_009214,0.21778759766659944
SG_009220,0.17061979204364564
SG_009223,0.1498798220936836
SG_009224,0.15212256520537717
SG_009225,0.11990042812935742
SG_009226,0.2750468323185044
SG_009229,0.17739685638154737
SG_009230,0.20563040416264855
SG_009236,0.20491460547379464
SG_009242,0.12191684523516265
SG_009246,0.21974094696569535
SG_009250,0.15744340218090094
SG_009253,0.2567928042589057
SG_009266,0.29669461899886124
SG_009268,0.15393265601161615
SG_009272,0.23320115247398338
SG_009273,0.13198505301404936
SG_009274,0.1826120236757247
SG_009277,0.20981277021992886
SG_009278,0.18409906787125016
SG_009279,0.11436508906146564
SG_009280,0.16275627726985417
SG_009281,0.14408376443016682
SG_009289,0.24248674279641266
SG_009290,0.2537124525063947
SG_009299,0.11296128099149051
SG_009300,0.1298382494931898
SG_009305,0.11586784313666139
SG_009307,0.18966802612169112
SG_009319,0.1290655998746087
SG_009328,0.10902110430081614
SG_009333,0.15539703519518877
SG_009335,0.1263862723119592
SG_009341,0.1688737842385075
SG_009347,0.1389068766894017
SG_009354,0.17162219763439293
SG_009355,0.2767675208160765
SG_009357,0.140496339453806
SG_009362,0.19407355883925703
SG_009363,0.30233680478109615
SG_009365,0.1278686985764071
SG_009366,0.2643505303488061
SG_009367,0.18765272127808721
SG_009370,0.1850435679888449
SG_009386,0.14917133993301587
SG_009392,0.13565533943633487
SG_009398,0.11876316129084938
SG_009400,0.1330755230223753
SG_009402,0.19786183159264242
SG_009403,0.14625440850996269
SG_009404,0.13298134232692063
SG_009406,0.18326355854233384
SG_009407,0.16523433023386636
SG_009408,0.11059948100075973
SG_009409,0.09420279124142562
SG_009410,0.22921140111701077
SG_009411,0.1972554850715276
SG_009412,0.13199483148188448
SG_009413,0.13405972543441458
SG_009415,0.14503454742158797
SG_009417,0.1612884071214889
SG_009419,0.1256323501623561
SG_009425,0.20710818196359318
SG_009426,0.17986744442494396
SG_009427,0.15706193889374967
SG_009429,0.09631615720304507
SG_009434,0.19032997415463956
SG_009438,0.1424386090216054
SG_009441,0.14912251846921248
SG_009442,0.13910857945542401
SG_009444,0.26259238296611087
SG_009445,0.26750616791422277
SG_009446,0.15143466712063758
SG_009447,0.14003731160754235
SG_009449,0.17721652467343776
SG_009455,0.1443798872310224
SG_009458,0.21043714554770387
SG_009461,0.2690375129817108
SG_009462,0.28883595512016297
SG_009466,0.18680601451245643
SG_009473,0.1233054705906766
SG_009478,0.17416440510461018
SG_009479,0.137266963267827
SG_009481,0.14444936710690118
SG_009485,0.12452982113255096
SG_009490,0.19800037948573895
SG_009496,0.13032131600907115
SG_009500,0.12525254741152198
SG_009502,0.28497512854948764
SG_009504,0.20043656779036972
SG_009505,0.15583256536489154
SG_009516,0.12822225081157032
SG_009518,0.1620255180225728
SG_009519,0.2132127893412131
SG_009528,0.12977215514741422
SG_009529,0.18713379048456474
SG_009530,0.11419200682947486
SG_009533,0.19607682757278422
SG_009537,0.1116649933401176
SG_009539,0.1636419361219947
SG_009540,0.13422146810600225
SG_009541,0.21612471809382655
SG_009544,0.12174954687206449
SG_009556,0.20332298727095388
SG_009558,0.15563768015677745
SG_009566,0.1451271559765024
SG_009567,0.17314326774533728
SG_009569,0.12277134408272444
SG_009573,0.14387666777202957
SG_009577,0.10945408576751822
SG_009581,0.1371250208639444
SG_009582,0.18318437259541673
SG_009584,0.1273014780262679
SG_009585,0.1860285584343759
SG_009589,0.17391006001631423
SG_009592,0.11857423671900826
SG_009593,0.1812224567803604
SG_009602,0.13332955762975388
SG_009614,0.15372707848720055
SG_009616,0.24468966557062938
SG_009618,0.27570035296939066
SG_009619,0.1338497615983386
SG_009620,0.16019000033346595
SG_009622,0.11632526404618611
SG_009630,0.23100279712129584
SG_009632,0.14171868134689383
SG_009639,0.1298356195627645
SG_009649,0.2200768982807115
SG_009651,0.20936536699121405
SG_009661,0.13137566846530624
SG_009670,0.11433381506183185
SG_009671,0.1948943730922163
SG_009679,0.20737213469829102
SG_009681,0.11023952404725555
SG_009683,0.1428040753618174
SG_009687,0.24266742665945534
SG_009690,0.180334997835252
SG_009691,0.23970974251227803
SG_009694,0.17499301129965267
SG_009696,0.2516132559201028
SG_009701,0.20465412042042333
SG_009702,0.13686270041272072
SG_009707,0.13069178776195864
SG_009716,0.12784752846970765
SG_009718,0.13304588624372238
SG_009727,0.1536077777014139
SG_009736,0.13733092482307388
SG_009741,0.14096789216523764
SG_009744,0.20895023640548244
SG_009746,0.14870025278410395
SG_009747,0.19948118212537874
SG_009751,0.15939794034666466
SG_009754,0.16913531879699806
SG_009757,0.11100971159231471
SG_009759,0.19071719489143488
SG_009760,0.17390643967546093
SG_009762,0.11482788191421266
SG_009763,0.15717613452446944
SG_009766,0.17263609289051451
SG_009776,0.22521158641921815
SG_009778,0.22122520098672493
SG_009780,0.2512668702851492
SG_009782,0.26156797131673615
SG_009783,0.10922510140065082
SG_009785,0.18208937905337375
SG_009786,0.25061368193558825
SG_009791,0.14548437706295264
SG_009794,0.10452620119713626
SG_009795,0.17253625521589447
SG_009799,0.17549897869853864
SG_009800,0.251552090619496
SG_009814,0.24605823631825333
SG_009819,0.1233618730496577
SG_009824,0.13401915648436963
SG_009825,0.20889660367884294
SG_009829,0.19039037413338367
SG_009834,0.17662889199784793
SG_009837,0.20669095503426246
SG_009838,0.12079898414341804
SG_009843,0.15712020229285453
SG_009845,0.1520147720662886
SG_009851,0.23093541168414689
SG_009855,0.23839677967411388
SG_009856,0.2630187708046661
SG_009862,0.14014194295017143
SG_009865,0.11830219807088925
SG_009867,0.13471906790946062
SG_009868,0.18446125019101767
SG_009869,0.1256369196429823
SG_009870,0.20095239728581818
SG_009875,0.14082945251345963
SG_009876,0.19444852761150277
SG_009877,0.19461061023154
SG_009878,0.2856271900896681
SG_009880,0.21005711098802135
SG_009881,0.14274797931582758
SG_009895,0.28022632519482055
SG_009905,0.16541007749304235
SG_009909,0.1483181429236155
SG_009914,0.16325196545741175
SG_009916,0.16707577725927533
SG_009921,0.12905233476443856
SG_009923,0.20697654426845824
SG_009926,0.19692680195105047
SG_009929,0.25421383616760385
SG_009932,0.16921023684967768
SG_009933,0.1344367070374115
SG_009935,0.13390440979014231
SG_009936,0.17717125005623366
SG_009937,0.13241835494434573
SG_009941,0.13431583605822792
SG_009942,0.16892106640121843
SG_009953,0.22570712454963635
SG_009956,0.1282532987263346
SG_009959,0.1348522222782228
SG_009964,0.15266937511607082
SG_009972,0.2198721345996366
SG_009977,0.18045480804759179
SG_009979,0.271743954552442
SG_009982,0.11596834969897254
SG_009985,0.2862899550901005
SG_009987,0.10322596657848328
SG_009989,0.19067448769355716
SG_009993,0.13045290864060266
SG_009997,0.18747831533366544
SG_009999,0.1525565712116191
SG_010002,0.22077622983656447
SG_010007,0.23049127482620718
SG_010008,0.13225081168443953
SG_010009,0.11658975366519836
SG_010010,0.15967808321987662
SG_010011,0.1389939535657847
SG_010012,0.11308182422653153
SG_010014,0.13422261871718594
SG_010015,0.1588221698312021
SG_010019,0.13649719374434036
SG_010020,0.10759181218912306
SG_010021,0.11887826545615875
SG_010024,0.1334397612276068
SG_010025,0.13090359675270483
SG_010034,0.13922407022950128
SG_010037,0.12086883829950426
SG_010038,0.1241840059780891
SG_010042,0.19286450384343168
SG_010045,0.15210308145861917
SG_010047,0.12529112015375685
SG_010048,0.2158998946531195
SG_010050,0.19139792644337408
SG_010052,0.14944901814531655
SG_010058,0.1619691660579301
SG_010061,0.2086211923525275
SG_010068,0.1389225958244237
SG_010069,0.1288596691432549
SG_010074,0.1583585899563362
SG_010078,0.11792814765440704
SG_010081,0.11673749308650613
SG_010084,0.14643602374934397
SG_010085,0.13289474634877124
SG_010086,0.29388433888976967
SG_010088,0.18652966231482876
SG_010091,0.10946075823741556
SG_010092,0.2253822854154718
SG_010099,0.18909142976446344
SG_010101,0.16512092818697033
SG_010103,0.1521123072849319
SG_010104,0.1804408645100458
SG_010106,0.23544428430762285
SG_010109,0.1255462830530509
SG_010115,0.10969312448654535
SG_010116,0.20954944373334372
SG_010117,0.22636279075116852
SG_010123,0.32854607288536425
SG_010130,0.12904553153493561
SG_010132,0.12264659232654937
SG_010134,0.23148629809396423
SG_010142,0.27153393373172635
SG_010144,0.12091405557278458
SG_010146,0.13013153027424482
SG_010151,0.10603192292946365
SG_010153,0.3219910725428438
SG_010155,0.20388980045034957
SG_010157,0.21569770105789549
SG_010165,0.11537672241448955
SG_010166,0.12405228584871392
SG_010169,0.12920151337407532
SG_010170,0.1358086581453707
SG_010172,0.1325945976447384
SG_010173,0.2088828627462114
SG_010174,0.16282432490915197
SG_010175,0.14699093700042812
SG_010176,0.2039526229941234
SG_010182,0.13514017833384329
SG_010183,0.15594447490336152
SG_010184,0.15830413616918024
SG_010187,0.1360329845357452
SG_010195,0.11581114264216542
SG_010198,0.16649809227784956
SG_010199,0.14844834017816516
SG_010200,0.10714009216296191
SG_010204,0.17593577432703383
SG_010206,0.1497199929385088
SG_010208,0.22620946791918242
SG_010209,0.1511589671957635
SG_010210,0.19217285105342877
SG_010213,0.16811679500660262
SG_010217,0.15380399676678475
SG_010226,0.189320130548676
SG_010227,0.12374454206140494
SG_010234,0.11991595375079793
SG_010235,0.13909956803157178
SG_010238,0.28883090301071407
SG_010241,0.14369453366401885
SG_010242,0.11139773010318968
SG_010243,0.12452392035862467
SG_010246,0.23872688606149828
SG_010252,0.22298864049330355
SG_010253,0.30640066693905044
SG_010256,0.1878665508461115
SG_010257,0.17269725403596403
SG_010258,0.1119596846633946
SG_010259,0.2311103623454814
SG_010261,0.1686126102116117
SG_010263,0.12665890366238114
SG_010265,0.11922536425575218
SG_010267,0.11906493492008263
SG_010271,0.2332876686382027
SG_010273,0.1783706586094701
SG_010274,0.1369098502744598
SG_010277,0.2330160085233389
SG_010284,0.10844731982182909
SG_010286,0.134502024688292
SG_010287,0.29975909826660563
SG_010288,0.12102180260227152
SG_010293,0.152547825428382
SG_010294,0.19602252196124398
SG_010298,0.1351257736639783
SG_010306,0.17085316072728737
SG_010313,0.13834692702037205
SG_010315,0.25577583166198714
SG_010316,0.20344029079912368
SG_010319,0.13666942761124962
SG_010320,0.27498961975702396
SG_010322,0.15145772989098383
SG_010323,0.2690515337749579
SG_010326,0.11020041026001486
SG_010328,0.18995647567561377
SG_010329,0.2739135609726417
SG_010330,0.23963311470311643
SG_010332,0.12498181334281032
SG_010336,0.1969786110310453
SG_010344,0.21135410685895117
SG_010347,0.23414880767150284
SG_010350,0.13431602585951782
SG_010352,0.3118755076788192
SG_010354,0.20712312124211693
SG_010358,0.17009240930006875
SG_010371,0.13600773884934803
SG_010373,0.17335519268088573
SG_010379,0.11649009136054164
SG_010386,0.19323157558237528
SG_010393,0.11511084269714378
SG_010394,0.1641980312502436
SG_010399,0.2813468000147221
SG_010401,0.12906587833983982
SG_010404,0.12227436778471329
SG_010406,0.19959944789762943
SG_010407,0.15377044103941984
SG_010409,0.2924915965686874
SG_010412,0.16305892476053524
SG_010418,0.11651122311315054
SG_010420,0.10649953835806733
SG_010424,0.23318447468766176
SG_010425,0.15824474630703395
SG_010428,0.28986738774556087
SG_010430,0.27147141579708545
SG_010431,0.23266420075765507
SG_010435,0.1242957093620141
SG_010442,0.3196131552673069
SG_010455,0.149780808216375
SG_010459,0.15714241535622825
SG_010460,0.26515034441546836
SG_010461,0.1671864817010224
SG_010462,0.17727673773586763
SG_010465,0.11581969518349738
SG_010467,0.14054206407009637
SG_010469,0.2234208119449819
SG_010470,0.19152699665399672
SG_010472,0.11559950947632784
SG_010475,0.1779832735878841
SG_010477,0.24839122557981527
SG_010481,0.21167565243703598
SG_010482,0.15360958442859599
SG_010483,0.16402750633233018
SG_010485,0.19826039803421633
SG_010486,0.12442937435022164
SG_010487,0.20961015328924168
SG_010490,0.14387368627688446
SG_010492,0.13565597782730243
SG_010493,0.18186321883515327
SG_010495,0.12751196571902157
SG_010498,0.14321251378769792
SG_010499,0.11988468999131077
SG_010501,0.23318361499725665
SG_010503,0.10210898870427895
SG_010505,0.12502453779385322
SG_010506,0.12646590020019935
SG_010507,0.10443353088868684
SG_010509,0.18917064102354986
SG_010510,0.13822013448736867
SG_010515,0.2632938946823632
SG_010517,0.254918113542327
SG_010518,0.2132403469196119
SG_010531,0.18681778757816886
SG_010546,0.24310777683618162
SG_010547,0.13866466685759313
SG_010550,0.19519514165106583
SG_010552,0.13457260043148891
SG_010553,0.13436152201436025
SG_010555,0.16021439046245387
SG_010561,0.15311723435898075
SG_010562,0.1487429573448063
SG_010563,0.17806525914515334
SG_010569,0.15380090396836868
SG_010571,0.1676237096278008
SG_010577,0.12299419167070721
SG_010578,0.13250582454392815
SG_010579,0.16605396968787706
SG_010582,0.13655175854306473
SG_010585,0.21725167416742416
SG_010586,0.23704537192684244
SG_010588,0.14718364966580239
SG_010589,0.1257677578376881
SG_010590,0.20673865299367405
SG_010592,0.27429998919260795
SG_010594,0.13594034142380312
SG_010598,0.2498475083673546
SG_010600,0.12977618997960547
SG_010607,0.13551698274627144
SG_010611,0.2374612971692992
SG_010615,0.2552396571273707
SG_010616,0.25569634194701296
SG_010619,0.13086149381935336
SG_010627,0.1464612242759679
SG_010634,0.0996158945877765
SG_010635,0.1183759318345153
SG_010636,0.13115792377033791
SG_010649,0.1890879203491259
SG_010651,0.15459913024455493
SG_010653,0.1298360449437949
SG_010655,0.13502072723112513
SG_010659,0.13084760121268765
SG_010662,0.27082399832778375
SG_010664,0.2537421152974456
SG_010666,0.10435718928951297
SG_010668,0.1746794079180058
SG_010670,0.1779961963241885
SG_010673,0.24948582982567308
SG_010674,0.16085036696357596
SG_010679,0.18559442967424397
SG_010684,0.2447060381676815
SG_010685,0.13112101704755674
SG_010690,0.10898104893615315
SG_010696,0.1386889957506302
SG_010700,0.1407791637664478
SG_010707,0.13325110840383705
SG_010708,0.1538656292679591
SG_010713,0.14006357001944328
SG_010717,0.11595834149838173
SG_010718,0.17214567597060124
SG_010721,0.22539598937837543
SG_010722,0.11770036227846105
SG_010726,0.26149811394359485
SG_010729,0.15137264311833196
SG_010733,0.14611966260105136
SG_010734,0.16304265591326572
SG_010737,0.1374631721672117
SG_010739,0.14515117952567416
SG_010745,0.2457075349224646
SG_010752,0.1468390066394522
SG_010753,0.19166584853219057
SG_010757,0.1282409680583016
SG_010760,0.1693561760974465
SG_010763,0.16208196898111676
SG_010769,0.20960162473330568
SG_010772,0.22657208868152495
SG_010773,0.1218650248988629
SG_010774,0.1451169886131248
SG_010781,0.15873964033377905
SG_010784,0.12652873371231527
SG_010789,0.13062603530599165
SG_010791,0.1618683998201663
SG_010795,0.2685281780373918
SG_010796,0.1392365401250471
SG_010798,0.14224927720820907
SG_010801,0.175690648226094
SG_010803,0.2661001434043153
SG_010808,0.13330378654144093
SG_010809,0.13479560716930528
SG_010810,0.22819648978372653
SG_010814,0.20653658766124128
SG_010816,0.1096451938660872
SG_010818,0.1072831795795767
SG_010824,0.31947520851197664
SG_010828,0.2527341950724349
SG_010830,0.28881511237342156
SG_010831,0.11306996835481863
SG_010837,0.24658710534119838
SG_010843,0.13626620132734008
SG_010844,0.2580649246024878
SG_010845,0.11345867671174548
SG_010846,0.15298292132190247
SG_010847,0.20298573000812706
SG_010853,0.12522951388247086
SG_010857,0.11142218256336174
SG_010860,0.159359232693966
SG_010863,0.12337277455458849
SG_010865,0.17541983757800153
SG_010870,0.2167848486350129
SG_010871,0.18309133866315017
SG_010872,0.13301875827067175
SG_010876,0.28512819729297034
SG_010881,0.13588445203395713
SG_010882,0.1487073722700346
SG_010884,0.20251178925291474
SG_010887,0.1382623648802246
SG_010888,0.16568296273882926
SG_010889,0.22517888100921474
SG_010894,0.22057731394136038
SG_010896,0.19852934108340614
SG_010898,0.12208678593097302
SG_010902,0.12492141299654849
SG_010904,0.2008478907235346
SG_010907,0.2281986985135115
SG_010911,0.12118514774000466
SG_010922,0.18422740432861376
SG_010930,0.11085034180910017
SG_010946,0.2279865122352249
SG_010951,0.1198424660307471
SG_010956,0.2481839849027795
SG_010960,0.26482272371726834
SG_010961,0.13933318005972223
SG_010962,0.1810524699269227
SG_010969,0.13621282884565938
SG_010971,0.13119497175597306
SG_010973,0.22893150273504248
SG_010974,0.10663728346806711
SG_010977,0.10492862485215454
SG_010982,0.11108754434073169
SG_010985,0.1419952993035888
SG_010986,0.14304914268100344
SG_010987,0.19951894716665786
SG_010993,0.11575022055081556
SG_010995,0.10188564149996411
SG_010998,0.27615116458374134
SG_011003,0.16641259141626627
SG_011010,0.11903909560506826
SG_011012,0.13098538070802507
SG_011016,0.1637577298338703
SG_011017,0.13866965090266498
SG_011025,0.13799901095337222
SG_011031,0.23279964054735694
SG_011050,0.11569310503536273
SG_011052,0.18302249987037789
SG_011053,0.1711160903947591
SG_011055,0.13739810654309417
SG_011057,0.21938443984522435
SG_011060,0.1132381662844821
SG_011073,0.19141338179778003
SG_011075,0.1920894941277942
SG_011077,0.13724260817121547
SG_011088,0.1283712961867931
SG_011089,0.12776746152857954
SG_011097,0.12516237843541492
SG_011107,0.14579549513891388
SG_011110,0.1390018357708594
SG_011117,0.152779966934328
SG_011120,0.23577230578082262
SG_011132,0.21943308446399126
SG_011133,0.1047138191686592
SG_011139,0.32005543780062534
SG_011143,0.18949152769475625
SG_011144,0.11725105403400668
SG_011147,0.24475740485684871
SG_011148,0.17978477090469186
SG_011151,0.12535883140543766
SG_011152,0.2066580782329176
SG_011154,0.13636788973739314
SG_011158,0.16526683099899533
SG_011159,0.24444277274946818
SG_011160,0.21801408236250255
SG_011161,0.17215763231949105
SG_011162,0.11985971745004542
SG_011164,0.1286414528064519
SG_011169,0.13394070387335816
SG_011170,0.132983796104836
SG_011175,0.1385878017198093
SG_011176,0.22486846015861442
SG_011177,0.16526854546625366
SG_011182,0.17421107139399628
SG_011184,0.19353985846246094
SG_011186,0.139666677594832
SG_011190,0.11140484055415789
SG_011192,0.24059717816820156
SG_011199,0.12484591991508734
SG_011200,0.1257569600322597
SG_011201,0.1393711771151448
SG_011203,0.12213821176102305
SG_011208,0.33111997837067086
SG_011212,0.1489232043989888
SG_011214,0.12680211835392888
SG_011221,0.26842652754094676
SG_011222,0.1959780701268129
SG_011224,0.15923529885977922
SG_011226,0.19124976257042195
SG_011235,0.19253611988060831
SG_011239,0.11361699132283715
SG_011250,0.11181941392330273
SG_011257,0.21459443579742868
SG_011259,0.19737179781248543
SG_011261,0.12997272649536368
SG_011262,0.2703183147021318
SG_011266,0.16042153637984508
SG_011274,0.11902798333661938
SG_011275,0.12902662329595546
SG_011279,0.1146543334071074
SG_011280,0.1800897482402632
SG_011285,0.1116928702895648
SG_011291,0.14986341865654965
SG_011294,0.14244979785939824
SG_011298,0.16471314988818708
SG_011303,0.12733260113915695
SG_011304,0.15718853992690301
SG_011306,0.16288087826524042
SG_011307,0.1903452194081135
SG_011308,0.22467180394041336
SG_011309,0.1532465801491434
SG_011310,0.16349079488068993
SG_011312,0.2449153217163407
SG_011313,0.31594286330232324
SG_011327,0.11844871195969472
SG_011333,0.14149143247066662
SG_011335,0.209797132323993
SG_011337,0.16191396277574227
SG_011340,0.10178638214951925
SG_011343,0.1370298393544232
SG_011345,0.13266940325348858
SG_011347,0.14726046713605084
SG_011350,0.14036852686747245
SG_011357,0.18441326901739905
SG_011360,0.15012397082663645
SG_011361,0.20234688901840817
SG_011367,0.11778511673334392
SG_011371,0.12386798569248017
SG_011376,0.11691162335950146
SG_011377,0.2756927174115687
SG_011380,0.1332475834821342
SG_011381,0.14778571491917283
SG_011383,0.13635640482874611
SG_011398,0.21049892037688783
SG_011401,0.17675112960205575
SG_011413,0.2004753910100366
SG_011416,0.14486622074709538
SG_011420,0.171008695782711
SG_011429,0.13408707652640586
SG_011432,0.1223800194527671
SG_011437,0.1436781010792953
SG_011443,0.16219422041094128
SG_011447,0.2239915672917137
SG_011450,0.16333125962826234
SG_011457,0.15704753313294317
SG_011458,0.14017332462269622
SG_011460,0.13714196989183605
SG_011464,0.1514471249481615
SG_011468,0.12444735797057549
SG_011469,0.18685628459228107
SG_011473,0.23705876073365958
SG_011475,0.22836112294893054
SG_011479,0.2650128668590639
SG_011482,0.24868258347184968
SG_011483,0.2330232854117812
SG_011492,0.15619536648751256
SG_011493,0.1772733075157741
SG_011497,0.12065796103254221
SG_011503,0.12400909879978031
SG_011504,0.19978425892051704
SG_011505,0.1375120372920008
SG_011512,0.1736316066526339
SG_011519,0.14730970325092635
SG_011526,0.17703002464165615
SG_011527,0.1623666310306803
SG_011528,0.13572596526924313
SG_011532,0.1435498597915925
SG_011541,0.15699221917063527
SG_011544,0.15233568103876713
SG_011547,0.24359392790524553
SG_011548,0.2628834239337835
SG_011552,0.2057620206222803
SG_011566,0.14787424535498653
SG_011567,0.21464095246671305
SG_011569,0.18024402475196954
SG_011575,0.1329926275574986
SG_011576,0.2590762788382608
SG_011577,0.12600344696277424
SG_011581,0.1660800353507963
SG_011584,0.22106948165490853
SG_011586,0.21684855123605157
SG_011593,0.17312230610663903
SG_011597,0.12199999379634367
SG_011598,0.23496203849984182
SG_011602,0.18148270161478744
SG_011605,0.20750281501112006
SG_011607,0.13285401669954594
SG_011612,0.30464100948496875
SG_011616,0.14198897618038683
SG_011617,0.13761034280029907
SG_011620,0.2313734742934509
SG_011622,0.18219554996766893
SG_011625,0.13341318528531895
SG_011626,0.15369837288663415
SG_011627,0.2340802350055519
SG_011632,0.24365348845928647
SG_011633,0.1727726032368331
SG_011635,0.27280307881324306
SG_011638,0.24188108238338304
SG_011640,0.23891594526004212
SG_011645,0.145287560370203
SG_011649,0.19122682366174887
SG_011656,0.15080605689064733
SG_011662,0.12771079205995503
SG_011663,0.18986219975949453
SG_011666,0.13802422411909565
SG_011672,0.10780403428945134
SG_011673,0.1828519759748683
SG_011676,0.2681910635025204
SG_011678,0.14350111176589345
SG_011682,0.14693058600253522
SG_011683,0.13108528270296685
SG_011684,0.111483286813507
SG_011691,0.1979645818651324
SG_011694,0.11182778976821924
SG_011695,0.12476074057955366
SG_011697,0.16865368585220916
SG_011699,0.10609845790160585
SG_011701,0.15969327985673393
SG_011704,0.22587161561303074
SG_011705,0.16631425145931558
SG_011708,0.1529656871173188
SG_011714,0.24707746402723668
SG_011715,0.15370586100860426
SG_011720,0.18267275702665317
SG_011721,0.1312503777281101
SG_011727,0.11083287101639328
SG_011728,0.17694883409064874
SG_011729,0.1524407566643936
SG_011731,0.12128432557703789
SG_011736,0.17485143086479618
SG_011737,0.15355032550703326
SG_011747,0.1671649089325255
SG_011749,0.2111457265197022
SG_011750,0.17669856678236553
SG_011752,0.13646223491506307
SG_011757,0.22463928781572268
SG_011764,0.1830249796309354
SG_011767,0.10527312810659041
SG_011769,0.25375609005692507
SG_011770,0.24274967055362826
SG_011772,0.22470205587812883
SG_011773,0.13304473686063673
SG_011777,0.1296024201959672
SG_011779,0.13905194036334168
SG_011780,0.1832512448415849
SG_011786,0.2598563685819939
SG_011787,0.1800779223272077
SG_011789,0.11368077964571148
SG_011796,0.1035614633335996
SG_011799,0.1401181527486035
SG_011801,0.14959461451257178
SG_011802,0.1895153124003752
SG_011806,0.09993200951874569
SG_011812,0.19087989278408277
SG_011814,0.21486722880253217
SG_011815,0.1780481662388761
SG_011816,0.247204496957301
SG_011830,0.20139660125380549
SG_011833,0.110736536937942
SG_011843,0.23156182355201654
SG_011853,0.21511979093453779
SG_011855,0.2031964798702438
SG_011858,0.11420442003803011
SG_011861,0.15045904221433132
SG_011863,0.19347689276841398
SG_011864,0.25000123331250806
SG_011868,0.16740910241529233
SG_011869,0.18540575386656388
SG_011871,0.266157649992029
SG_011886,0.12705127351399328
SG_011889,0.13675828297183387
SG_011890,0.17360729652987117
SG_011894,0.14204495374894832
SG_011896,0.134336047697479
SG_011898,0.11815656081394729
SG_011900,0.18388619770273842
SG_011918,0.22758663280109429
SG_011922,0.1498900173271948
SG_011925,0.14181151609021336
SG_011926,0.19830802110563167
SG_011927,0.20861690840338734
SG_011931,0.16198121210692967
SG_011933,0.1285402335724263
SG_011936,0.10382562156567006
SG_011939,0.12361447765658456
SG_011940,0.14671002605199174
SG_011953,0.2030384546641439
SG_011955,0.19986707728727385
SG_011956,0.1632257373509082
SG_011959,0.1308099324707931
SG_011961,0.16901474166041935
SG_011962,0.21446800768859248
SG_011966,0.25796488238502563
SG_011969,0.12928499670983493
SG_011971,0.1400062762739945
SG_011977,0.16566071264928592
SG_011978,0.13212903972415624
SG_011983,0.12990890336864608
SG_011986,0.13894808131917938
SG_011988,0.13031320280606895
SG_011993,0.1881943345943031
SG_011995,0.2336988160213572
SG_011996,0.13390978540052723
SG_011997,0.16560122436118765
SG_012000,0.1551246700627338
SG_012013,0.171543737921099
SG_012018,0.12520110143235247
SG_012019,0.15008546884648846
SG_012020,0.18266544864896783
SG_012022,0.15337410037207166
SG_012031,0.1426278543709871
SG_012040,0.15565797117120905
SG_012041,0.12386216494816489
SG_012048,0.12093890180572127
SG_012050,0.12823456416044487
SG_012051,0.11489216672397143
SG_012052,0.2893030637714507
SG_012064,0.1879083306375215
SG_012066,0.13773212867981072
SG_012068,0.133603947776583
SG_012076,0.19532165174305335
SG_012077,0.11597539482618895
SG_012078,0.12298278290186661
SG_012079,0.10283092917642976
SG_012080,0.22389111041672294
SG_012081,0.11726264411985507
SG_012082,0.1490643102485974
SG_012086,0.18480294895767396
SG_012089,0.17862653226857345
SG_012097,0.12991249183728962
SG_012104,0.1556645763503802
SG_012108,0.16620559882557207
SG_012113,0.14634478262736048
SG_012119,0.268097403158924
SG_012124,0.22478626651796507
SG_012125,0.170092092360237
SG_012141,0.2783646424440589
SG_012143,0.17698118011132544
SG_012145,0.13066100742428494
SG_012148,0.1624478380948959
SG_012150,0.1852335281268598
SG_012162,0.13334101686932184
SG_012165,0.15161613381656172
SG_012166,0.12554486349418867
SG_012167,0.17550262603223518
SG_012168,0.11887653537880652
SG_012169,0.1406426415843594
SG_012170,0.12303080656175638
SG_012175,0.12806378315096417
SG_012176,0.16620883449378668
SG_012177,0.13534159226237621
SG_012181,0.17878568625399396
SG_012186,0.2976782726909884
SG_012190,0.1612438994181944
SG_012192,0.2943011417874373
SG_012194,0.15496541119656795
SG_012195,0.13044727747157125
SG_012198,0.1412809098499789
SG_012199,0.12499055270452777
SG_012205,0.29659157285219206
SG_012206,0.22791338063644523
SG_012211,0.12012542353975406
SG_012212,0.20766791546738575
SG_012213,0.13818238664111124
SG_012216,0.20386830813089502
SG_012217,0.24456843291917002
SG_012218,0.2206902166148194
SG_012220,0.1547353269204082
SG_012225,0.2088907514211297
SG_012230,0.11321199358835214
SG_012232,0.11809680832281626
SG_012234,0.15510562663006977
SG_012238,0.19716654176258283
SG_012241,0.17901957537652854
SG_012243,0.1279022647445604
SG_012247,0.12633869172061366
SG_012253,0.1588972626725808
SG_012258,0.21154550986055493
SG_012260,0.18451199009708774
SG_012263,0.11965981143558523
SG_012264,0.19084325040009192
SG_012266,0.2407505885882003
SG_012270,0.1192071086267527
SG_012272,0.11017999217156603
SG_012276,0.17419110786547773
SG_012277,0.12320354064994934
SG_012278,0.17523990912841933
SG_012279,0.21332237016339392
SG_012280,0.20787628038317835
SG_012281,0.24861222828614252
SG_012283,0.19785327994496965
SG_012284,0.2070023439334891
SG_012285,0.1422344760638606
SG_012290,0.19183182184725123
SG_012293,0.15097278788244853
SG_012301,0.22638286849357614
SG_012305,0.21989486785623039
SG_012307,0.18888702688875272
SG_012308,0.18081569021624055
SG_012310,0.1864140259607503
SG_012312,0.3032553094816339
SG_012313,0.12610753800597468
SG_012316,0.1966575236047191
SG_012321,0.14731406770112113
SG_012322,0.20506015582618026
SG_012326,0.1682552625845446
SG_012334,0.14998098442150856
SG_012336,0.14031590024929846
SG_012337,0.13325583506195995
SG_012339,0.27509169931636807
SG_012340,0.14870333928307455
SG_012345,0.11686389424579652
SG_012355,0.21557979928802315
SG_012362,0.20183527476711818
SG_012363,0.17294335754505513
SG_012368,0.2380109141679469
SG_012375,0.15155007601152515
SG_012378,0.10323706304095454
SG_012381,0.12573717714424382
SG_012384,0.12292677215017182
SG_012390,0.15716037549811204
SG_012393,0.13704351600112438
SG_012397,0.1253417228732005
SG_012400,0.13307014189619923
SG_012402,0.17433636736161612
SG_012410,0.16423126597740748
SG_012414,0.13298858198191282
SG_012419,0.14154585060743058
SG_012420,0.27397082868754935
SG_012422,0.1787034620129644
SG_012423,0.20406223803453996
SG_012424,0.11251094239723633
SG_012427,0.11661939580855679
SG_012432,0.1902336575147668
SG_012436,0.22847110554227676
SG_012437,0.22117890153585607
SG_012438,0.26230015421102815
SG_012444,0.1443967859694062
SG_012446,0.10757793320977617
SG_012452,0.3067118166070447
SG_012453,0.12716123944535035
SG_012456,0.14114234975619674
SG_012459,0.10541565761345836
SG_012468,0.12251813700924936
SG_012470,0.1429900134158377
SG_012480,0.1448688373898612
SG_012484,0.1337817360970054
SG_012489,0.1105239990377456
SG_012493,0.15890425864576296
SG_012495,0.208053742960992
SG_012499,0.23615643880146178
SG_012501,0.1114917170696534
SG_012502,0.11202862782688958
SG_012504,0.20418680631177047
SG_012506,0.12537880190164094
SG_012509,0.30933120860093827
SG_012510,0.2568648935267266
SG_012513,0.15265619236225114
SG_012519,0.21477492739723456
SG_012520,0.1873243339454274
SG_012521,0.11116305798586934
SG_012525,0.1392849700101121
SG_012527,0.15803560966991873
SG_012531,0.1574410123531298
SG_012533,0.3171294341542407
SG_012538,0.14115863935941134
SG_012539,0.27027802549126656
SG_012548,0.15918771673997711
SG_012550,0.20312455612795746
SG_012552,0.1482836075312001
SG_012556,0.12268032319300927
SG_012561,0.2410684745943668
SG_012562,0.10741520582378779
SG_012563,0.18248566768599436
SG_012564,0.17921438328714767
SG_012567,0.10193513540355988
SG_012568,0.22753179833536868
SG_012571,0.19487531661596522
SG_012575,0.1157211847057243
SG_012579,0.17760983463842664
SG_012588,0.13756544267329135
SG_012591,0.1299316148075772
SG_012594,0.1600714132533962
SG_012596,0.12080781623488415
SG_012600,0.2162371478333735
SG_012601,0.13251399323148016
SG_012603,0.1221666258129219
SG_012606,0.12150442357046645
SG_012609,0.27427633396548673
SG_012610,0.11699724689838388
SG_012615,0.1196528555522925
SG_012616,0.13987683314452246
SG_012619,0.1363301464571346
SG_012623,0.20062186995996767
SG_012628,0.16405778248267647
SG_012630,0.19193033936863763
SG_012632,0.21206081864053203
SG_012636,0.18701365807180115
SG_012640,0.09278124776685012
SG_012643,0.21744773725310584
SG_012648,0.2487189144954119
SG_012651,0.1762302723777234
SG_012654,0.15453787732846824
SG_012660,0.2530041161625397
SG_012661,0.2672179225326598
SG_012663,0.1342345366550437
SG_012669,0.11656728679808193
SG_012674,0.17532500047061664
SG_012680,0.16770915885059304
SG_012684,0.2012852475044699
SG_012688,0.1828506339129754
SG_012690,0.1995034898319432
SG_012697,0.1799004011484428
SG_012699,0.16850572937019115
SG_012701,0.12829162254348603
SG_012705,0.2011198994152415
SG_012709,0.16269508172632802
SG_012710,0.24991911675142398
SG_012715,0.1577580040207458
SG_012716,0.1657810869657563
SG_012718,0.19336385920370458
SG_012723,0.13728272352554213
SG_012724,0.14144888570795647
SG_012730,0.16481441826894833
SG_012734,0.2308867799204558
SG_012736,0.20131088690290644
SG_012738,0.10807549013874874
SG_012747,0.15289830937917248
SG_012749,0.20534742578871826
SG_012750,0.10516212280078455
SG_012753,0.2214699432550935
SG_012754,0.26165929223733836
SG_012757,0.1355366061698253
SG_012763,0.1410275997420724
SG_012764,0.11419882853300511
SG_012767,0.21355402354190478
SG_012768,0.20231217650469188
SG_012773,0.12855568233916922
SG_012775,0.129651680618405
SG_012777,0.21739832745354226
SG_012786,0.16085333204664842
SG_012787,0.24431164791986076
SG_012792,0.1857108242201631
SG_012797,0.16807935398920268
SG_012805,0.14986748570397104
SG_012808,0.18130647065788555
SG_012810,0.230404548461052
SG_012819,0.24624384937280797
SG_012821,0.2725765459524473
SG_012822,0.20194462882805245
SG_012831,0.12411609049924367
SG_012844,0.16856194496411073
SG_012845,0.11056605429153651
SG_012848,0.1017752309472957
SG_012849,0.185020855623802
SG_012851,0.18395908015580473
SG_012859,0.11136239083788534
SG_012861,0.18491430034087544
SG_012869,0.23924044539697017
SG_012870,0.15970187046941142
SG_012873,0.17375792223085276
SG_012874,0.1906042167152456
SG_012883,0.1368845810695684
SG_012886,0.1742816166733283
SG_012887,0.12141699635055443
SG_012888,0.15029459486982832
SG_012891,0.11948645553773625
SG_012898,0.18093342707894033
SG_012905,0.21026844538366302
SG_012910,0.2650534834301856
SG_012913,0.13223598137581047
SG_012918,0.25588383644939083
SG_012919,0.15948546101824732
SG_012920,0.12464775372499107
SG_012923,0.12162364916054667
SG_012924,0.1935749060765426
SG_012926,0.2678965565709384
SG_012936,0.22600017616833235
SG_012938,0.20155788144748166
SG_012940,0.1361875978605739
SG_012945,0.14585002282695078
SG_012949,0.1384903869027204
SG_012958,0.17969475572376495
SG_012962,0.1570209539239385
SG_012967,0.13581243357865336
SG_012968,0.1392194203904645
SG_012970,0.1179777595293811
SG_012972,0.1601045713178639
SG_012978,0.14266510523455483
SG_012979,0.1515664758439284
SG_012980,0.2681163233805282
SG_012981,0.2359566651176067
SG_012983,0.18271713546842805
SG_012984,0.2366984510409486
SG_012989,0.1815877702414723
SG_012994,0.12636000522794621
SG_012997,0.1474222867425883
SG_013002,0.17446035850718286
SG_013009,0.17508820514475004
SG_013017,0.1183626514167391
SG_013023,0.2777546425351423
SG_013028,0.1313659969342145
SG_013030,0.1476222598865214
SG_013033,0.19921945435110308
SG_013042,0.18218984705005062
SG_013043,0.13469396989964014
SG_013045,0.18827983283634478
SG_013063,0.17695657360307426
SG_013064,0.1571910181084871
SG_013065,0.12819181536982846
SG_013068,0.2168674572704017
SG_013070,0.1285321560227442
SG_013071,0.1364598526398793
SG_013072,0.22647008927548096
SG_013077,0.14194372005790562
SG_013080,0.2552888611567078
SG_013082,0.19155781798719204
SG_013083,0.16335503868889417
SG_013085,0.2622738625979545
SG_013086,0.138822971875495
SG_013093,0.12780438493511717
SG_013094,0.15368492911951395
SG_013096,0.22686149366365405
SG_013104,0.24172108960811442
SG_013108,0.12820678576231295
SG_013111,0.1339344179588809
SG_013112,0.1731892763578064
SG_013115,0.16588981568595976
SG_013117,0.18941287415656707
SG_013125,0.09914734558788041
SG_013127,0.15066291440867766
SG_013135,0.16672705305906638
SG_013138,0.22303442994052713
SG_013139,0.11778467426947628
SG_013141,0.23578581934123827
SG_013149,0.1998457200601327
SG_013150,0.22237956892539926
SG_013157,0.1902762297515398
SG_013159,0.2394047970653133
SG_013166,0.17099998250324444
SG_013172,0.19425986834946235
SG_013177,0.17110400274837984
SG_013178,0.14334835552443703
SG_013187,0.12624308108169857
SG_013196,0.18800334620256434
SG_013201,0.3070402804996133
SG_013202,0.11395219730326028
SG_013212,0.12441181267535538
SG_013219,0.20288832322453826
SG_013222,0.11767077549518003
SG_013223,0.20796152704839427
SG_013224,0.2409618145651143
SG_013233,0.1375187660915764
SG_013237,0.1136023950003193
SG_013245,0.1403057072680064
SG_013249,0.14527398160898683
SG_013250,0.1383239858044372
SG_013260,0.1694297555956581
SG_013264,0.1363218955944033
SG_013266,0.16657162820132115
SG_013267,0.29068440203593354
SG_013269,0.1241506647774823
SG_013273,0.2438262200636602
SG_013276,0.10478397799372909
SG_013280,0.18526320038016356
SG_013281,0.1776906233851554
SG_013282,0.12227102764638102
SG_013288,0.24132642987952502
SG_013292,0.15153770288661148
SG_013294,0.20292282738680037
SG_013297,0.11776533427442668
SG_013304,0.11481968808878579
SG_013311,0.1425723036773949
SG_013313,0.20201480486667342
SG_013314,0.14668373825187167
SG_013315,0.15471284170760358
SG_013317,0.276512244943652
SG_013321,0.1911439811923095
SG_013323,0.14736427808751543
SG_013327,0.12078976511668481
SG_013328,0.13185924073765862
SG_013332,0.13468399041347007
SG_013337,0.12974377751215985
SG_013338,0.13071006065035412
SG_013339,0.10419116121507196
SG_013340,0.16836573643836997
SG_013342,0.10482072756045342
SG_013344,0.10701140539593361
SG_013345,0.1861767076510575
SG_013347,0.20944452328890734
SG_013348,0.11286503515683383
SG_013356,0.2173789170048482
SG_013358,0.17832606651750327
SG_013359,0.232603640669044
SG_013360,0.12353546051101516
SG_013361,0.11389582664060643
SG_013362,0.2565352918207012
SG_013366,0.1422101965603804
SG_013371,0.2544611405691362
SG_013372,0.15023153454160043
SG_013374,0.25958759564006545
SG_013380,0.10707597976673666
SG_013383,0.20595388142677826
SG_013384,0.121814379771051
SG_013391,0.20891687856408098
SG_013392,0.14862913388770324
SG_013393,0.21517780632336755
SG_013396,0.25251344454747776
SG_013400,0.2331132209526284
SG_013404,0.1475665422619524
SG_013412,0.13776967488440062
SG_013413,0.24679525373229919
SG_013414,0.1099211938432918
SG_013418,0.23109958993737453
SG_013420,0.12836774864715605
SG_013421,0.18365570815858293
SG_013424,0.1814697876142338
SG_013427,0.17539905697637714
SG_013430,0.2581627512681903
SG_013435,0.24937059958210664
SG_013438,0.20373044925983808
SG_013440,0.18571583133505035
SG_013443,0.22673148190049225
SG_013444,0.1626245213693291
SG_013446,0.10470221181076
SG_013447,0.1249481414796451
SG_013452,0.12511891736681868
SG_013454,0.24352578198594457
SG_013456,0.13354254712929015
SG_013462,0.17516136940952465
SG_013463,0.23027255271940786
SG_013464,0.16074489495735383
SG_013468,0.1212906333045742
SG_013472,0.14096205321278846
SG_013474,0.21843774760719828
SG_013477,0.12891089548901644
SG_013480,0.11538184022796555
SG_013485,0.1253923939262124
SG_013486,0.1869108257324004
SG_013487,0.17311142617892425
SG_013491,0.20294514908444836
SG_013495,0.18041811837756602
SG_013499,0.12893091719698907
SG_013504,0.2668117989991048
SG_013508,0.17990373178501062
SG_013509,0.11909521879542656
SG_013515,0.1920164897054839
SG_013523,0.11842205553436251
SG_013528,0.1628336306220336
SG_013538,0.16825006389274824
SG_013542,0.15323495371793713
SG_013543,0.14602019461173074
SG_013544,0.1879766796112746
SG_013545,0.24145092456816428
SG_013546,0.1257714507848449
SG_013548,0.27633362140947976
SG_013549,0.19731571808794768
SG_013552,0.25338408260851425
SG_013553,0.22704890768769562
SG_013554,0.19743898606788476
SG_013557,0.13129996269541971
SG_013558,0.18199891903069204
SG_013561,0.24390796448473495
SG_013563,0.1640577891073986
SG_013565,0.15455920444610732
SG_013567,0.12081064469816558
SG_013568,0.12485978501621338
SG_013571,0.2278512948068174
SG_013574,0.1815907109208341
SG_013575,0.11947926014801666
SG_013578,0.21409101575480266
SG_013579,0.2020172631238021
SG_013580,0.1950879007027158
SG_013586,0.12591368162586758
SG_013588,0.16206745337459313
SG_013591,0.15715061710580855
SG_013598,0.31055934408760305
SG_013601,0.21960939451398293
SG_013602,0.23090439713576302
SG_013604,0.15589532243407722
SG_013608,0.15909400550966651
SG_013610,0.13379790240441564
SG_013612,0.18709408105177053
SG_013613,0.13740146537005615
SG_013616,0.12498234869552297
SG_013619,0.14361791230696125
SG_013624,0.22913642364135317
SG_013626,0.2714305473524994
SG_013628,0.2028503682897692
SG_013629,0.12492079742769538
SG_013633,0.1349689545079795
SG_013635,0.1120850121840629
SG_013637,0.16713606390191485
SG_013638,0.1795739830166031
SG_013639,0.17625367136645417
SG_013641,0.16886770987373714
SG_013646,0.17966328246064484
SG_013653,0.13134399810752617
SG_013667,0.14957567493093252
SG_013668,0.1659741660969886
SG_013670,0.1704079125717646
SG_013675,0.16519954417601176
SG_013677,0.16933322284369687
SG_013678,0.17389848783223663
SG_013681,0.21877826660116223
SG_013682,0.2646053888860603
SG_013683,0.18989632257621564
SG_013684,0.16847122045183663
SG_013685,0.14277772341036873
SG_013686,0.17418813996886548
SG_013690,0.159995944341945
SG_013695,0.11289869880908458
SG_013705,0.16674006552185772
SG_013706,0.11489680638734209
SG_013708,0.10477256197052556
SG_013711,0.11951453702857381
SG_013713,0.19985951761372805
SG_013715,0.15589341603263343
SG_013716,0.20487541653202274
SG_013726,0.18971314152796787
SG_013727,0.11718846593344515
SG_013728,0.15685816106515116
SG_013731,0.11075684697216309
SG_013733,0.10387640020948716
SG_013737,0.16359587330622993
SG_013740,0.19860252048630003
SG_013741,0.17039893358735547
SG_013744,0.11612873759364384
SG_013745,0.2202527065264967
SG_013746,0.11007446165614093
SG_013747,0.15181041223526845
SG_013749,0.18590779522915582
SG_013755,0.12793676033212825
SG_013759,0.1951549621927158
SG_013765,0.14932569116821776
SG_013766,0.19244211896733257
SG_013769,0.13541617105999595
SG_013773,0.24065794055066525
SG_013785,0.13275118177614845
SG_013793,0.11256098479677966
SG_013800,0.11732006065363373
SG_013808,0.16375957220453838
SG_013815,0.20259865690893403
SG_013827,0.14289324796611247
SG_013840,0.14543774605764792
SG_013841,0.11334128823124946
SG_013842,0.14482728058433209
SG_013844,0.2177579079497307
SG_013845,0.14125495536483285
SG_013849,0.12192334225361579
SG_013850,0.14719469027868623
SG_013851,0.11073358869246656
SG_013853,0.16838833618536272
SG_013854,0.13315232214300496
SG_013855,0.1448159798064676
SG_013857,0.21892041485766353
SG_013860,0.2561081322672663
SG_013862,0.22905639234522196
SG_013867,0.23918389999257975
SG_013868,0.13049384685644388
SG_013870,0.14273955944315014
SG_013883,0.12269629386048087
SG_013884,0.12878624568727487
SG_013885,0.22782903632877094
SG_013892,0.24640798004595021
SG_013896,0.11943365687303743
SG_013898,0.15642342510438018
SG_013901,0.22241694671674098
SG_013905,0.17579468274756843
SG_013906,0.23149314183523198
SG_013907,0.14010811526003278
SG_013910,0.156967326595234
SG_013912,0.1531186922671506
SG_013914,0.1748895907867809
SG_013919,0.2430269124115707
SG_013922,0.19502636328837997
SG_013943,0.11871386542426265
SG_013944,0.15892630891791
SG_013946,0.14443093128495055
SG_013948,0.12008205426632369
SG_013949,0.14366099297498758
SG_013953,0.13600698443524317
SG_013962,0.21742915847567443
SG_013965,0.21552730843840848
SG_013969,0.1992304738760761
SG_013974,0.11453927159936826
SG_013978,0.1898385750648838
SG_013979,0.1202799536475718
SG_013980,0.2661123306499502
SG_013986,0.23079459701719335
SG_013997,0.12228421654189797
SG_014000,0.15123185854114338
SG_014004,0.10937083673720607
SG_014009,0.16811777037833264
SG_014010,0.14309914556056522
SG_014012,0.13145718228285772
SG_014014,0.225206593270166
SG_014015,0.15730920483982502
SG_014016,0.17019468815031996
SG_014017,0.2842845115101281
SG_014018,0.10709324513538711
SG_014020,0.15319046467667222
SG_014021,0.11503187566368962
SG_014022,0.169083322822398
SG_014023,0.16291600298364456
SG_014026,0.23699587936472588
SG_014030,0.17468467018190853
SG_014031,0.15650908191910676
SG_014036,0.1579191225089696
SG_014037,0.1389444383480973
SG_014039,0.1917344780859377
SG_014045,0.16880794724633302
SG_014046,0.1749573485050124
SG_014047,0.1820672743638562
SG_014050,0.11181137103765813
SG_014053,0.15791219039556714
SG_014058,0.22577227991335108
SG_014059,0.22171013526760214
SG_014062,0.1425355185412252
SG_014067,0.23380046752113443
SG_014072,0.10932026410593385
SG_014073,0.1571359165681258
SG_014075,0.18641625625900746
SG_014081,0.1631491332068726
SG_014085,0.13949694059477058
SG_014088,0.1791784877393128
SG_014096,0.24051849499819464
SG_014099,0.2333515378002334
SG_014102,0.18328336812961138
SG_014105,0.13277967495782628
SG_014111,0.26324915688187384
SG_014113,0.13444267917638453
SG_014116,0.12186829270142766
SG_014122,0.19464838804954507
SG_014123,0.13820975930429827
SG_014124,0.21823328414184617
SG_014130,0.19763313993475645
SG_014132,0.15998285532231576
SG_014135,0.2982207596994926
SG_014136,0.1448075657403518
SG_014139,0.18679885785671005
SG_014140,0.19509839332925213
SG_014141,0.19510658072814066
SG_014146,0.20618269359172647
SG_014155,0.1810991437887759
SG_014157,0.185362175356073
SG_014161,0.1589237786744182
SG_014162,0.1622491790867086
SG_014165,0.16604534200051121
SG_014167,0.27096220210577754
SG_014168,0.20323065642237836
SG_014172,0.130127193699642
SG_014176,0.11080583080289033
SG_014177,0.2777867703802281
SG_014184,0.3134981878886229
SG_014186,0.17133094120450248
SG_014188,0.16695474502307028
SG_014190,0.1251501425194714
SG_014191,0.12101971092806628
SG_014192,0.11106384574055465
SG_014194,0.24598870820380092
SG_014196,0.13444413203684547
SG_014197,0.23087891354456297
SG_014205,0.1442951219939482
SG_014210,0.1370417863360624
SG_014217,0.19406886427181114
SG_014219,0.23067332807124266
SG_014223,0.2271726792065272
SG_014235,0.11719217343886167
SG_014237,0.22041801027679303
SG_014243,0.168315235439107
SG_014248,0.24100646156203048
SG_014249,0.1709383961083363
SG_014259,0.17533187865438274
SG_014269,0.23277675738419548
SG_014270,0.20066707104074596
SG_014272,0.12461974830427626
SG_014277,0.16693532988046206
SG_014288,0.1661146201435228
SG_014290,0.1332529541023934
SG_014292,0.1969052133163457
SG_014293,0.13990014386397842
SG_014295,0.15058201904520893
SG_014299,0.1438435532879927
SG_014308,0.1833250427061784
SG_014309,0.12184400800742565
SG_014311,0.29349818359072666
SG_014314,0.23557430310757932
SG_014319,0.1176928741822138
SG_014320,0.14633109280806839
SG_014321,0.2939202038180215
SG_014328,0.20464988102163373
SG_014334,0.11058711952850023
SG_014335,0.11724324772123434
SG_014339,0.27109616092737115
SG_014342,0.11243707972613676
SG_014343,0.3230319592598955
SG_014345,0.137242924043422
SG_014363,0.13941281433912425
SG_014368,0.2015501293514238
SG_014370,0.09928173730618654
SG_014373,0.15767130884247402
SG_014375,0.13374784324069633
SG_014380,0.25534229463776714
SG_014383,0.2855869992835335
SG_014385,0.20308952597333577
SG_014386,0.18319093641652442
SG_014387,0.17772335952808557
SG_014389,0.15985774331134905
SG_014391,0.18332311636340207
SG_014394,0.26046124408620497
SG_014398,0.15670036378049543
SG_014402,0.10627427749308717
SG_014409,0.14331185336675098
SG_014411,0.17628437468622546
SG_014415,0.1993309730952884
SG_014416,0.19265330077638426
SG_014418,0.10640663367067388
SG_014425,0.12038876283536618
SG_014426,0.2526223191699854
SG_014431,0.17050075226051536
SG_014432,0.29481249962158707
SG_014446,0.16609099515500328
SG_014447,0.14685475092638783
SG_014457,0.1259327015581479
SG_014465,0.13936842766775354
SG_014466,0.132282546231136
SG_014469,0.1307295872358894
SG_014474,0.12191508550677033
SG_014484,0.13977767647120162
SG_014486,0.10233179054650195
SG_014488,0.11811158740640512
SG_014491,0.15418363212632222
SG_014495,0.2159762914940879
SG_014512,0.27101346538826865
SG_014514,0.12116510964353781
SG_014516,0.15834829365177736
SG_014519,0.11232906613696343
SG_014522,0.13341633175643236
SG_014529,0.17791024983470932
SG_014538,0.19706411929771595
SG_014544,0.17578305266148772
SG_014551,0.1467697522394408
SG_014552,0.15830725992438166
SG_014556,0.15481243985709958
SG_014562,0.1763851614643068
SG_014565,0.10710061600574028
SG_014566,0.24850411963033206
SG_014568,0.10518222815319575
SG_014569,0.10320291132549488
SG_014570,0.1972698665455977
SG_014578,0.14182330211849242
SG_014579,0.22424175101235636
SG_014581,0.17561587305387674
SG_014582,0.14505886696316053
SG_014583,0.1323664183539033
SG_014587,0.17506810085857036
SG_014594,0.13111963950403882
SG_014596,0.16188869699494193
SG_014597,0.20382853481853533
SG_014607,0.185103977555733
SG_014611,0.13677278356893272
SG_014616,0.13663286163518928
SG_014617,0.1600277784405003
SG_014618,0.1715676244001062
SG_014619,0.09772482015624558
SG_014621,0.21699338721845388
SG_014626,0.19111157699060463
SG_014634,0.1073873659592048
SG_014635,0.1897227847256468
SG_014636,0.1629221237794373
SG_014637,0.14005124572865862
SG_014640,0.14616025428796328
SG_014641,0.14699870967513246
SG_014645,0.1398159704331322
SG_014647,0.141623844353854
SG_014653,0.14255331316922043
SG_014655,0.12328010028330162
SG_014656,0.24998842661964735
SG_014657,0.24128625579733942
SG_014660,0.15187094818642968
SG_014667,0.11906037352985187
SG_014672,0.24721031253194348
SG_014677,0.1466043763360361
SG_014680,0.16582886753239384
SG_014681,0.20940754309497436
SG_014687,0.1747895733230394
SG_014690,0.17458975391626907
SG_014691,0.14941692248921906
SG_014700,0.2140666198061853
SG_014701,0.21924602921016112
SG_014702,0.2657346176008351
SG_014703,0.12421594096900969
SG_014712,0.20253166177167656
SG_014713,0.11403354800274938
SG_014718,0.10905338536126995
SG_014720,0.22697779024902828
SG_014723,0.13583517916839263
SG_014729,0.2506823562706943
SG_014731,0.16645555960431466
SG_014733,0.21568913939423762
SG_014735,0.21327328067926957
SG_014742,0.09849401719649724
SG_014746,0.11721823986499086
SG_014748,0.11165788376409776
SG_014749,0.15491491106696714
SG_014753,0.13564971920148053
SG_014754,0.12097594729252614
SG_014757,0.12087009268061054
SG_014771,0.1418748450507068
SG_014774,0.19033157859561048
SG_014777,0.12611955444002926
SG_014778,0.22128372116857245
SG_014780,0.16498299336488104
SG_014787,0.22216214852905647
SG_014800,0.16067065516803603
SG_014801,0.23058937983689562
SG_014802,0.13713886214660181
SG_014803,0.1541315373748427
SG_014808,0.11148372136080914
SG_014812,0.12860577654835628
SG_014813,0.12070775444797266
SG_014815,0.19598911205054192
SG_014824,0.10211017959717948
SG_014825,0.15358435534214585
SG_014827,0.1978934453876965
SG_014830,0.11716758500176544
SG_014834,0.12944632786073743
SG_014839,0.24966056115911198
SG_014844,0.2513965387701405
SG_014865,0.2258967658177126
SG_014866,0.1068468725416428
SG_014867,0.18187663411973407
SG_014871,0.2904356477578566
SG_014874,0.12783111774560646
SG_014875,0.22048924176008736
SG_014879,0.1296243741166783
SG_014880,0.10317754200226623
SG_014882,0.13941270328568223
SG_014885,0.20491483163033614
SG_014887,0.20990216114388843
SG_014894,0.11951508822869075
SG_014895,0.16154760303988655
SG_014898,0.1294438614970066
SG_014900,0.16774993759686604
SG_014906,0.2434262503750764
SG_014909,0.11434778283124543
SG_014914,0.18632679622415782
SG_014919,0.11640000729970018
SG_014921,0.150735828623676
SG_014939,0.29029701495586857
SG_014940,0.17843367745182662
SG_014945,0.21063804839593442
SG_014946,0.10725613089706056
SG_014951,0.22867874933904536
SG_014953,0.35546741527006503
SG_014955,0.21130832499542435
SG_014959,0.1377612018899746
SG_014961,0.19947545517426904
SG_014964,0.16535515965351805
SG_014965,0.11898524195680986
SG_014966,0.1640988596080863
SG_014969,0.20928927889410454
SG_014972,0.16913198754254616
SG_014976,0.22417515698614984
SG_014979,0.10923918926520501
SG_014980,0.20619071093525268
SG_014984,0.2101706833820039
SG_014990,0.10123902641629941
SG_014998,0.14063339538812664
SG_014999,0.14716580354239284
SG_015001,0.2283661493074439
SG_015002,0.17495150859133676
SG_015014,0.14489578985486382
SG_015015,0.1497350030623296
SG_015021,0.14928186675993046
SG_015026,0.15982849329023988
SG_015031,0.27430211208127386
SG_015036,0.13662619237952267
SG_015039,0.1271882718706013
SG_015042,0.16070577797540486
SG_015044,0.12879582706848727
SG_015046,0.23883690643913932
SG_015047,0.2113276646774257
SG_015050,0.15192860370073352
SG_015054,0.21844176063800014
SG_015066,0.13602528487011165
SG_015068,0.27534598585562303
SG_015071,0.15050653447478587
SG_015075,0.11620204754472531
SG_015076,0.1195410444759361
SG_015081,0.2039267995547823
SG_015082,0.17136450521461855
SG_015085,0.13829220111461782
SG_015093,0.2562305423660511
SG_015095,0.15192775965763458
SG_015099,0.11864037063407613
SG_015102,0.10837702504943575
SG_015103,0.2282958344128274
SG_015111,0.1618620104573902
SG_015112,0.11983705035274293
SG_015118,0.12264430270979117
SG_015125,0.14009175285619682
SG_015126,0.16227516378230405
SG_015127,0.1794742401429992
SG_015129,0.11938636512128006
SG_015134,0.1431025408523102
SG_015135,0.16137971214605143
SG_015137,0.13789822754213174
SG_015138,0.25504651663236666
SG_015144,0.16039020726973433
SG_015146,0.14131749566177598
SG_015152,0.17383335329801264
SG_015155,0.1461937795855669
SG_015158,0.2098968431058073
SG_015159,0.14549608783794704
SG_015161,0.18798709159224028
SG_015165,0.24592860937601024
SG_015167,0.2476598850129761
SG_015169,0.16454662726861133
SG_015176,0.2738430079183874
SG_015180,0.149231538930559
SG_015183,0.17061762900625332
SG_015189,0.1376757074786091
SG_015190,0.13758077520496967
SG_015192,0.13820094566018853
SG_015195,0.14279962229081652
SG_015197,0.17028698080289145
SG_015201,0.26520678253323177
SG_015202,0.14465610494176673
SG_015214,0.13280890043043328
SG_015215,0.17726464744925788
SG_015217,0.11755827355112779
SG_015222,0.1523834835292033
SG_015224,0.1294471505673786
SG_015235,0.15583910272164336
SG_015239,0.1195946950004837
SG_015246,0.13296152409342388
SG_015251,0.14614261675567158
SG_015252,0.19405383903529008
SG_015256,0.20017422270607427
SG_015257,0.1996040671330493
SG_015261,0.14818650727075555
SG_015262,0.16381365108030108
SG_015263,0.18799184127896573
SG_015269,0.14752961050864644
SG_015270,0.13271123548852864
SG_015272,0.16257729330511375
SG_015276,0.26631401511205516
SG_015277,0.1213168007469228
SG_015278,0.13586595190530723
SG_015279,0.1927700999992159
SG_015280,0.2162418892514886
SG_015283,0.1462940385512987
SG_015284,0.19749724533169563
SG_015289,0.25320501521008065
SG_015290,0.15881833199169415
SG_015294,0.16133760522362595
SG_015296,0.1275575518158894
SG_015297,0.29691343487416816
SG_015302,0.1352504182491759
SG_015304,0.2506170279520268
SG_015308,0.12799076771395268
SG_015309,0.15486980359183378
SG_015312,0.2179735436725313
SG_015317,0.23153706809574293
SG_015322,0.15513632265544644
SG_015323,0.16204710311764556
SG_015326,0.1511616718141131
SG_015329,0.1171087951896744
SG_015337,0.127005400849302
SG_015339,0.18110570091568065
SG_015340,0.12960576778584038
SG_015341,0.1873523348390466
SG_015346,0.2214434729830965
SG_015348,0.16531458941940705
SG_015349,0.18177121983085567
SG_015351,0.2322806611102955
SG_015355,0.12845560264930703
SG_015356,0.16885772120985842
SG_015360,0.13891889434764032
SG_015361,0.1859328114645444
SG_015362,0.2518373658450719
SG_015363,0.12562110176109217
SG_015369,0.15069645228875364
SG_015372,0.15532034563754427
SG_015375,0.12409719062446356
SG_015381,0.18502196162780923
SG_015382,0.12294895700227522
SG_015383,0.132446139788931
SG_015384,0.19407021170345817
SG_015388,0.16631459224976497
SG_015395,0.1174745570232618
SG_015397,0.16865882195898488
SG_015399,0.21094912605095564
SG_015400,0.2419615378738623
SG_015401,0.14948351324732717
SG_015402,0.1869230500791122
SG_015403,0.2043654308860576
SG_015406,0.2254951944111104
SG_015412,0.20342140776911916
SG_015421,0.2874410774448863
SG_015424,0.14857400614989577
SG_015425,0.14614939664764254
SG_015428,0.21684718317912427
SG_015430,0.18777619220778458
SG_015431,0.1671844746491974
SG_015439,0.1283464077526717
SG_015440,0.1022535199218573
SG_015446,0.2126990141630171
SG_015447,0.12966475409114378
SG_015448,0.1126072506309536
SG_015452,0.1401432312709741
SG_015454,0.25713007666982307
SG_015458,0.22759556914649365
SG_015462,0.1648185396578634
SG_015463,0.2333380661755533
SG_015464,0.1543637458430997
SG_015466,0.13369751573166228
SG_015467,0.20245019028814024
SG_015470,0.13042111924787703
SG_015473,0.13073116005291863
SG_015479,0.12321149075283562
SG_015481,0.18314762538965426
SG_015483,0.15970629495042402
SG_015492,0.20640328578447645
SG_015495,0.1301075236826815
SG_015498,0.22271247883629328
SG_015503,0.15277018762137623
SG_015507,0.16313246421196834
SG_015512,0.13465066156129715
SG_015514,0.17026819703492874
SG_015517,0.19779456977166598
SG_015520,0.20754782891466844
SG_015524,0.13625334869553477
SG_015526,0.13411993814635398
SG_015527,0.1232790329443107
SG_015535,0.1293569748519918
SG_015537,0.18822268690593721
SG_015538,0.17971112333825368
SG_015540,0.23005889764003606
SG_015542,0.11457173150101344
SG_015543,0.23752064653056823
SG_015544,0.1543150576746551
SG_015546,0.2478835558068737
SG_015547,0.1448214006057282
SG_015550,0.14856469116637913
SG_015556,0.13102132311239398
SG_015558,0.17866575001882393
SG_015559,0.18750381059925667
SG_015560,0.1560969844750297
SG_015562,0.12790100349678293
SG_015565,0.12987138516797786
SG_015568,0.24603804652759356
SG_015572,0.1458998167011779
SG_015576,0.1016608266618346
SG_015578,0.1016118516989798
SG_015580,0.14692170055931542
SG_015582,0.13208151460756876
SG_015584,0.15414863616706634
SG_015585,0.20384197984270494
SG_015586,0.13042263356380918
SG_015587,0.13268350844875917
SG_015589,0.2214209021775135
SG_015590,0.12766472958716216
SG_015591,0.1966361474408686
SG_015593,0.18816593063651912
SG_015597,0.1612686827390892
SG_015598,0.18369855336542112
SG_015600,0.26648799369630805
SG_015606,0.22979958755438135
SG_015613,0.1990666562170783
SG_015615,0.24048150815790342
SG_015617,0.12972475755541094
SG_015619,0.1290839183156498
SG_015623,0.1568217563898876
SG_015627,0.23613992366142791
SG_015637,0.12433716114703988
SG_015641,0.20422707763515516
SG_015644,0.20398668455883842
SG_015649,0.1331449133319877
SG_015654,0.2217279074305247
SG_015655,0.23917721270572204
SG_015656,0.12001740636803274
SG_015659,0.1484640816118088
SG_015662,0.2852021432522356
SG_015664,0.13463870502662473
SG_015671,0.27622220307139705
SG_015675,0.109329240559598
SG_015678,0.1390012126170535
SG_015680,0.15187246366498972
SG_015681,0.11938743061619732
SG_015682,0.1952534212592275
SG_015684,0.10821662924695856
SG_015693,0.22616570517431925
SG_015708,0.28716440176167607
SG_015715,0.15372799034855614
SG_015716,0.1896083677329078
SG_015718,0.11471974574584767
SG_015721,0.18809546562464183
SG_015724,0.18272563106098905
SG_015726,0.20822760677985266
SG_015729,0.142422482586585
SG_015730,0.23268921696109973
SG_015735,0.1178668725185779
SG_015738,0.22281771180581972
SG_015743,0.12607770294832837
SG_015744,0.11433989186489112
SG_015746,0.1222384598169243
SG_015756,0.15393609282747495
SG_015762,0.13648578974915113
SG_015763,0.17396702842750317
SG_015766,0.16207743571041655
SG_015769,0.22757370848501746
SG_015770,0.13834640056480124
SG_015772,0.13704345937862752
SG_015773,0.2206208125494985
SG_015780,0.12498453670018217
SG_015790,0.17249463477263594
SG_015797,0.14503283805512798
SG_015806,0.1214204512812058
SG_015810,0.2550465661508488
SG_015815,0.13106287150784773
SG_015817,0.2272851362054961
SG_015818,0.19739103845763464
SG_015819,0.14868605417941286
SG_015820,0.15383813166802845
SG_015827,0.20099300287267555
SG_015828,0.11442177842502022
SG_015829,0.16891157778636837
SG_015832,0.14858400388972437
SG_015833,0.20476688759005632
SG_015834,0.10812050844219477
SG_015838,0.21863261704274015
SG_015840,0.12358984577151216
SG_015842,0.15981102194241356
SG_015845,0.13455415145522753
SG_015849,0.14523646412329422
SG_015857,0.17517363631448768
SG_015859,0.09695363041684141
SG_015860,0.2750788412781332
SG_015867,0.14232786097319722
SG_015873,0.18243967281791063
SG_015878,0.19246611311550496
SG_015879,0.10729475391085778
SG_015880,0.23219016662695563
SG_015881,0.1067927304545827
SG_015884,0.12180683775348274
SG_015885,0.1275302004575586
SG_015891,0.22941942498942525
SG_015893,0.19508089708739523
SG_015898,0.18836403357936046
SG_015900,0.21331255731982035
SG_015901,0.11420252859739069
SG_015907,0.12790888476429102
SG_015908,0.21493957138267078
SG_015910,0.26203949721843744
SG_015914,0.20323481144872813
SG_015917,0.29435818184327395
SG_015921,0.2590923628388251
SG_015922,0.18023139340634803
SG_015928,0.2330043631492441
SG_015939,0.1442040321592764
SG_015940,0.11566211386343715
SG_015942,0.24552223894844058
SG_015943,0.22314236740005988
SG_015947,0.12370592667191468
SG_015950,0.15943064741548524
SG_015951,0.20515774625447608
SG_015955,0.12253217093857129
SG_015964,0.2043137076199994
SG_015965,0.17061827699943657
SG_015972,0.1309233649307879
SG_015973,0.1597203985613892
SG_015975,0.12000559121752652
SG_015977,0.16093094596292318
SG_015978,0.21957365807122953
SG_015979,0.2488229798686286
SG_015980,0.12930591833128036
SG_015981,0.19013645378781532
SG_015985,0.2418950309613213
SG_015988,0.13240163735365565
SG_015989,0.20101650496859738
SG_015990,0.19615647883049223
SG_015998,0.28043844062355955
SG_015999,0.11412295940947398
SG_016002,0.18303451785968408
SG_016003,0.1446637308364458
SG_016004,0.18695133163633376
SG_016008,0.3273250030311415
SG_016010,0.28180147160960345
SG_016013,0.20826739319168872
SG_016015,0.1441358608193237
SG_016020,0.11534678762533083
SG_016021,0.16688514268292334
SG_016022,0.11712151842962318
SG_016027,0.18976100011850103
SG_016028,0.13171945117642372
SG_016029,0.13700988452287555
SG_016030,0.28194399715532914
SG_016045,0.14854335612006755
SG_016048,0.18590618581272506
SG_016049,0.12711709113102743
SG_016054,0.30191386808026344
SG_016056,0.18471580930712345
SG_016060,0.19904326788067714
SG_016065,0.12117431156738635
SG_016081,0.10795953702328849
SG_016085,0.11021803327020525
SG_016089,0.15090464592602254
SG_016091,0.24163715198622962
SG_016092,0.16639229470086878
SG_016101,0.2665544907043352
SG_016102,0.25253454578556267
SG_016103,0.1599979673469049
SG_016108,0.11069866415154395
SG_016109,0.18489180451845602
SG_016111,0.2565946660765265
SG_016113,0.1391615226853683
SG_016114,0.1258046281170587
SG_016115,0.13125352883976119
SG_016116,0.18425005902829633
SG_016119,0.12994105812023232
SG_016124,0.12078170280765355
SG_016127,0.13625910967328778
SG_016132,0.3136368875657663
SG_016133,0.13683859894293796
SG_016134,0.18210727992808654
SG_016138,0.128964629738889
SG_016140,0.1703748329494969
SG_016146,0.2254425192459544
SG_016147,0.13158957615005587
SG_016156,0.26619142889128866
SG_016158,0.1576960513244818
SG_016159,0.17869821207217287
SG_016160,0.10624363503865308
SG_016161,0.11985264064327436
SG_016163,0.22960703877525962
SG_016164,0.1844954141051075
SG_016165,0.2061630217389294
SG_016166,0.1530291216981185
SG_016171,0.22743961750725514
SG_016172,0.21759746181328896
SG_016174,0.14268075000361924
SG_016176,0.12896913320076767
SG_016179,0.2627010797169706
SG_016181,0.2610086361535018
SG_016183,0.10558114163968328
SG_016185,0.15410095036854266
SG_016186,0.12850117896744293
SG_016187,0.0967973528978558
SG_016188,0.2195916154461252
SG_016190,0.16358584401263968
SG_016194,0.18981686414556642
SG_016195,0.15556073823927896
SG_016196,0.2298420220816237
SG_016197,0.1838066039337214
SG_016211,0.13285349307608255
SG_016214,0.25666084442992687
SG_016215,0.17798525268333398
SG_016219,0.15227715174280615
SG_016221,0.1620863325134909
SG_016222,0.1815762920773901
SG_016224,0.15112989954592615
SG_016225,0.20384871514250485
SG_016233,0.14181215414759954
SG_016234,0.14145617650872977
SG_016235,0.12175395094347094
SG_016238,0.10623638865601392
SG_016242,0.26516622415216917
SG_016244,0.11043699027188844
SG_016245,0.10842586761708795
SG_016246,0.19790850498390272
SG_016249,0.1407422177860834
SG_016251,0.25405189140978407
SG_016252,0.2671593779580466
SG_016259,0.15569601503828706
SG_016262,0.16943935268178809
SG_016263,0.10736235292861751
SG_016268,0.1451088089671212
SG_016270,0.1285770361395036
SG_016272,0.23559932850434484
SG_016273,0.2277736241616586
SG_016275,0.24536815851898836
SG_016278,0.21915389483057407
SG_016282,0.22255159675448322
SG_016285,0.1187732665682349
SG_016289,0.18339902832672755
SG_016292,0.14719895329401425
SG_016297,0.12766389221844612
SG_016299,0.18549483970944067
SG_016310,0.15438480759589066
SG_016315,0.1455087047368076
SG_016316,0.15662032852787583
SG_016318,0.13270720892974985
SG_016324,0.12579591598255935
SG_016326,0.16634247431932878
SG_016327,0.19112598655089166
SG_016330,0.10504745497699271
SG_016331,0.2124906551641092
SG_016332,0.10222200943782322
SG_016333,0.21838372714173404
SG_016334,0.13634955428941248
SG_016337,0.1278234192554146
SG_016341,0.20997626233018726
SG_016343,0.12270324421385378
SG_016345,0.24126108037454627
SG_016346,0.11468301686276776
SG_016349,0.1849046433699464
SG_016351,0.12088340293508004
SG_016352,0.10635846420643127
SG_016354,0.17529369940686984
SG_016363,0.15061966480796873
SG_016372,0.18149627394451792
SG_016375,0.20783642872887426
SG_016382,0.1428770004617366
SG_016384,0.20332715031709567
SG_016386,0.1142277414045946
SG_016389,0.11951551573233019
SG_016392,0.16024371818190214
SG_016393,0.13328190005105067
SG_016394,0.1949590124406475
SG_016401,0.15675428378218445
SG_016402,0.11176762241523022
SG_016405,0.26344525664893803
SG_016414,0.15291220621407256
SG_016421,0.10896033054609194
SG_016424,0.18120638635893271
SG_016425,0.16833779382464917
SG_016429,0.1183435783751364
SG_016431,0.1597278625236948
SG_016432,0.1853704845482175
SG_016435,0.2728634319869374
SG_016436,0.2107011358823932
SG_016443,0.1059153806672526
SG_016445,0.14876395285916513
SG_016450,0.20610833244018642
SG_016452,0.13170130298388052
SG_016456,0.2888102537768064
SG_016462,0.11451541264463044
SG_016463,0.11189671136952595
SG_016474,0.2538806944337272
SG_016482,0.16156936834107763
SG_016488,0.14365399937939272
SG_016502,0.12005196034067195
SG_016503,0.2599195964738602
SG_016507,0.25189505566179465
SG_016508,0.11908934455855189
SG_016511,0.11649380422179556
SG_016512,0.2807471885724669
SG_016517,0.17607855570067518
SG_016518,0.2646709580937099
SG_016520,0.12826674535907756
SG_016522,0.22623272269091577
SG_016524,0.1395556303106102
SG_016526,0.2110333305796425
SG_016528,0.20286363652722456
SG_016529,0.18963788541611112
SG_016532,0.21840753073970193
SG_016535,0.1427391463918938
SG_016537,0.10853470582570207
SG_016539,0.10409795142559422
SG_016542,0.12828423915549372
SG_016545,0.14608276686761573
SG_016547,0.13585957240170113
SG_016548,0.12494667111617319
SG_016554,0.1623447285587371
SG_016562,0.20489104823779603
SG_016563,0.14319946607327463
SG_016566,0.129284010869051
SG_016567,0.18003979371846326
SG_016580,0.14534008579130517
SG_016581,0.13083204981997432
SG_016585,0.2408220720439268
SG_016600,0.1725764704905184
SG_016603,0.18743711932842436
SG_016604,0.1293643114746917
SG_016606,0.20624739125961608
SG_016609,0.1439698034734538
SG_016612,0.20615434055400184
SG_016613,0.1382757856455917
SG_016614,0.17002518266311623
SG_016623,0.12413063437748258
SG_016625,0.27569586205980445
SG_016632,0.22448816580317835
SG_016634,0.13960385458480437
SG_016637,0.1830426219390341
SG_016641,0.15943319644537485
SG_016646,0.14518085111975051
SG_016647,0.12484342533501203
SG_016660,0.11712905307123934
SG_016662,0.19252903605482016
SG_016670,0.22485778524230693
SG_016671,0.12393708793693094
SG_016673,0.12151515977976254
SG_016675,0.16041327808778522
SG_016685,0.14292749924094858
SG_016689,0.24445685985943813
SG_016690,0.15220013581733238
SG_016691,0.11006046233078517
SG_016692,0.15763970732435945
SG_016696,0.24849025174647693
SG_016698,0.10847149735808954
SG_016699,0.11838478927344886
SG_016703,0.1206976973842538
SG_016704,0.20457293416809713
SG_016705,0.24797881746867276
SG_016708,0.22807346884199375
SG_016710,0.1234725433434558
SG_016711,0.17467748536315086
SG_016714,0.168186601174795
SG_016716,0.09836083366912136
SG_016719,0.22064839814958787
SG_016720,0.1159376006612415
SG_016721,0.10648339881067173
SG_016723,0.12562392543704504
SG_016732,0.2167636720978758
SG_016733,0.22940887088346096
SG_016736,0.11289005087702828
SG_016737,0.13082245166262563
SG_016738,0.16761160699388586
SG_016741,0.24880111890542156
SG_016745,0.22658624124078638
SG_016746,0.14060413606465036
SG_016752,0.1584095551107054
SG_016754,0.12717785618141608
SG_016758,0.14051884696263875
SG_016763,0.12492573159802958
SG_016765,0.18615446811132286
SG_016769,0.13791396542208342
SG_016776,0.19565601977908395
SG_016778,0.2631790186743404
SG_016779,0.195300793974535
SG_016780,0.2447450210017213
SG_016783,0.2328287014013157
SG_016785,0.11813872641634092
SG_016786,0.19037454944837237
SG_016792,0.2387658128393048
SG_016793,0.1272553648914467
SG_016794,0.1884361942415385
SG_016805,0.1417271415702575
SG_016807,0.16743130425021566
SG_016810,0.12047077423148617
SG_016813,0.1505533213936181
SG_016818,0.1660299008028934
SG_016819,0.13080180830264496
SG_016823,0.2243802570067134
SG_016827,0.14219673744838296
SG_016828,0.13732114224048503
SG_016832,0.2153056371957902
SG_016834,0.25695764630334833
SG_016837,0.22300606742460255
SG_016840,0.137594707507265
SG_016843,0.26358671656573446
SG_016847,0.13631202055443364
SG_016849,0.12220090385654858
SG_016851,0.14689583316246763
SG_016857,0.12981801520390768
SG_016858,0.26914954863560153
SG_016859,0.22124967359389122
SG_016861,0.17751777797849763
SG_016863,0.2187680343839432
SG_016874,0.28523634424719646
SG_016877,0.1396519507853678
SG_016881,0.2718134362076588
SG_016885,0.16964532395179585
SG_016887,0.25591626363287107
SG_016888,0.19253720574983543
SG_016891,0.15935575814432454
SG_016893,0.11313990514908522
SG_016895,0.1916732075984819
SG_016900,0.15770302332835615
SG_016902,0.16895829878396051
SG_016904,0.12229965051333277
SG_016909,0.12812644101549656
SG_016911,0.19557540302754128
SG_016924,0.10780380299605258
SG_016925,0.14280744801540218
SG_016928,0.19688738658979593
SG_016937,0.1253465895726838
SG_016939,0.23568667826807393
SG_016941,0.20687426738544937
SG_016944,0.22773426404396596
SG_016946,0.13581085884278674
SG_016951,0.18470523855534068
SG_016961,0.25668691915213265
SG_016963,0.19492200042799604
SG_016967,0.1286391359274113
SG_016968,0.21338843482858982
SG_016971,0.19603166535131591
SG_016973,0.14762933565974087
SG_016974,0.12092303100699096
SG_016975,0.20286947502921993
SG_016976,0.17628410510916756
SG_016986,0.13172119354467238
SG_016989,0.2224991091608891
SG_016990,0.22109649013638621
SG_017003,0.1598157020219257
SG_017005,0.12140721867575198
SG_017006,0.11099790030730797
SG_017016,0.1607064406267567
SG_017018,0.20476905860333208
SG_017021,0.18393584230944066
SG_017026,0.14868066658675752
SG_017028,0.15512377347274578
SG_017040,0.15851055099972347
SG_017043,0.12343881892901827
SG_017044,0.20392250353955205
SG_017046,0.18659971406332052
SG_017048,0.14070645765750037
SG_017049,0.1279563837122053
SG_017050,0.1203028417596799
SG_017055,0.1657449893542017
SG_017056,0.1208397479524084
SG_017062,0.115710990623876
SG_017067,0.13384120254656598
SG_017070,0.1282078163165205
SG_017071,0.23863516295108617
SG_017076,0.16609670216918435
SG_017077,0.18509116820803406
SG_017079,0.10170229186307518
SG_017080,0.13693980175794823
SG_017085,0.19386520276740224
SG_017098,0.12610103492195965
SG_017103,0.13634232967828275
SG_017110,0.17515322832294336
SG_017111,0.2547510452997883
SG_017114,0.11158225237657138
SG_017116,0.23685346826228873
SG_017123,0.10476519912187823
SG_017124,0.20619044009218376
SG_017126,0.12194553793227672
SG_017127,0.13677998450742349
SG_017130,0.18374765832295134
SG_017139,0.21208380306394006
SG_017144,0.16990921912602364
SG_017145,0.12545082855425105
SG_017146,0.2018769933198935
SG_017154,0.15980535967720472
SG_017158,0.18405616714372197
SG_017170,0.16432762027196646
SG_017171,0.18996642214667137
SG_017172,0.11367440696203979
SG_017182,0.10116367335437473
SG_017187,0.12578215370981702
SG_017190,0.2064493865542655
SG_017192,0.14554352066602336
SG_017193,0.14169769483876166
SG_017195,0.21931732822574393
SG_017202,0.16015608242063242
SG_017206,0.15124036073031655
SG_017208,0.16600149713136428
SG_017213,0.18130669809660116
SG_017218,0.139432743526431
SG_017220,0.13674663932322986
SG_017223,0.12689286559098834
SG_017224,0.19060385645346528
SG_017225,0.1867038008619591
SG_017227,0.17444982733436162
SG_017228,0.2443819324898122
SG_017230,0.12364231618304776
SG_017232,0.20547497743464427
SG_017235,0.1959044695283682
SG_017239,0.1991692365848921
SG_017241,0.2187985575082363
SG_017245,0.1218259719657167
SG_017250,0.2686411850555248
SG_017254,0.12584156018869114
SG_017255,0.19120142241607668
SG_017266,0.1254211999356984
SG_017269,0.1358887188418098
SG_017272,0.14811266878716642
SG_017276,0.1494196328001674
SG_017279,0.1338436837035759
SG_017281,0.1217078953786103
SG_017287,0.17371792252817816
SG_017288,0.1738605479949884
SG_017292,0.20068815099384538
SG_017294,0.20778912821236667
SG_017296,0.12615149659243818
SG_017303,0.13723210337074482
SG_017304,0.20011325305622077
SG_017309,0.2669132613120517
SG_017311,0.16456000294463288
SG_017316,0.09424591303029564
SG_017317,0.17105860228856523
SG_017318,0.23143704171622187
SG_017323,0.1476160641525187
SG_017328,0.1981746135949928
SG_017338,0.21345321611872428
SG_017339,0.17319594368534916
SG_017347,0.1654202578986469
SG_017348,0.18030401559867254
SG_017349,0.15115472717385145
SG_017350,0.1293485880298086
SG_017354,0.13999159733396116
SG_017358,0.21812897581799692
SG_017360,0.12359233104038173
SG_017361,0.16276252620300471
SG_017364,0.2286988044772191
SG_017368,0.226450778580309
SG_017373,0.21428203743784482
SG_017376,0.19024464030981855
SG_017383,0.22532811097146557
SG_017385,0.12382107003652824
SG_017391,0.2070857815509003
SG_017399,0.2180452215744608
SG_017402,0.09087129682743005
SG_017405,0.12185260083715362
SG_017406,0.12837695189038997
SG_017416,0.14932724005671946
SG_017419,0.19709707623710557
SG_017421,0.15311262083806843
SG_017423,0.2287890624878002
SG_017425,0.21126110159674288
SG_017428,0.15896800346060636
SG_017431,0.2193289388148455
SG_017432,0.2521634436930501
SG_017438,0.30101234243999375
SG_017439,0.10301454347313029
SG_017445,0.10991172738412275
SG_017448,0.09881144017439276
SG_017452,0.203663723862283
SG_017454,0.19172342230764597
SG_017457,0.17091323216696502
SG_017458,0.16912831855072832
SG_017464,0.15858288066217197
SG_017465,0.1488167987010393
SG_017466,0.24880252361461558
SG_017467,0.25025049103675995
SG_017475,0.13926946199159915
SG_017479,0.15946005519369347
SG_017480,0.10067539839971608
SG_017481,0.1471914552184536
SG_017482,0.12345061084016629
SG_017484,0.17944521417425272
SG_017486,0.1577616635154207
SG_017501,0.12687684119252632
SG_017504,0.13185683246870264
SG_017507,0.1364191046008331
SG_017509,0.12363486378920413
SG_017513,0.15324503504809994
SG_017514,0.19902850990139387
SG_017516,0.10457909488291045
SG_017518,0.16139978492209012
SG_017521,0.23713648650914604
SG_017526,0.15832835821994837
SG_017529,0.14310581192931046
SG_017532,0.1308917712455678
SG_017535,0.1307344639654291
SG_017537,0.1318070539879122
SG_017538,0.15597089352738316
SG_017542,0.13531316311406605
SG_017545,0.28599204997608624
SG_017549,0.2238049780519611
SG_017557,0.1471263416698977
SG_017559,0.22031483284053038
SG_017560,0.1113504684384926
SG_017562,0.1871284028998952
SG_017563,0.23235902168039257
SG_017565,0.13509641195339314
SG_017572,0.13912001943044075
SG_017575,0.2510545434331433
SG_017577,0.1538298885631441
SG_017578,0.13567254740902282
SG_017579,0.24133180605126828
SG_017580,0.1350757050933181
SG_017581,0.2745950813964749
SG_017589,0.1806055465773139
SG_017590,0.13593526174097018
SG_017594,0.21681688647620115
SG_017597,0.18674291126879347
SG_017604,0.19436923510716417
SG_017605,0.16439280062155667
SG_017606,0.25703810228084417
SG_017607,0.13391584720700891
SG_017611,0.19104481139140145
SG_017615,0.114507865590413
SG_017616,0.1197245975125442
SG_017617,0.2247450107281928
SG_017621,0.1696676031120436
SG_017622,0.17385410728658637
SG_017629,0.1516615836666873
SG_017630,0.10114943053350388
SG_017634,0.149341496530164
SG_017639,0.1306960703314878
SG_017642,0.13864907645158228
SG_017646,0.24144178672778407
SG_017657,0.24025826499743913
SG_017658,0.1616056315929794
SG_017667,0.11433433529655523
SG_017673,0.1718167350996388
SG_017674,0.13230877543621183
SG_017677,0.11889261099402688
SG_017679,0.1273018149836262
SG_017683,0.1385181256841738
SG_017687,0.10926410835937674
SG_017689,0.24245630264263276
SG_017691,0.1354419633333701
SG_017693,0.2233671311784256
SG_017696,0.1530034048160353
SG_017697,0.16045841712803133
SG_017702,0.12927583373477172
SG_017703,0.2950268895336132
SG_017709,0.10395455288439875
SG_017714,0.1382569636985089
SG_017715,0.2154863900146374
SG_017718,0.2751629436281837
SG_017719,0.15747578310881405
SG_017728,0.2054445148040171
SG_017729,0.12940649422322528
SG_017739,0.1430254760180215
SG_017743,0.12029340992652038
SG_017745,0.11949423386714587
SG_017746,0.11420527517053373
SG_017749,0.29390342435755495
SG_017750,0.1862572635902125
SG_017754,0.12987366258499045
SG_017757,0.2450956270514323
SG_017760,0.2924897294239378
SG_017774,0.24658738695672391
SG_017775,0.10567850272154442
SG_017776,0.14484452655287544
SG_017777,0.24161410480471093
SG_017778,0.14035508883242104
SG_017781,0.2030882631684839
SG_017782,0.27324647277925646
SG_017789,0.1724210742704086
SG_017795,0.20978145836160036
SG_017798,0.1851600092822875
SG_017811,0.15234161327897827
SG_017817,0.1580849059295471
SG_017819,0.2910446813979369
SG_017822,0.2529530649218251
SG_017827,0.14019170191689606
SG_017830,0.2888393266146042
SG_017832,0.12907255895951197
SG_017834,0.23118706493747015
SG_017838,0.21498697943401546
SG_017840,0.22669011243873333
SG_017847,0.17677592447744697
SG_017851,0.1959210493114617
SG_017855,0.2658487263629548
SG_017862,0.09519218619766438
SG_017865,0.13183566223868373
SG_017866,0.13253632204391574
SG_017867,0.18378108742143945
SG_017878,0.15889070937127653
SG_017879,0.12265348460211167
SG_017880,0.1441661870775102
SG_017881,0.10315442428763923
SG_017882,0.16858323044719337
SG_017886,0.15262633822865573
SG_017888,0.13237172544069922
SG_017889,0.1419979516762678
SG_017895,0.21793630427250285
SG_017900,0.17043791223787494
SG_017902,0.18110611773108534
SG_017907,0.24500929961124115
SG_017909,0.1980846122831318
SG_017910,0.14312751946730706
SG_017913,0.2044572613008252
SG_017914,0.2193986815874484
SG_017917,0.17751383130525147
SG_017918,0.25941958922863034
SG_017919,0.12346264359069457
SG_017920,0.16807084747227224
SG_017936,0.13049935647688654
SG_017938,0.17175724096145692
SG_017945,0.25027454362153084
SG_017947,0.13557836777334265
SG_017949,0.16658435903483132
SG_017956,0.2098659004709815
SG_017958,0.21479012790109958
SG_017960,0.16394599869672308
SG_017965,0.1129863280152929
SG_017971,0.25223445797562444
SG_017973,0.24052222199984188
SG_017978,0.2225151920573723
SG_017981,0.11991404849579251
SG_017985,0.22471919412332264
SG_017987,0.25137776955082564
SG_017991,0.19821706459427288
SG_017992,0.22315438373415689
SG_018002,0.15912366778076636
SG_018003,0.28972676290444527
SG_018005,0.17392995983858547
SG_018014,0.13096148405872363
SG_018015,0.14293163896814204
SG_018016,0.14266550258832286
SG_018017,0.26364531467247265
SG_018024,0.12230587801680612
SG_018028,0.20377030138711577
SG_018032,0.18414365122070667
SG_018033,0.16445623659620964
SG_018037,0.15203835058896412
SG_018040,0.13142568833369356
SG_018042,0.14368825179758735
SG_018046,0.14063772128528357
SG_018050,0.3109737587641981
SG_018055,0.21579682919179988
SG_018056,0.17601211467206934
SG_018061,0.14526024509234406
SG_018063,0.22879316331947647
SG_018064,0.1892021788126161
SG_018067,0.13889076827397506
SG_018072,0.1778667955339248
SG_018073,0.22608192155126203
SG_018074,0.22484768672802438
SG_018076,0.23528673741004436
SG_018080,0.11294025376105402
SG_018084,0.1721099428939238
SG_018088,0.24028616253841326
SG_018090,0.16249522189777355
SG_018092,0.20756141719560323
SG_018094,0.22162394597576626
SG_018096,0.13894442246292119
SG_018100,0.19922234589423196
SG_018109,0.2213992287778556
SG_018111,0.10441124665727784
SG_018120,0.2432705613630771
SG_018124,0.33580553155292947
SG_018125,0.16299573406973167
SG_018130,0.1607636622788227
SG_018132,0.1574825888671939
SG_018134,0.11818375559365436
SG_018140,0.16529854512532394
SG_018144,0.11695381199318275
SG_018146,0.20627757768577018
SG_018150,0.16482697870400728
SG_018154,0.2737611521650893
SG_018155,0.13692752637013034
SG_018160,0.09653145681940324
SG_018165,0.13857334684019385
SG_018166,0.13576330761529384
SG_018170,0.13527849719085416
SG_018174,0.18066415355415363
SG_018175,0.11204168488485922
SG_018178,0.17679749704023198
SG_018181,0.21584939485806318
SG_018186,0.1972026346211933
SG_018188,0.13942962713054172
SG_018195,0.11919770126982078
SG_018198,0.19916998407911204
SG_018201,0.09130427875978686
SG_018206,0.2850234847326095
SG_018208,0.12851042864509266
SG_018214,0.2558674947691359
SG_018215,0.25895965251100056
SG_018216,0.24697156258620784
SG_018221,0.2164692522709721
SG_018224,0.13003341386072703
SG_018228,0.15152782942814266
SG_018229,0.11724581105846692
SG_018238,0.11987949923695376
SG_018241,0.12786981724079324
SG_018246,0.1294669401933925
SG_018247,0.12518004292800772
SG_018252,0.24924558327675322
SG_018253,0.16911450995217187
SG_018259,0.23707311875787335
SG_018261,0.12104302098360983
SG_018263,0.22673615866217733
SG_018266,0.14234979460586808
SG_018269,0.1729962522808708
SG_018270,0.1331613703110866
SG_018276,0.14704787098638292
SG_018278,0.1454925867319429
SG_018281,0.13798174418609044
SG_018282,0.1498886958233654
SG_018284,0.17799040252205492
SG_018286,0.1224574400185237
SG_018287,0.14315159650656284
SG_018294,0.10949192302738925
SG_018297,0.1319478475291232
SG_018303,0.21104719816463952
SG_018305,0.21025672114689156
SG_018307,0.10715139349170459
SG_018312,0.16512856865385736
SG_018316,0.17057035256741435
SG_018321,0.12287981513787713
SG_018322,0.1637522459107937
SG_018325,0.09729302868649832
SG_018327,0.12208042226133566
SG_018330,0.1443524221012937
SG_018334,0.22726188396782704
SG_018336,0.16865173491702623
SG_018338,0.22733364507993947
SG_018341,0.13217999968007432
SG_018342,0.22641163297948727
SG_018347,0.14603882514964733
SG_018348,0.22015276097617661
SG_018351,0.15806422183887794
SG_018360,0.32338721915055646
SG_018361,0.13745428293301354
SG_018364,0.24947712096198996
SG_018366,0.25373781852263366
SG_018368,0.21635344753907612
SG_018372,0.17851915456387413
SG_018379,0.12691135098995152
SG_018381,0.14472952441760376
SG_018386,0.15219440215155927
SG_018387,0.20378822838405403
SG_018388,0.1833039271857243
SG_018394,0.2843893300605065
SG_018407,0.1354126223454865
SG_018410,0.22752755927009632
SG_018411,0.14636272205212777
SG_018417,0.14315112894329338
SG_018418,0.14968849451994004
SG_018420,0.14564340164686898
SG_018422,0.19939881384403826
SG_018424,0.1674768934534886
SG_018426,0.11261059244311741
SG_018427,0.14839908657559364
SG_018430,0.13554368991471774
SG_018433,0.22079366744389695
SG_018434,0.1850166046742347
SG_018436,0.21822241826261987
SG_018441,0.1656100833634496
SG_018442,0.1671847025948157
SG_018445,0.1831923386369813
SG_018448,0.13640465631348528
SG_018452,0.09276920913719028
SG_018455,0.19800517894042724
SG_018458,0.11624977843517482
SG_018462,0.24647847042414966
SG_018468,0.13583990969287085
SG_018469,0.18071655536801054
SG_018470,0.17275522786377706
SG_018471,0.16644810520026476
SG_018472,0.1689550075588904
SG_018474,0.09926199593287255
SG_018476,0.2067435254643562
SG_018481,0.20857505700346315
SG_018485,0.1524808298881003
SG_018487,0.188807194874113
SG_018490,0.12555320103305795
SG_018491,0.15900213473947064
SG_018493,0.15673280880464283
SG_018494,0.14903755685818004
SG_018497,0.14691031556939568
SG_018501,0.10972046788046655
SG_018503,0.1252299062362655
SG_018505,0.13884277550849702
SG_018506,0.16299769627171515
SG_018510,0.19101663120397355
SG_018511,0.14204212542418662
SG_018514,0.1303091080793625
SG_018519,0.15261706121452567
SG_018520,0.09924554534973933
SG_018524,0.14361237897204168
SG_018525,0.10602069458610817
SG_018526,0.12245373637072289
SG_018529,0.14511274936934682
SG_018531,0.1522041142578414
SG_018534,0.15414264062972338
SG_018536,0.14256388238746376
SG_018537,0.20855951896366778
SG_018543,0.20477037008776486
SG_018544,0.19712089959953685
SG_018547,0.14569430901707592
SG_018548,0.14370170061748366
SG_018549,0.1726811844224752
SG_018553,0.11303759376588195
SG_018555,0.21441948712153552
SG_018558,0.15203684098460554
SG_018566,0.13115183879128026
SG_018568,0.20900376384902883
SG_018569,0.12265242555046574
SG_018573,0.16071510932099256
SG_018576,0.14569744356105957
SG_018579,0.10106300659027793
SG_018587,0.15697877133513727
SG_018591,0.14235151808921487
SG_018594,0.1233144530572802
SG_018601,0.2409706174496903
SG_018603,0.19695557649486892
SG_018608,0.1725688919490743
SG_018611,0.16933743588958314
SG_018612,0.20462160021388162
SG_018615,0.12554936029806105
SG_018617,0.11729719583945317
SG_018621,0.19842771118030436
SG_018623,0.18898581840623677
SG_018624,0.23300162686727727
SG_018631,0.1230029195670124
SG_018636,0.1477132025960458
SG_018637,0.14765846317086218
SG_018639,0.3060756516619
SG_018644,0.1371077291532986
SG_018645,0.27357476450503143
SG_018647,0.2627422440716281
SG_018650,0.2032713135353459
SG_018651,0.10871836094986669
SG_018662,0.23388848457271244
SG_018663,0.1837771545426676
SG_018664,0.2067908766846118
SG_018665,0.15101341134598925
SG_018670,0.24842860585069804
SG_018676,0.16678323577266924
SG_018677,0.09983385637950595
SG_018678,0.20805285859964281
SG_018680,0.12826610638030878
SG_018685,0.16157470807003704
SG_018686,0.23716139932779348
SG_018687,0.19912765787088596
SG_018688,0.1295458715534876
SG_018689,0.11151162105452622
SG_018693,0.12127602307425528
SG_018694,0.15475634457649057
SG_018697,0.1422567757808431
SG_018703,0.1314873912763002
SG_018705,0.18879033956660843
SG_018709,0.10121143315856476
SG_018710,0.2938483891947963
SG_018711,0.1956491946066942
SG_018717,0.13101798905234943
SG_018721,0.14403259900538434
SG_018722,0.14587422780802076
SG_018731,0.15841696204269257
SG_018733,0.18617798408035457
SG_018738,0.18500986243988082
SG_018744,0.18250799140342952
SG_018745,0.1572325980362206
SG_018748,0.14135137761305208
SG_018756,0.22741657161684536
SG_018758,0.18352607007528376
SG_018761,0.11229883207130545
SG_018765,0.19161523788431337
SG_018766,0.26483248381554036
SG_018767,0.12946112611970442
SG_018768,0.15193648178860186
SG_018770,0.13406749546443467
SG_018779,0.13645997219477538
SG_018787,0.13839561327257857
SG_018788,0.1863290942154752
SG_018789,0.1876963386659102
SG_018791,0.17897509250203117
SG_018792,0.14543344828623953
SG_018793,0.11690793121894481
SG_018798,0.23647622562456025
SG_018799,0.1626689224201374
SG_018800,0.12898951986855173
SG_018803,0.12232868993414003
SG_018806,0.2596002831787569
SG_018809,0.11294358456453746
SG_018811,0.19384038185663666
SG_018817,0.13988367021861808
SG_018818,0.13288339975288194
SG_018821,0.13065307739221552
SG_018822,0.12195678775676516
SG_018823,0.1348797399367794
SG_018826,0.17841604758352303
SG_018831,0.16734526403305142
SG_018834,0.14153001574160107
SG_018837,0.17490557803327691
SG_018838,0.26882685495405007
SG_018842,0.19703871884854463
SG_018843,0.2352551621731987
SG_018847,0.20837983127755733
SG_018850,0.14251631425370298
SG_018852,0.2434275751713761
SG_018853,0.12355009700469259
SG_018859,0.262432232749766
SG_018861,0.17830036940498473
SG_018875,0.206621573321136
SG_018883,0.16033735466109766
SG_018885,0.12842051557303352
SG_018889,0.17015664589597046
SG_018890,0.20635411672260792
SG_018894,0.14935220577722966
SG_018895,0.2933431423612864
SG_018899,0.12765292370064285
SG_018901,0.23297315136115396
SG_018902,0.15974715498846206
SG_018904,0.26714174341864244
SG_018905,0.19415386968669568
SG_018906,0.16635895422333868
SG_018907,0.18447742057336278
SG_018908,0.11605780750132534
SG_018915,0.2187416068973756
SG_018918,0.11976734295544417
SG_018920,0.17991451690311258
SG_018924,0.23998380396967278
SG_018928,0.18042773537208798
SG_018940,0.13629185513256062
SG_018941,0.1419455448968534
SG_018942,0.1309179385280071
SG_018965,0.22702069497012908
SG_018966,0.12488082643906233
SG_018968,0.1157738153537772
SG_018970,0.18753507497329375
SG_018972,0.11525358868520126
SG_018978,0.14032753492791702
SG_018981,0.13993649221820909
SG_018984,0.12301921116298936
SG_018990,0.17776121455830943
SG_019006,0.2134202598944066
SG_019012,0.17146680779085466
SG_019014,0.1767550618864221
SG_019015,0.24755476280485741
SG_019016,0.18174677732725147
SG_019018,0.22083260662007587
SG_019019,0.13906529782145055
SG_019023,0.19212431270567892
SG_019028,0.2660159980178442
SG_019030,0.13069809394466994
SG_019036,0.17009260731882594
SG_019038,0.12244098375463891
SG_019039,0.2711735575974479
SG_019041,0.18295217124752236
SG_019042,0.1246441704561792
SG_019044,0.26610839871066927
SG_019051,0.12821511906020266
SG_019053,0.17767878171509363
SG_019054,0.15467359514984252
SG_019058,0.23861452044410597
SG_019069,0.13753002479407617
SG_019071,0.1068417848030813
SG_019082,0.16403247124232156
SG_019083,0.15519117057564022
SG_019084,0.13372734637382458
SG_019087,0.10593130166986187
SG_019092,0.11638171563692433
SG_019098,0.19070867324557317
SG_019102,0.27878922494450536
SG_019105,0.1500595826505627
SG_019106,0.1561446685487852
SG_019109,0.1266206533930475
SG_019115,0.15840827895233614
SG_019117,0.1835087700795137
SG_019119,0.12707339375754254
SG_019120,0.18798804724023227
SG_019131,0.13688726175605406
SG_019142,0.3116099159530376
SG_019146,0.14917741066289997
SG_019147,0.18350439311566966
SG_019149,0.10815523443533148
SG_019150,0.1333874568607551
SG_019162,0.16575354586573904
SG_019167,0.14177832646126878
SG_019169,0.14209554464179622
SG_019171,0.09672115845049083
SG_019176,0.23363219225750062
SG_019184,0.11872147534548859
SG_019187,0.16303317948827858
SG_019190,0.12547406331806732
SG_019197,0.1383440763452783
SG_019198,0.13069890763780595
SG_019201,0.13637104139237724
SG_019203,0.20780913016892583
SG_019204,0.1753860186313282
SG_019208,0.140696322725324
SG_019209,0.14413232825061487
SG_019211,0.11004674907538671
SG_019212,0.23040776018207923
SG_019217,0.14845512428945631
SG_019221,0.14012443916541892
SG_019222,0.2440025494330506
SG_019223,0.1184679584936951
SG_019225,0.22067142372253307
SG_019237,0.22884439415667893
SG_019244,0.24727287294111905
SG_019245,0.1891602042887469
SG_019246,0.12203594283002026
SG_019247,0.1462661057981273
SG_019248,0.13623708959696945
SG_019249,0.1697902767839786
SG_019251,0.15342402198487134
SG_019253,0.1126055239751587
SG_019254,0.10816121790858621
SG_019255,0.19070962407738334
SG_019259,0.12687899787333667
SG_019265,0.13592764147313027
SG_019266,0.17201211588923182
SG_019267,0.23661024051658291
SG_019270,0.11915256736564464
SG_019271,0.12112719250454712
SG_019272,0.17444624968854922
SG_019273,0.12965860498196027
SG_019274,0.10053624452406379
SG_019275,0.1850413485464223
SG_019276,0.11143371894522
SG_019282,0.15266053535015192
SG_019286,0.20871945056547095
SG_019289,0.1653984810617405
SG_019295,0.26880322774998205
SG_019296,0.23749105614807867
SG_019298,0.10833952237427288
SG_019300,0.1383866952248803
SG_019302,0.22047315994930272
SG_019311,0.18031229455111158
SG_019314,0.14778453106363643
SG_019315,0.14807013386318113
SG_019316,0.19949158102166958
SG_019321,0.10761753238290825
SG_019325,0.22066124266591688
SG_019326,0.22918010115494203
SG_019328,0.11884292776284429
SG_019330,0.12109772498508808
SG_019333,0.1655759060712404
SG_019336,0.15777239614109553
SG_019339,0.17377441808526733
SG_019346,0.14401968742160376
SG_019352,0.23133262009684857
SG_019358,0.2050077643960129
SG_019362,0.24793684945090627
SG_019368,0.14148070828204712
SG_019371,0.16358509317644326
SG_019373,0.27204302980282086
SG_019374,0.23776292135317922
SG_019375,0.1661479183535281
SG_019376,0.258945923218538
SG_019386,0.16434294987381862
SG_019388,0.19692840233828332
SG_019394,0.2129232391677201
SG_019398,0.19502664705885905
SG_019408,0.20131451403616346
SG_019411,0.13952456498052399
SG_019419,0.2962160308080877
SG_019421,0.24417537580233845
SG_019425,0.13232151321717245
SG_019427,0.15517298347729522
SG_019428,0.19833263966712641
SG_019431,0.13476132076639002
SG_019432,0.11908837711730194
SG_019433,0.17350422430313742
SG_019436,0.2044055412273798
SG_019437,0.2323549569729939
SG_019440,0.1100018492686671
SG_019442,0.2149102690337122
SG_019446,0.12467061664236564
SG_019447,0.1317830138422223
SG_019449,0.15514270131230232
SG_019452,0.11578971034335629
SG_019455,0.1842549126791629
SG_019456,0.18109678696025916
SG_019458,0.21937028624502913
SG_019466,0.14992623494885582
SG_019468,0.28092488300661644
SG_019470,0.18477013054176547
SG_019471,0.16837627715305514
SG_019473,0.13232439182698266
SG_019478,0.1531971518100697
SG_019485,0.2896710587835451
SG_019488,0.18347631653008062
SG_019489,0.18006430603105367
SG_019491,0.17128946295778957
SG_019496,0.18042766562892776
SG_019498,0.13293448650134568
SG_019510,0.22139982713047646
SG_019516,0.11110964732557577
SG_019519,0.11729688142937207
SG_019523,0.15505892963699858
SG_019527,0.12947195099089945
SG_019530,0.16101833795516374
SG_019532,0.1474075717441739
SG_019534,0.14398239945491412
SG_019540,0.20930581387448235
SG_019541,0.15049767812990225
SG_019543,0.19415476062263662
SG_019553,0.12280437353047512
SG_019558,0.14780803267850257
SG_019562,0.11789451406457503
SG_019563,0.16138346524724664
SG_019564,0.20282296374735218
SG_019567,0.15004059168394063
SG_019570,0.2623069216760134
SG_019577,0.160581639228355
SG_019583,0.25001085266241163
SG_019585,0.18768078852849446
SG_019587,0.24653360971804494
SG_019588,0.12382031899015179
SG_019591,0.1305736011737813
SG_019593,0.1186120392932507
SG_019598,0.14359893193581982
SG_019599,0.1603624391932085
SG_019602,0.2685983192246559
SG_019609,0.17321488109064997
SG_019620,0.16243564542568512
SG_019621,0.11456444845091451
SG_019624,0.2551305777891563
SG_019625,0.20131377189515187
SG_019627,0.09263882647011148
SG_019635,0.10023169675545952
SG_019638,0.11781152115800107
SG_019639,0.10134912670921165
SG_019642,0.22894547603896986
SG_019645,0.1147908142145214
SG_019647,0.24584980712679236
SG_019648,0.11127353377866077
SG_019650,0.11358207731187472
SG_019652,0.16935183524077085
SG_019654,0.20502815573091956
SG_019657,0.20327864830157794
SG_019660,0.1279988727513402
SG_019661,0.1276408915872313
SG_019662,0.17984811780650053
SG_019665,0.17288428963704083
SG_019666,0.15353416957413596
SG_019667,0.16347230952729405
SG_019676,0.2126524363895576
SG_019679,0.2791140872203667
SG_019680,0.2747347495487582
SG_019683,0.16452898058852808
SG_019689,0.17389323473625942
SG_019690,0.15141044773983928
SG_019691,0.14565859995283276
SG_019695,0.16346544904615465
SG_019698,0.13090106879686272
SG_019710,0.15530471969742718
SG_019711,0.1779972452747038
SG_019716,0.11730914480077341
SG_019724,0.14862236327948788
SG_019727,0.255108281931572
SG_019728,0.13304242864156923
SG_019729,0.13677402620205853
SG_019733,0.302743890696881
SG_019738,0.1976241568817623
SG_019740,0.12112793671185525
SG_019746,0.1883235406323786
SG_019747,0.2337560932381192
SG_019750,0.11332144117937432
SG_019755,0.2587492289786671
SG_019756,0.1449663086102517
SG_019761,0.11702225483221457
SG_019764,0.1190613464294234
SG_019766,0.16397140811303038
SG_019767,0.15271608485146612
SG_019769,0.18306579903567816
SG_019779,0.12426127307691252
SG_019782,0.1427378070623286
SG_019783,0.19450791978395765
SG_019784,0.1287983078601911
SG_019791,0.13052973405910115
SG_019792,0.17020561986308969
SG_019793,0.22634317915397625
SG_019797,0.10427041286240518
SG_019800,0.19496439349865852
SG_019801,0.18449288654853382
SG_019802,0.13885713392469318
SG_019804,0.15205925887299188
SG_019807,0.2260086119740551
SG_019809,0.19980556785977968
SG_019811,0.14753695655676458
SG_019812,0.14603918692787207
SG_019819,0.12927587200238325
SG_019828,0.13882149595280185
SG_019830,0.18056357195346992
SG_019832,0.1185664410211734
SG_019835,0.14615608156941629
SG_019838,0.13310344023241305
SG_019839,0.12772789923054986
SG_019842,0.24192701190406815
SG_019846,0.18865169592867648
SG_019849,0.10702261456863234
SG_019851,0.25585895693292626
SG_019852,0.1134951289809469
SG_019853,0.16187842171828143
SG_019854,0.20549005142841728
SG_019857,0.24839752084232256
SG_019858,0.25538535162874565
SG_019859,0.2102858417419351
SG_019864,0.16783419112981904
SG_019865,0.203644724851549
SG_019868,0.18242676604091854
SG_019869,0.24447242673923486
SG_019873,0.11410052608860329
SG_019878,0.14833579565172955
SG_019883,0.2305803668432615
SG_019887,0.12178470944153343
SG_019888,0.13466028956258003
SG_019895,0.16273377809602202
SG_019900,0.1220427798170017
SG_019903,0.12233753526054597
SG_019906,0.249949367158636
SG_019909,0.13831526534596392
SG_019910,0.15571169559303694
SG_019913,0.26362009319136015
SG_019914,0.14854540363725527
SG_019921,0.14183567107389283
SG_019923,0.21117066835402268
SG_019928,0.31791748029372935
SG_019930,0.31019846745594143
SG_019933,0.1593988990323553
SG_019939,0.1378066565785953
SG_019941,0.21489589440885204
SG_019944,0.133019474987793
SG_019945,0.1686552781404944
SG_019947,0.1300952785141418
SG_019949,0.2052978105652035
SG_019950,0.15728594232545806
SG_019954,0.17067247450611284
SG_019955,0.2061401432693266
SG_019960,0.1207571893353379
SG_019961,0.25389430697931503
SG_019966,0.25297160130556184
SG_019968,0.22822318520382417
SG_019970,0.1518994873710508
SG_019973,0.11107944123218515
SG_019974,0.17142689483496887
SG_019976,0.180768751669559
SG_019978,0.14742679992578747
SG_019980,0.10608417265544219
SG_019981,0.12111223020015062
SG_019983,0.21431853380783647
SG_019984,0.2586522609874684
SG_019985,0.11994401430859701
SG_019989,0.13814780967634704
SG_019994,0.16062960029755644
SG_019998,0.11763980532312564
SG_019999,0.20312195632395477
SG_020000,0.13464749277974133
